0,0,0,0,0,-0,-0,-0,0,0,0,0,0,-0,-0,-0,0,0,0,0,0,-0,-0,-0,0,0,0,0,0,-0,-0,-0,0,0,0,0,0,-0,-0,-0,0,0,0,0,0,-0,-0,-0,0,0,0,0,0,-0,-0,-0,0,0,0,0,0,-0,-0,-0,0,0,0,0,0,-0,-0,-0,0,0,0,0,0,-0,-0,-0,0,0,0,0,0,-0,-0,-0,0,0,0,0,0,-0,-0,-0,0,0,0,0,0,-0,-0,-0,0,0,0,0,0,-0,-0,-0,0,0,0,0,0,-0,-0,-0,0,0,0,0,0,-0,-0,-0
0,0.00028969,0.00040968,0.00028969,5.0171e-20,-0.00028969,-0.00040968,-0.00028969,0,0.00028969,0.00040968,0.00028969,5.0171e-20,-0.00028969,-0.00040968,-0.00028969,0,0.00028969,0.00040968,0.00028969,5.0171e-20,-0.00028969,-0.00040968,-0.00028969,0,0.00028969,0.00040968,0.00028969,5.0171e-20,-0.00028969,-0.00040968,-0.00028969,0,0.00028969,0.00040968,0.00028969,5.0171e-20,-0.00028969,-0.00040968,-0.00028969,0,0.00028969,0.00040968,0.00028969,5.0171e-20,-0.00028969,-0.00040968,-0.00028969,0,0.00028969,0.00040968,0.00028969,5.0171e-20,-0.00028969,-0.00040968,-0.00028969,0,0.00028969,0.00040968,0.00028969,5.0171e-20,-0.00028969,-0.00040968,-0.00028969,0,0.00028969,0.00040968,0.00028969,5.0171e-20,-0.00028969,-0.00040968,-0.00028969,0,0.00028969,0.00040968,0.00028969,5.0171e-20,-0.00028969,-0.00040968,-0.00028969,0,0.00028969,0.00040968,0.00028969,5.0171e-20,-0.00028969,-0.00040968,-0.00028969,0,0.00028969,0.00040968,0.00028969,5.0171e-20,-0.00028969,-0.00040968,-0.00028969,0,0.00028969,0.00040968,0.00028969,5.0171e-20,-0.00028969,-0.00040968,-0.00028969,0,0.00028969,0.00040968,0.00028969,5.0171e-20,-0.00028969,-0.00040968,-0.00028969,0,0.00028969,0.00040968,0.00028969,5.0171e-20,-0.00028969,-0.00040968,-0.00028969,0,0.00028969,0.00040968,0.00028969,5.0171e-20,-0.00028969,-0.00040968,-0.00028969
0,0.00057937,0.00081935,0.00057937,1.0034e-19,-0.00057937,-0.00081935,-0.00057937,0,0.00057937,0.00081935,0.00057937,1.0034e-19,-0.00057937,-0.00081935,-0.00057937,0,0.00057937,0.00081935,0.00057937,1.0034e-19,-0.00057937,-0.00081935,-0.00057937,0,0.00057937,0.00081935,0.00057937,1.0034e-19,-0.00057937,-0.00081935,-0.00057937,0,0.00057937,0.00081935,0.00057937,1.0034e-19,-0.00057937,-0.00081935,-0.00057937,0,0.00057937,0.00081935,0.00057937,1.0034e-19,-0.00057937,-0.00081935,-0.00057937,0,0.00057937,0.00081935,0.00057937,1.0034e-19,-0.00057937,-0.00081935,-0.00057937,0,0.00057937,0.00081935,0.00057937,1.0034e-19,-0.00057937,-0.00081935,-0.00057937,0,0.00057937,0.00081935,0.00057937,1.0034e-19,-0.00057937,-0.00081935,-0.00057937,0,0.00057937,0.00081935,0.00057937,1.0034e-19,-0.00057937,-0.00081935,-0.00057937,0,0.00057937,0.00081935,0.00057937,1.0034e-19,-0.00057937,-0.00081935,-0.00057937,0,0.00057937,0.00081935,0.00057937,1.0034e-19,-0.00057937,-0.00081935,-0.00057937,0,0.00057937,0.00081935,0.00057937,1.0034e-19,-0.00057937,-0.00081935,-0.00057937,0,0.00057937,0.00081935,0.00057937,1.0034e-19,-0.00057937,-0.00081935,-0.00057937,0,0.00057937,0.00081935,0.00057937,1.0034e-19,-0.00057937,-0.00081935,-0.00057937,0,0.00057937,0.00081935,0.00057937,1.0034e-19,-0.00057937,-0.00081935,-0.00057937
0,0.00086906,0.001229,0.00086906,1.5051e-19,-0.00086906,-0.001229,-0.00086906,0,0.00086906,0.001229,0.00086906,1.5051e-19,-0.00086906,-0.001229,-0.00086906,0,0.00086906,0.001229,0.00086906,1.5051e-19,-0.00086906,-0.001229,-0.00086906,0,0.00086906,0.001229,0.00086906,1.5051e-19,-0.00086906,-0.001229,-0.00086906,0,0.00086906,0.001229,0.00086906,1.5051e-19,-0.00086906,-0.001229,-0.00086906,0,0.00086906,0.001229,0.00086906,1.5051e-19,-0.00086906,-0.001229,-0.00086906,0,0.00086906,0.001229,0.00086906,1.5051e-19,-0.00086906,-0.001229,-0.00086906,0,0.00086906,0.001229,0.00086906,1.5051e-19,-0.00086906,-0.001229,-0.00086906,0,0.00086906,0.001229,0.00086906,1.5051e-19,-0.00086906,-0.001229,-0.00086906,0,0.00086906,0.001229,0.00086906,1.5051e-19,-0.00086906,-0.001229,-0.00086906,0,0.00086906,0.001229,0.00086906,1.5051e-19,-0.00086906,-0.001229,-0.00086906,0,0.00086906,0.001229,0.00086906,1.5051e-19,-0.00086906,-0.001229,-0.00086906,0,0.00086906,0.001229,0.00086906,1.5051e-19,-0.00086906,-0.001229,-0.00086906,0,0.00086906,0.001229,0.00086906,1.5051e-19,-0.00086906,-0.001229,-0.00086906,0,0.00086906,0.001229,0.00086906,1.5051e-19,-0.00086906,-0.001229,-0.00086906,0,0.00086906,0.001229,0.00086906,1.5051e-19,-0.00086906,-0.001229,-0.00086906
0,0.0011587,0.0016387,0.0011587,2.0068e-19,-0.0011587,-0.0016387,-0.0011587,0,0.0011587,0.0016387,0.0011587,2.0068e-19,-0.0011587,-0.0016387,-0.0011587,0,0.0011587,0.0016387,0.0011587,2.0068e-19,-0.0011587,-0.0016387,-0.0011587,0,0.0011587,0.0016387,0.0011587,2.0068e-19,-0.0011587,-0.0016387,-0.0011587,0,0.0011587,0.0016387,0.0011587,2.0068e-19,-0.0011587,-0.0016387,-0.0011587,0,0.0011587,0.0016387,0.0011587,2.0068e-19,-0.0011587,-0.0016387,-0.0011587,0,0.0011587,0.0016387,0.0011587,2.0068e-19,-0.0011587,-0.0016387,-0.0011587,0,0.0011587,0.0016387,0.0011587,2.0068e-19,-0.0011587,-0.0016387,-0.0011587,0,0.0011587,0.0016387,0.0011587,2.0068e-19,-0.0011587,-0.0016387,-0.0011587,0,0.0011587,0.0016387,0.0011587,2.0068e-19,-0.0011587,-0.0016387,-0.0011587,0,0.0011587,0.0016387,0.0011587,2.0068e-19,-0.0011587,-0.0016387,-0.0011587,0,0.0011587,0.0016387,0.0011587,2.0068e-19,-0.0011587,-0.0016387,-0.0011587,0,0.0011587,0.0016387,0.0011587,2.0068e-19,-0.0011587,-0.0016387,-0.0011587,0,0.0011587,0.0016387,0.0011587,2.0068e-19,-0.0011587,-0.0016387,-0.0011587,0,0.0011587,0.0016387,0.0011587,2.0068e-19,-0.0011587,-0.0016387,-0.0011587,0,0.0011587,0.0016387,0.0011587,2.0068e-19,-0.0011587,-0.0016387,-0.0011587
0,0.0014484,0.0020484,0.0014484,2.5086e-19,-0.0014484,-0.0020484,-0.0014484,0,0.0014484,0.0020484,0.0014484,2.5086e-19,-0.0014484,-0.0020484,-0.0014484,0,0.0014484,0.0020484,0.0014484,2.5086e-19,-0.0014484,-0.0020484,-0.0014484,0,0.0014484,0.0020484,0.0014484,2.5086e-19,-0.0014484,-0.0020484,-0.0014484,0,0.0014484,0.0020484,0.0014484,2.5086e-19,-0.0014484,-0.0020484,-0.0014484,0,0.0014484,0.0020484,0.0014484,2.5086e-19,-0.0014484,-0.0020484,-0.0014484,0,0.0014484,0.0020484,0.0014484,2.5086e-19,-0.0014484,-0.0020484,-0.0014484,0,0.0014484,0.0020484,0.0014484,2.5086e-19,-0.0014484,-0.0020484,-0.0014484,0,0.0014484,0.0020484,0.0014484,2.5086e-19,-0.0014484,-0.0020484,-0.0014484,0,0.0014484,0.0020484,0.0014484,2.5086e-19,-0.0014484,-0.0020484,-0.0014484,0,0.0014484,0.0020484,0.0014484,2.5086e-19,-0.0014484,-0.0020484,-0.0014484,0,0.0014484,0.0020484,0.0014484,2.5086e-19,-0.0014484,-0.0020484,-0.0014484,0,0.0014484,0.0020484,0.0014484,2.5086e-19,-0.0014484,-0.0020484,-0.0014484,0,0.0014484,0.0020484,0.0014484,2.5086e-19,-0.0014484,-0.0020484,-0.0014484,0,0.0014484,0.0020484,0.0014484,2.5086e-19,-0.0014484,-0.0020484,-0.0014484,0,0.0014484,0.0020484,0.0014484,2.5086e-19,-0.0014484,-0.0020484,-0.0014484
0,0.0017381,0.0024581,0.0017381,3.0103e-19,-0.0017381,-0.0024581,-0.0017381,0,0.0017381,0.0024581,0.0017381,3.0103e-19,-0.0017381,-0.0024581,-0.0017381,0,0.0017381,0.0024581,0.0017381,3.0103e-19,-0.0017381,-0.0024581,-0.0017381,0,0.0017381,0.0024581,0.0017381,3.0103e-19,-0.0017381,-0.0024581,-0.0017381,0,0.0017381,0.0024581,0.0017381,3.0103e-19,-0.0017381,-0.0024581,-0.0017381,0,0.0017381,0.0024581,0.0017381,3.0103e-19,-0.0017381,-0.0024581,-0.0017381,0,0.0017381,0.0024581,0.0017381,3.0103e-19,-0.0017381,-0.0024581,-0.0017381,0,0.0017381,0.0024581,0.0017381,3.0103e-19,-0.0017381,-0.0024581,-0.0017381,0,0.0017381,0.0024581,0.0017381,3.0103e-19,-0.0017381,-0.0024581,-0.0017381,0,0.0017381,0.0024581,0.0017381,3.0103e-19,-0.0017381,-0.0024581,-0.0017381,0,0.0017381,0.0024581,0.0017381,3.0103e-19,-0.0017381,-0.0024581,-0.0017381,0,0.0017381,0.0024581,0.0017381,3.0103e-19,-0.0017381,-0.0024581,-0.0017381,0,0.0017381,0.0024581,0.0017381,3.0103e-19,-0.0017381,-0.0024581,-0.0017381,0,0.0017381,0.0024581,0.0017381,3.0103e-19,-0.0017381,-0.0024581,-0.0017381,0,0.0017381,0.0024581,0.0017381,3.0103e-19,-0.0017381,-0.0024581,-0.0017381,0,0.0017381,0.0024581,0.0017381,3.0103e-19,-0.0017381,-0.0024581,-0.0017381
0,0.0020278,0.0028677,0.0020278,3.512e-19,-0.0020278,-0.0028677,-0.0020278,0,0.0020278,0.0028677,0.0020278,3.512e-19,-0.0020278,-0.0028677,-0.0020278,0,0.0020278,0.0028677,0.0020278,3.512e-19,-0.0020278,-0.0028677,-0.0020278,0,0.0020278,0.0028677,0.0020278,3.512e-19,-0.0020278,-0.0028677,-0.0020278,0,0.0020278,0.0028677,0.0020278,3.512e-19,-0.0020278,-0.0028677,-0.0020278,0,0.0020278,0.0028677,0.0020278,3.512e-19,-0.0020278,-0.0028677,-0.0020278,0,0.0020278,0.0028677,0.0020278,3.512e-19,-0.0020278,-0.0028677,-0.0020278,0,0.0020278,0.0028677,0.0020278,3.512e-19,-0.0020278,-0.0028677,-0.0020278,0,0.0020278,0.0028677,0.0020278,3.512e-19,-0.0020278,-0.0028677,-0.0020278,0,0.0020278,0.0028677,0.0020278,3.512e-19,-0.0020278,-0.0028677,-0.0020278,0,0.0020278,0.0028677,0.0020278,3.512e-19,-0.0020278,-0.0028677,-0.0020278,0,0.0020278,0.0028677,0.0020278,3.512e-19,-0.0020278,-0.0028677,-0.0020278,0,0.0020278,0.0028677,0.0020278,3.512e-19,-0.0020278,-0.0028677,-0.0020278,0,0.0020278,0.0028677,0.0020278,3.512e-19,-0.0020278,-0.0028677,-0.0020278,0,0.0020278,0.0028677,0.0020278,3.512e-19,-0.0020278,-0.0028677,-0.0020278,0,0.0020278,0.0028677,0.0020278,3.512e-19,-0.0020278,-0.0028677,-0.0020278
0,0.0023175,0.0032774,0.0023175,4.0137e-19,-0.0023175,-0.0032774,-0.0023175,0,0.0023175,0.0032774,0.0023175,4.0137e-19,-0.0023175,-0.0032774,-0.0023175,0,0.0023175,0.0032774,0.0023175,4.0137e-19,-0.0023175,-0.0032774,-0.0023175,0,0.0023175,0.0032774,0.0023175,4.0137e-19,-0.0023175,-0.0032774,-0.0023175,0,0.0023175,0.0032774,0.0023175,4.0137e-19,-0.0023175,-0.0032774,-0.0023175,0,0.0023175,0.0032774,0.0023175,4.0137e-19,-0.0023175,-0.0032774,-0.0023175,0,0.0023175,0.0032774,0.0023175,4.0137e-19,-0.0023175,-0.0032774,-0.0023175,0,0.0023175,0.0032774,0.0023175,4.0137e-19,-0.0023175,-0.0032774,-0.0023175,0,0.0023175,0.0032774,0.0023175,4.0137e-19,-0.0023175,-0.0032774,-0.0023175,0,0.0023175,0.0032774,0.0023175,4.0137e-19,-0.0023175,-0.0032774,-0.0023175,0,0.0023175,0.0032774,0.0023175,4.0137e-19,-0.0023175,-0.0032774,-0.0023175,0,0.0023175,0.0032774,0.0023175,4.0137e-19,-0.0023175,-0.0032774,-0.0023175,0,0.0023175,0.0032774,0.0023175,4.0137e-19,-0.0023175,-0.0032774,-0.0023175,0,0.0023175,0.0032774,0.0023175,4.0137e-19,-0.0023175,-0.0032774,-0.0023175,0,0.0023175,0.0032774,0.0023175,4.0137e-19,-0.0023175,-0.0032774,-0.0023175,0,0.0023175,0.0032774,0.0023175,4.0137e-19,-0.0023175,-0.0032774,-0.0023175
0,0.0026072,0.0036871,0.0026072,4.5154e-19,-0.0026072,-0.0036871,-0.0026072,0,0.0026072,0.0036871,0.0026072,4.5154e-19,-0.0026072,-0.0036871,-0.0026072,0,0.0026072,0.0036871,0.0026072,4.5154e-19,-0.0026072,-0.0036871,-0.0026072,0,0.0026072,0.0036871,0.0026072,4.5154e-19,-0.0026072,-0.0036871,-0.0026072,0,0.0026072,0.0036871,0.0026072,4.5154e-19,-0.0026072,-0.0036871,-0.0026072,0,0.0026072,0.0036871,0.0026072,4.5154e-19,-0.0026072,-0.0036871,-0.0026072,0,0.0026072,0.0036871,0.0026072,4.5154e-19,-0.0026072,-0.0036871,-0.0026072,0,0.0026072,0.0036871,0.0026072,4.5154e-19,-0.0026072,-0.0036871,-0.0026072,0,0.0026072,0.0036871,0.0026072,4.5154e-19,-0.0026072,-0.0036871,-0.0026072,0,0.0026072,0.0036871,0.0026072,4.5154e-19,-0.0026072,-0.0036871,-0.0026072,0,0.0026072,0.0036871,0.0026072,4.5154e-19,-0.0026072,-0.0036871,-0.0026072,0,0.0026072,0.0036871,0.0026072,4.5154e-19,-0.0026072,-0.0036871,-0.0026072,0,0.0026072,0.0036871,0.0026072,4.5154e-19,-0.0026072,-0.0036871,-0.0026072,0,0.0026072,0.0036871,0.0026072,4.5154e-19,-0.0026072,-0.0036871,-0.0026072,0,0.0026072,0.0036871,0.0026072,4.5154e-19,-0.0026072,-0.0036871,-0.0026072,0,0.0026072,0.0036871,0.0026072,4.5154e-19,-0.0026072,-0.0036871,-0.0026072
0,0.0028969,0.0040968,0.0028969,5.0171e-19,-0.0028969,-0.0040968,-0.0028969,0,0.0028969,0.0040968,0.0028969,5.0171e-19,-0.0028969,-0.0040968,-0.0028969,0,0.0028969,0.0040968,0.0028969,5.0171e-19,-0.0028969,-0.0040968,-0.0028969,0,0.0028969,0.0040968,0.0028969,5.0171e-19,-0.0028969,-0.0040968,-0.0028969,0,0.0028969,0.0040968,0.0028969,5.0171e-19,-0.0028969,-0.0040968,-0.0028969,0,0.0028969,0.0040968,0.0028969,5.0171e-19,-0.0028969,-0.0040968,-0.0028969,0,0.0028969,0.0040968,0.0028969,5.0171e-19,-0.0028969,-0.0040968,-0.0028969,0,0.0028969,0.0040968,0.0028969,5.0171e-19,-0.0028969,-0.0040968,-0.0028969,0,0.0028969,0.0040968,0.0028969,5.0171e-19,-0.0028969,-0.0040968,-0.0028969,0,0.0028969,0.0040968,0.0028969,5.0171e-19,-0.0028969,-0.0040968,-0.0028969,0,0.0028969,0.0040968,0.0028969,5.0171e-19,-0.0028969,-0.0040968,-0.0028969,0,0.0028969,0.0040968,0.0028969,5.0171e-19,-0.0028969,-0.0040968,-0.0028969,0,0.0028969,0.0040968,0.0028969,5.0171e-19,-0.0028969,-0.0040968,-0.0028969,0,0.0028969,0.0040968,0.0028969,5.0171e-19,-0.0028969,-0.0040968,-0.0028969,0,0.0028969,0.0040968,0.0028969,5.0171e-19,-0.0028969,-0.0040968,-0.0028969,0,0.0028969,0.0040968,0.0028969,5.0171e-19,-0.0028969,-0.0040968,-0.0028969
0,0.0031865,0.0045065,0.0031865,5.5188e-19,-0.0031865,-0.0045065,-0.0031865,0,0.0031865,0.0045065,0.0031865,5.5188e-19,-0.0031865,-0.0045065,-0.0031865,0,0.0031865,0.0045065,0.0031865,5.5188e-19,-0.0031865,-0.0045065,-0.0031865,0,0.0031865,0.0045065,0.0031865,5.5188e-19,-0.0031865,-0.0045065,-0.0031865,0,0.0031865,0.0045065,0.0031865,5.5188e-19,-0.0031865,-0.0045065,-0.0031865,0,0.0031865,0.0045065,0.0031865,5.5188e-19,-0.0031865,-0.0045065,-0.0031865,0,0.0031865,0.0045065,0.0031865,5.5188e-19,-0.0031865,-0.0045065,-0.0031865,0,0.0031865,0.0045065,0.0031865,5.5188e-19,-0.0031865,-0.0045065,-0.0031865,0,0.0031865,0.0045065,0.0031865,5.5188e-19,-0.0031865,-0.0045065,-0.0031865,0,0.0031865,0.0045065,0.0031865,5.5188e-19,-0.0031865,-0.0045065,-0.0031865,0,0.0031865,0.0045065,0.0031865,5.5188e-19,-0.0031865,-0.0045065,-0.0031865,0,0.0031865,0.0045065,0.0031865,5.5188e-19,-0.0031865,-0.0045065,-0.0031865,0,0.0031865,0.0045065,0.0031865,5.5188e-19,-0.0031865,-0.0045065,-0.0031865,0,0.0031865,0.0045065,0.0031865,5.5188e-19,-0.0031865,-0.0045065,-0.0031865,0,0.0031865,0.0045065,0.0031865,5.5188e-19,-0.0031865,-0.0045065,-0.0031865,0,0.0031865,0.0045065,0.0031865,5.5188e-19,-0.0031865,-0.0045065,-0.0031865
0,0.0034762,0.0049161,0.0034762,6.0205e-19,-0.0034762,-0.0049161,-0.0034762,0,0.0034762,0.0049161,0.0034762,6.0205e-19,-0.0034762,-0.0049161,-0.0034762,0,0.0034762,0.0049161,0.0034762,6.0205e-19,-0.0034762,-0.0049161,-0.0034762,0,0.0034762,0.0049161,0.0034762,6.0205e-19,-0.0034762,-0.0049161,-0.0034762,0,0.0034762,0.0049161,0.0034762,6.0205e-19,-0.0034762,-0.0049161,-0.0034762,0,0.0034762,0.0049161,0.0034762,6.0205e-19,-0.0034762,-0.0049161,-0.0034762,0,0.0034762,0.0049161,0.0034762,6.0205e-19,-0.0034762,-0.0049161,-0.0034762,0,0.0034762,0.0049161,0.0034762,6.0205e-19,-0.0034762,-0.0049161,-0.0034762,0,0.0034762,0.0049161,0.0034762,6.0205e-19,-0.0034762,-0.0049161,-0.0034762,0,0.0034762,0.0049161,0.0034762,6.0205e-19,-0.0034762,-0.0049161,-0.0034762,0,0.0034762,0.0049161,0.0034762,6.0205e-19,-0.0034762,-0.0049161,-0.0034762,0,0.0034762,0.0049161,0.0034762,6.0205e-19,-0.0034762,-0.0049161,-0.0034762,0,0.0034762,0.0049161,0.0034762,6.0205e-19,-0.0034762,-0.0049161,-0.0034762,0,0.0034762,0.0049161,0.0034762,6.0205e-19,-0.0034762,-0.0049161,-0.0034762,0,0.0034762,0.0049161,0.0034762,6.0205e-19,-0.0034762,-0.0049161,-0.0034762,0,0.0034762,0.0049161,0.0034762,6.0205e-19,-0.0034762,-0.0049161,-0.0034762
0,0.0037659,0.0053258,0.0037659,6.5222e-19,-0.0037659,-0.0053258,-0.0037659,0,0.0037659,0.0053258,0.0037659,6.5222e-19,-0.0037659,-0.0053258,-0.0037659,0,0.0037659,0.0053258,0.0037659,6.5222e-19,-0.0037659,-0.0053258,-0.0037659,0,0.0037659,0.0053258,0.0037659,6.5222e-19,-0.0037659,-0.0053258,-0.0037659,0,0.0037659,0.0053258,0.0037659,6.5222e-19,-0.0037659,-0.0053258,-0.0037659,0,0.0037659,0.0053258,0.0037659,6.5222e-19,-0.0037659,-0.0053258,-0.0037659,0,0.0037659,0.0053258,0.0037659,6.5222e-19,-0.0037659,-0.0053258,-0.0037659,0,0.0037659,0.0053258,0.0037659,6.5222e-19,-0.0037659,-0.0053258,-0.0037659,0,0.0037659,0.0053258,0.0037659,6.5222e-19,-0.0037659,-0.0053258,-0.0037659,0,0.0037659,0.0053258,0.0037659,6.5222e-19,-0.0037659,-0.0053258,-0.0037659,0,0.0037659,0.0053258,0.0037659,6.5222e-19,-0.0037659,-0.0053258,-0.0037659,0,0.0037659,0.0053258,0.0037659,6.5222e-19,-0.0037659,-0.0053258,-0.0037659,0,0.0037659,0.0053258,0.0037659,6.5222e-19,-0.0037659,-0.0053258,-0.0037659,0,0.0037659,0.0053258,0.0037659,6.5222e-19,-0.0037659,-0.0053258,-0.0037659,0,0.0037659,0.0053258,0.0037659,6.5222e-19,-0.0037659,-0.0053258,-0.0037659,0,0.0037659,0.0053258,0.0037659,6.5222e-19,-0.0037659,-0.0053258,-0.0037659
0,0.0040556,0.0057355,0.0040556,7.0239e-19,-0.0040556,-0.0057355,-0.0040556,0,0.0040556,0.0057355,0.0040556,7.0239e-19,-0.0040556,-0.0057355,-0.0040556,0,0.0040556,0.0057355,0.0040556,7.0239e-19,-0.0040556,-0.0057355,-0.0040556,0,0.0040556,0.0057355,0.0040556,7.0239e-19,-0.0040556,-0.0057355,-0.0040556,0,0.0040556,0.0057355,0.0040556,7.0239e-19,-0.0040556,-0.0057355,-0.0040556,0,0.0040556,0.0057355,0.0040556,7.0239e-19,-0.0040556,-0.0057355,-0.0040556,0,0.0040556,0.0057355,0.0040556,7.0239e-19,-0.0040556,-0.0057355,-0.0040556,0,0.0040556,0.0057355,0.0040556,7.0239e-19,-0.0040556,-0.0057355,-0.0040556,0,0.0040556,0.0057355,0.0040556,7.0239e-19,-0.0040556,-0.0057355,-0.0040556,0,0.0040556,0.0057355,0.0040556,7.0239e-19,-0.0040556,-0.0057355,-0.0040556,0,0.0040556,0.0057355,0.0040556,7.0239e-19,-0.0040556,-0.0057355,-0.0040556,0,0.0040556,0.0057355,0.0040556,7.0239e-19,-0.0040556,-0.0057355,-0.0040556,0,0.0040556,0.0057355,0.0040556,7.0239e-19,-0.0040556,-0.0057355,-0.0040556,0,0.0040556,0.0057355,0.0040556,7.0239e-19,-0.0040556,-0.0057355,-0.0040556,0,0.0040556,0.0057355,0.0040556,7.0239e-19,-0.0040556,-0.0057355,-0.0040556,0,0.0040556,0.0057355,0.0040556,7.0239e-19,-0.0040556,-0.0057355,-0.0040556
0,0.0043453,0.0061452,0.0043453,7.5257e-19,-0.0043453,-0.0061452,-0.0043453,0,0.0043453,0.0061452,0.0043453,7.5257e-19,-0.0043453,-0.0061452,-0.0043453,0,0.0043453,0.0061452,0.0043453,7.5257e-19,-0.0043453,-0.0061452,-0.0043453,0,0.0043453,0.0061452,0.0043453,7.5257e-19,-0.0043453,-0.0061452,-0.0043453,0,0.0043453,0.0061452,0.0043453,7.5257e-19,-0.0043453,-0.0061452,-0.0043453,0,0.0043453,0.0061452,0.0043453,7.5257e-19,-0.0043453,-0.0061452,-0.0043453,0,0.0043453,0.0061452,0.0043453,7.5257e-19,-0.0043453,-0.0061452,-0.0043453,0,0.0043453,0.0061452,0.0043453,7.5257e-19,-0.0043453,-0.0061452,-0.0043453,0,0.0043453,0.0061452,0.0043453,7.5257e-19,-0.0043453,-0.0061452,-0.0043453,0,0.0043453,0.0061452,0.0043453,7.5257e-19,-0.0043453,-0.0061452,-0.0043453,0,0.0043453,0.0061452,0.0043453,7.5257e-19,-0.0043453,-0.0061452,-0.0043453,0,0.0043453,0.0061452,0.0043453,7.5257e-19,-0.0043453,-0.0061452,-0.0043453,0,0.0043453,0.0061452,0.0043453,7.5257e-19,-0.0043453,-0.0061452,-0.0043453,0,0.0043453,0.0061452,0.0043453,7.5257e-19,-0.0043453,-0.0061452,-0.0043453,0,0.0043453,0.0061452,0.0043453,7.5257e-19,-0.0043453,-0.0061452,-0.0043453,0,0.0043453,0.0061452,0.0043453,7.5257e-19,-0.0043453,-0.0061452,-0.0043453
0,0.004635,0.0065548,0.004635,8.0274e-19,-0.004635,-0.0065548,-0.004635,0,0.004635,0.0065548,0.004635,8.0274e-19,-0.004635,-0.0065548,-0.004635,0,0.004635,0.0065548,0.004635,8.0274e-19,-0.004635,-0.0065548,-0.004635,0,0.004635,0.0065548,0.004635,8.0274e-19,-0.004635,-0.0065548,-0.004635,0,0.004635,0.0065548,0.004635,8.0274e-19,-0.004635,-0.0065548,-0.004635,0,0.004635,0.0065548,0.004635,8.0274e-19,-0.004635,-0.0065548,-0.004635,0,0.004635,0.0065548,0.004635,8.0274e-19,-0.004635,-0.0065548,-0.004635,0,0.004635,0.0065548,0.004635,8.0274e-19,-0.004635,-0.0065548,-0.004635,0,0.004635,0.0065548,0.004635,8.0274e-19,-0.004635,-0.0065548,-0.004635,0,0.004635,0.0065548,0.004635,8.0274e-19,-0.004635,-0.0065548,-0.004635,0,0.004635,0.0065548,0.004635,8.0274e-19,-0.004635,-0.0065548,-0.004635,0,0.004635,0.0065548,0.004635,8.0274e-19,-0.004635,-0.0065548,-0.004635,0,0.004635,0.0065548,0.004635,8.0274e-19,-0.004635,-0.0065548,-0.004635,0,0.004635,0.0065548,0.004635,8.0274e-19,-0.004635,-0.0065548,-0.004635,0,0.004635,0.0065548,0.004635,8.0274e-19,-0.004635,-0.0065548,-0.004635,0,0.004635,0.0065548,0.004635,8.0274e-19,-0.004635,-0.0065548,-0.004635
0,0.0049247,0.0069645,0.0049247,8.5291e-19,-0.0049247,-0.0069645,-0.0049247,0,0.0049247,0.0069645,0.0049247,8.5291e-19,-0.0049247,-0.0069645,-0.0049247,0,0.0049247,0.0069645,0.0049247,8.5291e-19,-0.0049247,-0.0069645,-0.0049247,0,0.0049247,0.0069645,0.0049247,8.5291e-19,-0.0049247,-0.0069645,-0.0049247,0,0.0049247,0.0069645,0.0049247,8.5291e-19,-0.0049247,-0.0069645,-0.0049247,0,0.0049247,0.0069645,0.0049247,8.5291e-19,-0.0049247,-0.0069645,-0.0049247,0,0.0049247,0.0069645,0.0049247,8.5291e-19,-0.0049247,-0.0069645,-0.0049247,0,0.0049247,0.0069645,0.0049247,8.5291e-19,-0.0049247,-0.0069645,-0.0049247,0,0.0049247,0.0069645,0.0049247,8.5291e-19,-0.0049247,-0.0069645,-0.0049247,0,0.0049247,0.0069645,0.0049247,8.5291e-19,-0.0049247,-0.0069645,-0.0049247,0,0.0049247,0.0069645,0.0049247,8.5291e-19,-0.0049247,-0.0069645,-0.0049247,0,0.0049247,0.0069645,0.0049247,8.5291e-19,-0.0049247,-0.0069645,-0.0049247,0,0.0049247,0.0069645,0.0049247,8.5291e-19,-0.0049247,-0.0069645,-0.0049247,0,0.0049247,0.0069645,0.0049247,8.5291e-19,-0.0049247,-0.0069645,-0.0049247,0,0.0049247,0.0069645,0.0049247,8.5291e-19,-0.0049247,-0.0069645,-0.0049247,0,0.0049247,0.0069645,0.0049247,8.5291e-19,-0.0049247,-0.0069645,-0.0049247
0,0.0052143,0.0073742,0.0052143,9.0308e-19,-0.0052143,-0.0073742,-0.0052143,0,0.0052143,0.0073742,0.0052143,9.0308e-19,-0.0052143,-0.0073742,-0.0052143,0,0.0052143,0.0073742,0.0052143,9.0308e-19,-0.0052143,-0.0073742,-0.0052143,0,0.0052143,0.0073742,0.0052143,9.0308e-19,-0.0052143,-0.0073742,-0.0052143,0,0.0052143,0.0073742,0.0052143,9.0308e-19,-0.0052143,-0.0073742,-0.0052143,0,0.0052143,0.0073742,0.0052143,9.0308e-19,-0.0052143,-0.0073742,-0.0052143,0,0.0052143,0.0073742,0.0052143,9.0308e-19,-0.0052143,-0.0073742,-0.0052143,0,0.0052143,0.0073742,0.0052143,9.0308e-19,-0.0052143,-0.0073742,-0.0052143,0,0.0052143,0.0073742,0.0052143,9.0308e-19,-0.0052143,-0.0073742,-0.0052143,0,0.0052143,0.0073742,0.0052143,9.0308e-19,-0.0052143,-0.0073742,-0.0052143,0,0.0052143,0.0073742,0.0052143,9.0308e-19,-0.0052143,-0.0073742,-0.0052143,0,0.0052143,0.0073742,0.0052143,9.0308e-19,-0.0052143,-0.0073742,-0.0052143,0,0.0052143,0.0073742,0.0052143,9.0308e-19,-0.0052143,-0.0073742,-0.0052143,0,0.0052143,0.0073742,0.0052143,9.0308e-19,-0.0052143,-0.0073742,-0.0052143,0,0.0052143,0.0073742,0.0052143,9.0308e-19,-0.0052143,-0.0073742,-0.0052143,0,0.0052143,0.0073742,0.0052143,9.0308e-19,-0.0052143,-0.0073742,-0.0052143
0,0.005504,0.0077839,0.005504,9.5325e-19,-0.005504,-0.0077839,-0.005504,0,0.005504,0.0077839,0.005504,9.5325e-19,-0.005504,-0.0077839,-0.005504,0,0.005504,0.0077839,0.005504,9.5325e-19,-0.005504,-0.0077839,-0.005504,0,0.005504,0.0077839,0.005504,9.5325e-19,-0.005504,-0.0077839,-0.005504,0,0.005504,0.0077839,0.005504,9.5325e-19,-0.005504,-0.0077839,-0.005504,0,0.005504,0.0077839,0.005504,9.5325e-19,-0.005504,-0.0077839,-0.005504,0,0.005504,0.0077839,0.005504,9.5325e-19,-0.005504,-0.0077839,-0.005504,0,0.005504,0.0077839,0.005504,9.5325e-19,-0.005504,-0.0077839,-0.005504,0,0.005504,0.0077839,0.005504,9.5325e-19,-0.005504,-0.0077839,-0.005504,0,0.005504,0.0077839,0.005504,9.5325e-19,-0.005504,-0.0077839,-0.005504,0,0.005504,0.0077839,0.005504,9.5325e-19,-0.005504,-0.0077839,-0.005504,0,0.005504,0.0077839,0.005504,9.5325e-19,-0.005504,-0.0077839,-0.005504,0,0.005504,0.0077839,0.005504,9.5325e-19,-0.005504,-0.0077839,-0.005504,0,0.005504,0.0077839,0.005504,9.5325e-19,-0.005504,-0.0077839,-0.005504,0,0.005504,0.0077839,0.005504,9.5325e-19,-0.005504,-0.0077839,-0.005504,0,0.005504,0.0077839,0.005504,9.5325e-19,-0.005504,-0.0077839,-0.005504
0,0.0057937,0.0081935,0.0057937,1.0034e-18,-0.0057937,-0.0081935,-0.0057937,0,0.0057937,0.0081935,0.0057937,1.0034e-18,-0.0057937,-0.0081935,-0.0057937,0,0.0057937,0.0081935,0.0057937,1.0034e-18,-0.0057937,-0.0081935,-0.0057937,0,0.0057937,0.0081935,0.0057937,1.0034e-18,-0.0057937,-0.0081935,-0.0057937,0,0.0057937,0.0081935,0.0057937,1.0034e-18,-0.0057937,-0.0081935,-0.0057937,0,0.0057937,0.0081935,0.0057937,1.0034e-18,-0.0057937,-0.0081935,-0.0057937,0,0.0057937,0.0081935,0.0057937,1.0034e-18,-0.0057937,-0.0081935,-0.0057937,0,0.0057937,0.0081935,0.0057937,1.0034e-18,-0.0057937,-0.0081935,-0.0057937,0,0.0057937,0.0081935,0.0057937,1.0034e-18,-0.0057937,-0.0081935,-0.0057937,0,0.0057937,0.0081935,0.0057937,1.0034e-18,-0.0057937,-0.0081935,-0.0057937,0,0.0057937,0.0081935,0.0057937,1.0034e-18,-0.0057937,-0.0081935,-0.0057937,0,0.0057937,0.0081935,0.0057937,1.0034e-18,-0.0057937,-0.0081935,-0.0057937,0,0.0057937,0.0081935,0.0057937,1.0034e-18,-0.0057937,-0.0081935,-0.0057937,0,0.0057937,0.0081935,0.0057937,1.0034e-18,-0.0057937,-0.0081935,-0.0057937,0,0.0057937,0.0081935,0.0057937,1.0034e-18,-0.0057937,-0.0081935,-0.0057937,0,0.0057937,0.0081935,0.0057937,1.0034e-18,-0.0057937,-0.0081935,-0.0057937
0,0.0060834,0.0086032,0.0060834,1.0536e-18,-0.0060834,-0.0086032,-0.0060834,0,0.0060834,0.0086032,0.0060834,1.0536e-18,-0.0060834,-0.0086032,-0.0060834,0,0.0060834,0.0086032,0.0060834,1.0536e-18,-0.0060834,-0.0086032,-0.0060834,0,0.0060834,0.0086032,0.0060834,1.0536e-18,-0.0060834,-0.0086032,-0.0060834,0,0.0060834,0.0086032,0.0060834,1.0536e-18,-0.0060834,-0.0086032,-0.0060834,0,0.0060834,0.0086032,0.0060834,1.0536e-18,-0.0060834,-0.0086032,-0.0060834,0,0.0060834,0.0086032,0.0060834,1.0536e-18,-0.0060834,-0.0086032,-0.0060834,0,0.0060834,0.0086032,0.0060834,1.0536e-18,-0.0060834,-0.0086032,-0.0060834,0,0.0060834,0.0086032,0.0060834,1.0536e-18,-0.0060834,-0.0086032,-0.0060834,0,0.0060834,0.0086032,0.0060834,1.0536e-18,-0.0060834,-0.0086032,-0.0060834,0,0.0060834,0.0086032,0.0060834,1.0536e-18,-0.0060834,-0.0086032,-0.0060834,0,0.0060834,0.0086032,0.0060834,1.0536e-18,-0.0060834,-0.0086032,-0.0060834,0,0.0060834,0.0086032,0.0060834,1.0536e-18,-0.0060834,-0.0086032,-0.0060834,0,0.0060834,0.0086032,0.0060834,1.0536e-18,-0.0060834,-0.0086032,-0.0060834,0,0.0060834,0.0086032,0.0060834,1.0536e-18,-0.0060834,-0.0086032,-0.0060834,0,0.0060834,0.0086032,0.0060834,1.0536e-18,-0.0060834,-0.0086032,-0.0060834
0,0.0063731,0.0090129,0.0063731,1.1038e-18,-0.0063731,-0.0090129,-0.0063731,0,0.0063731,0.0090129,0.0063731,1.1038e-18,-0.0063731,-0.0090129,-0.0063731,0,0.0063731,0.0090129,0.0063731,1.1038e-18,-0.0063731,-0.0090129,-0.0063731,0,0.0063731,0.0090129,0.0063731,1.1038e-18,-0.0063731,-0.0090129,-0.0063731,0,0.0063731,0.0090129,0.0063731,1.1038e-18,-0.0063731,-0.0090129,-0.0063731,0,0.0063731,0.0090129,0.0063731,1.1038e-18,-0.0063731,-0.0090129,-0.0063731,0,0.0063731,0.0090129,0.0063731,1.1038e-18,-0.0063731,-0.0090129,-0.0063731,0,0.0063731,0.0090129,0.0063731,1.1038e-18,-0.0063731,-0.0090129,-0.0063731,0,0.0063731,0.0090129,0.0063731,1.1038e-18,-0.0063731,-0.0090129,-0.0063731,0,0.0063731,0.0090129,0.0063731,1.1038e-18,-0.0063731,-0.0090129,-0.0063731,0,0.0063731,0.0090129,0.0063731,1.1038e-18,-0.0063731,-0.0090129,-0.0063731,0,0.0063731,0.0090129,0.0063731,1.1038e-18,-0.0063731,-0.0090129,-0.0063731,0,0.0063731,0.0090129,0.0063731,1.1038e-18,-0.0063731,-0.0090129,-0.0063731,0,0.0063731,0.0090129,0.0063731,1.1038e-18,-0.0063731,-0.0090129,-0.0063731,0,0.0063731,0.0090129,0.0063731,1.1038e-18,-0.0063731,-0.0090129,-0.0063731,0,0.0063731,0.0090129,0.0063731,1.1038e-18,-0.0063731,-0.0090129,-0.0063731
0,0.0066628,0.0094226,0.0066628,1.1539e-18,-0.0066628,-0.0094226,-0.0066628,0,0.0066628,0.0094226,0.0066628,1.1539e-18,-0.0066628,-0.0094226,-0.0066628,0,0.0066628,0.0094226,0.0066628,1.1539e-18,-0.0066628,-0.0094226,-0.0066628,0,0.0066628,0.0094226,0.0066628,1.1539e-18,-0.0066628,-0.0094226,-0.0066628,0,0.0066628,0.0094226,0.0066628,1.1539e-18,-0.0066628,-0.0094226,-0.0066628,0,0.0066628,0.0094226,0.0066628,1.1539e-18,-0.0066628,-0.0094226,-0.0066628,0,0.0066628,0.0094226,0.0066628,1.1539e-18,-0.0066628,-0.0094226,-0.0066628,0,0.0066628,0.0094226,0.0066628,1.1539e-18,-0.0066628,-0.0094226,-0.0066628,0,0.0066628,0.0094226,0.0066628,1.1539e-18,-0.0066628,-0.0094226,-0.0066628,0,0.0066628,0.0094226,0.0066628,1.1539e-18,-0.0066628,-0.0094226,-0.0066628,0,0.0066628,0.0094226,0.0066628,1.1539e-18,-0.0066628,-0.0094226,-0.0066628,0,0.0066628,0.0094226,0.0066628,1.1539e-18,-0.0066628,-0.0094226,-0.0066628,0,0.0066628,0.0094226,0.0066628,1.1539e-18,-0.0066628,-0.0094226,-0.0066628,0,0.0066628,0.0094226,0.0066628,1.1539e-18,-0.0066628,-0.0094226,-0.0066628,0,0.0066628,0.0094226,0.0066628,1.1539e-18,-0.0066628,-0.0094226,-0.0066628,0,0.0066628,0.0094226,0.0066628,1.1539e-18,-0.0066628,-0.0094226,-0.0066628
0,0.0069525,0.0098323,0.0069525,1.2041e-18,-0.0069525,-0.0098323,-0.0069525,0,0.0069525,0.0098323,0.0069525,1.2041e-18,-0.0069525,-0.0098323,-0.0069525,0,0.0069525,0.0098323,0.0069525,1.2041e-18,-0.0069525,-0.0098323,-0.0069525,0,0.0069525,0.0098323,0.0069525,1.2041e-18,-0.0069525,-0.0098323,-0.0069525,0,0.0069525,0.0098323,0.0069525,1.2041e-18,-0.0069525,-0.0098323,-0.0069525,0,0.0069525,0.0098323,0.0069525,1.2041e-18,-0.0069525,-0.0098323,-0.0069525,0,0.0069525,0.0098323,0.0069525,1.2041e-18,-0.0069525,-0.0098323,-0.0069525,0,0.0069525,0.0098323,0.0069525,1.2041e-18,-0.0069525,-0.0098323,-0.0069525,0,0.0069525,0.0098323,0.0069525,1.2041e-18,-0.0069525,-0.0098323,-0.0069525,0,0.0069525,0.0098323,0.0069525,1.2041e-18,-0.0069525,-0.0098323,-0.0069525,0,0.0069525,0.0098323,0.0069525,1.2041e-18,-0.0069525,-0.0098323,-0.0069525,0,0.0069525,0.0098323,0.0069525,1.2041e-18,-0.0069525,-0.0098323,-0.0069525,0,0.0069525,0.0098323,0.0069525,1.2041e-18,-0.0069525,-0.0098323,-0.0069525,0,0.0069525,0.0098323,0.0069525,1.2041e-18,-0.0069525,-0.0098323,-0.0069525,0,0.0069525,0.0098323,0.0069525,1.2041e-18,-0.0069525,-0.0098323,-0.0069525,0,0.0069525,0.0098323,0.0069525,1.2041e-18,-0.0069525,-0.0098323,-0.0069525
0,0.0072421,0.010242,0.0072421,1.2543e-18,-0.0072421,-0.010242,-0.0072421,0,0.0072421,0.010242,0.0072421,1.2543e-18,-0.0072421,-0.010242,-0.0072421,0,0.0072421,0.010242,0.0072421,1.2543e-18,-0.0072421,-0.010242,-0.0072421,0,0.0072421,0.010242,0.0072421,1.2543e-18,-0.0072421,-0.010242,-0.0072421,0,0.0072421,0.010242,0.0072421,1.2543e-18,-0.0072421,-0.010242,-0.0072421,0,0.0072421,0.010242,0.0072421,1.2543e-18,-0.0072421,-0.010242,-0.0072421,0,0.0072421,0.010242,0.0072421,1.2543e-18,-0.0072421,-0.010242,-0.0072421,0,0.0072421,0.010242,0.0072421,1.2543e-18,-0.0072421,-0.010242,-0.0072421,0,0.0072421,0.010242,0.0072421,1.2543e-18,-0.0072421,-0.010242,-0.0072421,0,0.0072421,0.010242,0.0072421,1.2543e-18,-0.0072421,-0.010242,-0.0072421,0,0.0072421,0.010242,0.0072421,1.2543e-18,-0.0072421,-0.010242,-0.0072421,0,0.0072421,0.010242,0.0072421,1.2543e-18,-0.0072421,-0.010242,-0.0072421,0,0.0072421,0.010242,0.0072421,1.2543e-18,-0.0072421,-0.010242,-0.0072421,0,0.0072421,0.010242,0.0072421,1.2543e-18,-0.0072421,-0.010242,-0.0072421,0,0.0072421,0.010242,0.0072421,1.2543e-18,-0.0072421,-0.010242,-0.0072421,0,0.0072421,0.010242,0.0072421,1.2543e-18,-0.0072421,-0.010242,-0.0072421
0,0.0075318,0.010652,0.0075318,1.3044e-18,-0.0075318,-0.010652,-0.0075318,0,0.0075318,0.010652,0.0075318,1.3044e-18,-0.0075318,-0.010652,-0.0075318,0,0.0075318,0.010652,0.0075318,1.3044e-18,-0.0075318,-0.010652,-0.0075318,0,0.0075318,0.010652,0.0075318,1.3044e-18,-0.0075318,-0.010652,-0.0075318,0,0.0075318,0.010652,0.0075318,1.3044e-18,-0.0075318,-0.010652,-0.0075318,0,0.0075318,0.010652,0.0075318,1.3044e-18,-0.0075318,-0.010652,-0.0075318,0,0.0075318,0.010652,0.0075318,1.3044e-18,-0.0075318,-0.010652,-0.0075318,0,0.0075318,0.010652,0.0075318,1.3044e-18,-0.0075318,-0.010652,-0.0075318,0,0.0075318,0.010652,0.0075318,1.3044e-18,-0.0075318,-0.010652,-0.0075318,0,0.0075318,0.010652,0.0075318,1.3044e-18,-0.0075318,-0.010652,-0.0075318,0,0.0075318,0.010652,0.0075318,1.3044e-18,-0.0075318,-0.010652,-0.0075318,0,0.0075318,0.010652,0.0075318,1.3044e-18,-0.0075318,-0.010652,-0.0075318,0,0.0075318,0.010652,0.0075318,1.3044e-18,-0.0075318,-0.010652,-0.0075318,0,0.0075318,0.010652,0.0075318,1.3044e-18,-0.0075318,-0.010652,-0.0075318,0,0.0075318,0.010652,0.0075318,1.3044e-18,-0.0075318,-0.010652,-0.0075318,0,0.0075318,0.010652,0.0075318,1.3044e-18,-0.0075318,-0.010652,-0.0075318
0,0.0078215,0.011061,0.0078215,1.3546e-18,-0.0078215,-0.011061,-0.0078215,0,0.0078215,0.011061,0.0078215,1.3546e-18,-0.0078215,-0.011061,-0.0078215,0,0.0078215,0.011061,0.0078215,1.3546e-18,-0.0078215,-0.011061,-0.0078215,0,0.0078215,0.011061,0.0078215,1.3546e-18,-0.0078215,-0.011061,-0.0078215,0,0.0078215,0.011061,0.0078215,1.3546e-18,-0.0078215,-0.011061,-0.0078215,0,0.0078215,0.011061,0.0078215,1.3546e-18,-0.0078215,-0.011061,-0.0078215,0,0.0078215,0.011061,0.0078215,1.3546e-18,-0.0078215,-0.011061,-0.0078215,0,0.0078215,0.011061,0.0078215,1.3546e-18,-0.0078215,-0.011061,-0.0078215,0,0.0078215,0.011061,0.0078215,1.3546e-18,-0.0078215,-0.011061,-0.0078215,0,0.0078215,0.011061,0.0078215,1.3546e-18,-0.0078215,-0.011061,-0.0078215,0,0.0078215,0.011061,0.0078215,1.3546e-18,-0.0078215,-0.011061,-0.0078215,0,0.0078215,0.011061,0.0078215,1.3546e-18,-0.0078215,-0.011061,-0.0078215,0,0.0078215,0.011061,0.0078215,1.3546e-18,-0.0078215,-0.011061,-0.0078215,0,0.0078215,0.011061,0.0078215,1.3546e-18,-0.0078215,-0.011061,-0.0078215,0,0.0078215,0.011061,0.0078215,1.3546e-18,-0.0078215,-0.011061,-0.0078215,0,0.0078215,0.011061,0.0078215,1.3546e-18,-0.0078215,-0.011061,-0.0078215
0,0.0081112,0.011471,0.0081112,1.4048e-18,-0.0081112,-0.011471,-0.0081112,0,0.0081112,0.011471,0.0081112,1.4048e-18,-0.0081112,-0.011471,-0.0081112,0,0.0081112,0.011471,0.0081112,1.4048e-18,-0.0081112,-0.011471,-0.0081112,0,0.0081112,0.011471,0.0081112,1.4048e-18,-0.0081112,-0.011471,-0.0081112,0,0.0081112,0.011471,0.0081112,1.4048e-18,-0.0081112,-0.011471,-0.0081112,0,0.0081112,0.011471,0.0081112,1.4048e-18,-0.0081112,-0.011471,-0.0081112,0,0.0081112,0.011471,0.0081112,1.4048e-18,-0.0081112,-0.011471,-0.0081112,0,0.0081112,0.011471,0.0081112,1.4048e-18,-0.0081112,-0.011471,-0.0081112,0,0.0081112,0.011471,0.0081112,1.4048e-18,-0.0081112,-0.011471,-0.0081112,0,0.0081112,0.011471,0.0081112,1.4048e-18,-0.0081112,-0.011471,-0.0081112,0,0.0081112,0.011471,0.0081112,1.4048e-18,-0.0081112,-0.011471,-0.0081112,0,0.0081112,0.011471,0.0081112,1.4048e-18,-0.0081112,-0.011471,-0.0081112,0,0.0081112,0.011471,0.0081112,1.4048e-18,-0.0081112,-0.011471,-0.0081112,0,0.0081112,0.011471,0.0081112,1.4048e-18,-0.0081112,-0.011471,-0.0081112,0,0.0081112,0.011471,0.0081112,1.4048e-18,-0.0081112,-0.011471,-0.0081112,0,0.0081112,0.011471,0.0081112,1.4048e-18,-0.0081112,-0.011471,-0.0081112
0,0.0084009,0.011881,0.0084009,1.455e-18,-0.0084009,-0.011881,-0.0084009,0,0.0084009,0.011881,0.0084009,1.455e-18,-0.0084009,-0.011881,-0.0084009,0,0.0084009,0.011881,0.0084009,1.455e-18,-0.0084009,-0.011881,-0.0084009,0,0.0084009,0.011881,0.0084009,1.455e-18,-0.0084009,-0.011881,-0.0084009,0,0.0084009,0.011881,0.0084009,1.455e-18,-0.0084009,-0.011881,-0.0084009,0,0.0084009,0.011881,0.0084009,1.455e-18,-0.0084009,-0.011881,-0.0084009,0,0.0084009,0.011881,0.0084009,1.455e-18,-0.0084009,-0.011881,-0.0084009,0,0.0084009,0.011881,0.0084009,1.455e-18,-0.0084009,-0.011881,-0.0084009,0,0.0084009,0.011881,0.0084009,1.455e-18,-0.0084009,-0.011881,-0.0084009,0,0.0084009,0.011881,0.0084009,1.455e-18,-0.0084009,-0.011881,-0.0084009,0,0.0084009,0.011881,0.0084009,1.455e-18,-0.0084009,-0.011881,-0.0084009,0,0.0084009,0.011881,0.0084009,1.455e-18,-0.0084009,-0.011881,-0.0084009,0,0.0084009,0.011881,0.0084009,1.455e-18,-0.0084009,-0.011881,-0.0084009,0,0.0084009,0.011881,0.0084009,1.455e-18,-0.0084009,-0.011881,-0.0084009,0,0.0084009,0.011881,0.0084009,1.455e-18,-0.0084009,-0.011881,-0.0084009,0,0.0084009,0.011881,0.0084009,1.455e-18,-0.0084009,-0.011881,-0.0084009
0,0.0086906,0.01229,0.0086906,1.5051e-18,-0.0086906,-0.01229,-0.0086906,0,0.0086906,0.01229,0.0086906,1.5051e-18,-0.0086906,-0.01229,-0.0086906,0,0.0086906,0.01229,0.0086906,1.5051e-18,-0.0086906,-0.01229,-0.0086906,0,0.0086906,0.01229,0.0086906,1.5051e-18,-0.0086906,-0.01229,-0.0086906,0,0.0086906,0.01229,0.0086906,1.5051e-18,-0.0086906,-0.01229,-0.0086906,0,0.0086906,0.01229,0.0086906,1.5051e-18,-0.0086906,-0.01229,-0.0086906,0,0.0086906,0.01229,0.0086906,1.5051e-18,-0.0086906,-0.01229,-0.0086906,0,0.0086906,0.01229,0.0086906,1.5051e-18,-0.0086906,-0.01229,-0.0086906,0,0.0086906,0.01229,0.0086906,1.5051e-18,-0.0086906,-0.01229,-0.0086906,0,0.0086906,0.01229,0.0086906,1.5051e-18,-0.0086906,-0.01229,-0.0086906,0,0.0086906,0.01229,0.0086906,1.5051e-18,-0.0086906,-0.01229,-0.0086906,0,0.0086906,0.01229,0.0086906,1.5051e-18,-0.0086906,-0.01229,-0.0086906,0,0.0086906,0.01229,0.0086906,1.5051e-18,-0.0086906,-0.01229,-0.0086906,0,0.0086906,0.01229,0.0086906,1.5051e-18,-0.0086906,-0.01229,-0.0086906,0,0.0086906,0.01229,0.0086906,1.5051e-18,-0.0086906,-0.01229,-0.0086906,0,0.0086906,0.01229,0.0086906,1.5051e-18,-0.0086906,-0.01229,-0.0086906
0,0.0089803,0.0127,0.0089803,1.5553e-18,-0.0089803,-0.0127,-0.0089803,0,0.0089803,0.0127,0.0089803,1.5553e-18,-0.0089803,-0.0127,-0.0089803,0,0.0089803,0.0127,0.0089803,1.5553e-18,-0.0089803,-0.0127,-0.0089803,0,0.0089803,0.0127,0.0089803,1.5553e-18,-0.0089803,-0.0127,-0.0089803,0,0.0089803,0.0127,0.0089803,1.5553e-18,-0.0089803,-0.0127,-0.0089803,0,0.0089803,0.0127,0.0089803,1.5553e-18,-0.0089803,-0.0127,-0.0089803,0,0.0089803,0.0127,0.0089803,1.5553e-18,-0.0089803,-0.0127,-0.0089803,0,0.0089803,0.0127,0.0089803,1.5553e-18,-0.0089803,-0.0127,-0.0089803,0,0.0089803,0.0127,0.0089803,1.5553e-18,-0.0089803,-0.0127,-0.0089803,0,0.0089803,0.0127,0.0089803,1.5553e-18,-0.0089803,-0.0127,-0.0089803,0,0.0089803,0.0127,0.0089803,1.5553e-18,-0.0089803,-0.0127,-0.0089803,0,0.0089803,0.0127,0.0089803,1.5553e-18,-0.0089803,-0.0127,-0.0089803,0,0.0089803,0.0127,0.0089803,1.5553e-18,-0.0089803,-0.0127,-0.0089803,0,0.0089803,0.0127,0.0089803,1.5553e-18,-0.0089803,-0.0127,-0.0089803,0,0.0089803,0.0127,0.0089803,1.5553e-18,-0.0089803,-0.0127,-0.0089803,0,0.0089803,0.0127,0.0089803,1.5553e-18,-0.0089803,-0.0127,-0.0089803
