0,0,0,-0,-0,-0,-0,0,0,0,0,-0,-0,-0,-0,0,0,0,0,-0,-0,-0,-0,0,0,0,0,-0,-0,-0,-0,0,0,0,0,-0,-0,-0,-0,0,0,0,0,-0,-0,-0,-0,0,0,0,0,-0,-0,-0,-0,0,0,0,0,-0,-0,-0,-0,0,0,0,0,-0,-0,-0,-0,0,0,0,0,-0,-0,-0,-0,0,0,0,0,-0,-0,-0,-0,0,0,0,0,-0,-0,-0,-0,0,0,0,0,-0,-0,-0,-0,0,0,0,0,-0,-0,-0,-0,0,0,0,0,-0,-0,-0,-0,0,0,0,0,-0,-0,-0,-0,0
0.00020159,0.00014254,1.2344e-20,-0.00014254,-0.00020159,-0.00014254,-3.7031e-20,0.00014254,0.00020159,0.00014254,1.2344e-20,-0.00014254,-0.00020159,-0.00014254,-3.7031e-20,0.00014254,0.00020159,0.00014254,1.2344e-20,-0.00014254,-0.00020159,-0.00014254,-3.7031e-20,0.00014254,0.00020159,0.00014254,1.2344e-20,-0.00014254,-0.00020159,-0.00014254,-3.7031e-20,0.00014254,0.00020159,0.00014254,1.2344e-20,-0.00014254,-0.00020159,-0.00014254,-3.7031e-20,0.00014254,0.00020159,0.00014254,1.2344e-20,-0.00014254,-0.00020159,-0.00014254,-3.7031e-20,0.00014254,0.00020159,0.00014254,1.2344e-20,-0.00014254,-0.00020159,-0.00014254,-3.7031e-20,0.00014254,0.00020159,0.00014254,1.2344e-20,-0.00014254,-0.00020159,-0.00014254,-3.7031e-20,0.00014254,0.00020159,0.00014254,1.2344e-20,-0.00014254,-0.00020159,-0.00014254,-3.7031e-20,0.00014254,0.00020159,0.00014254,1.2344e-20,-0.00014254,-0.00020159,-0.00014254,-3.7031e-20,0.00014254,0.00020159,0.00014254,1.2344e-20,-0.00014254,-0.00020159,-0.00014254,-3.7031e-20,0.00014254,0.00020159,0.00014254,1.2344e-20,-0.00014254,-0.00020159,-0.00014254,-3.7031e-20,0.00014254,0.00020159,0.00014254,1.2344e-20,-0.00014254,-0.00020159,-0.00014254,-3.7031e-20,0.00014254,0.00020159,0.00014254,1.2344e-20,-0.00014254,-0.00020159,-0.00014254,-3.7031e-20,0.00014254,0.00020159,0.00014254,1.2344e-20,-0.00014254,-0.00020159,-0.00014254,-3.7031e-20,0.00014254,0.00020159,0.00014254,1.2344e-20,-0.00014254,-0.00020159,-0.00014254,-3.7031e-20,0.00014254
0.00040317,0.00028509,2.4687e-20,-0.00028509,-0.00040317,-0.00028509,-7.4062e-20,0.00028509,0.00040317,0.00028509,2.4687e-20,-0.00028509,-0.00040317,-0.00028509,-7.4062e-20,0.00028509,0.00040317,0.00028509,2.4687e-20,-0.00028509,-0.00040317,-0.00028509,-7.4062e-20,0.00028509,0.00040317,0.00028509,2.4687e-20,-0.00028509,-0.00040317,-0.00028509,-7.4062e-20,0.00028509,0.00040317,0.00028509,2.4687e-20,-0.00028509,-0.00040317,-0.00028509,-7.4062e-20,0.00028509,0.00040317,0.00028509,2.4687e-20,-0.00028509,-0.00040317,-0.00028509,-7.4062e-20,0.00028509,0.00040317,0.00028509,2.4687e-20,-0.00028509,-0.00040317,-0.00028509,-7.4062e-20,0.00028509,0.00040317,0.00028509,2.4687e-20,-0.00028509,-0.00040317,-0.00028509,-7.4062e-20,0.00028509,0.00040317,0.00028509,2.4687e-20,-0.00028509,-0.00040317,-0.00028509,-7.4062e-20,0.00028509,0.00040317,0.00028509,2.4687e-20,-0.00028509,-0.00040317,-0.00028509,-7.4062e-20,0.00028509,0.00040317,0.00028509,2.4687e-20,-0.00028509,-0.00040317,-0.00028509,-7.4062e-20,0.00028509,0.00040317,0.00028509,2.4687e-20,-0.00028509,-0.00040317,-0.00028509,-7.4062e-20,0.00028509,0.00040317,0.00028509,2.4687e-20,-0.00028509,-0.00040317,-0.00028509,-7.4062e-20,0.00028509,0.00040317,0.00028509,2.4687e-20,-0.00028509,-0.00040317,-0.00028509,-7.4062e-20,0.00028509,0.00040317,0.00028509,2.4687e-20,-0.00028509,-0.00040317,-0.00028509,-7.4062e-20,0.00028509,0.00040317,0.00028509,2.4687e-20,-0.00028509,-0.00040317,-0.00028509,-7.4062e-20,0.00028509
0.00060476,0.00042763,3.7031e-20,-0.00042763,-0.00060476,-0.00042763,-1.1109e-19,0.00042763,0.00060476,0.00042763,3.7031e-20,-0.00042763,-0.00060476,-0.00042763,-1.1109e-19,0.00042763,0.00060476,0.00042763,3.7031e-20,-0.00042763,-0.00060476,-0.00042763,-1.1109e-19,0.00042763,0.00060476,0.00042763,3.7031e-20,-0.00042763,-0.00060476,-0.00042763,-1.1109e-19,0.00042763,0.00060476,0.00042763,3.7031e-20,-0.00042763,-0.00060476,-0.00042763,-1.1109e-19,0.00042763,0.00060476,0.00042763,3.7031e-20,-0.00042763,-0.00060476,-0.00042763,-1.1109e-19,0.00042763,0.00060476,0.00042763,3.7031e-20,-0.00042763,-0.00060476,-0.00042763,-1.1109e-19,0.00042763,0.00060476,0.00042763,3.7031e-20,-0.00042763,-0.00060476,-0.00042763,-1.1109e-19,0.00042763,0.00060476,0.00042763,3.7031e-20,-0.00042763,-0.00060476,-0.00042763,-1.1109e-19,0.00042763,0.00060476,0.00042763,3.7031e-20,-0.00042763,-0.00060476,-0.00042763,-1.1109e-19,0.00042763,0.00060476,0.00042763,3.7031e-20,-0.00042763,-0.00060476,-0.00042763,-1.1109e-19,0.00042763,0.00060476,0.00042763,3.7031e-20,-0.00042763,-0.00060476,-0.00042763,-1.1109e-19,0.00042763,0.00060476,0.00042763,3.7031e-20,-0.00042763,-0.00060476,-0.00042763,-1.1109e-19,0.00042763,0.00060476,0.00042763,3.7031e-20,-0.00042763,-0.00060476,-0.00042763,-1.1109e-19,0.00042763,0.00060476,0.00042763,3.7031e-20,-0.00042763,-0.00060476,-0.00042763,-1.1109e-19,0.00042763,0.00060476,0.00042763,3.7031e-20,-0.00042763,-0.00060476,-0.00042763,-1.1109e-19,0.00042763
0.00080635,0.00057017,4.9375e-20,-0.00057017,-0.00080635,-0.00057017,-1.4812e-19,0.00057017,0.00080635,0.00057017,4.9375e-20,-0.00057017,-0.00080635,-0.00057017,-1.4812e-19,0.00057017,0.00080635,0.00057017,4.9375e-20,-0.00057017,-0.00080635,-0.00057017,-1.4812e-19,0.00057017,0.00080635,0.00057017,4.9375e-20,-0.00057017,-0.00080635,-0.00057017,-1.4812e-19,0.00057017,0.00080635,0.00057017,4.9375e-20,-0.00057017,-0.00080635,-0.00057017,-1.4812e-19,0.00057017,0.00080635,0.00057017,4.9375e-20,-0.00057017,-0.00080635,-0.00057017,-1.4812e-19,0.00057017,0.00080635,0.00057017,4.9375e-20,-0.00057017,-0.00080635,-0.00057017,-1.4812e-19,0.00057017,0.00080635,0.00057017,4.9375e-20,-0.00057017,-0.00080635,-0.00057017,-1.4812e-19,0.00057017,0.00080635,0.00057017,4.9375e-20,-0.00057017,-0.00080635,-0.00057017,-1.4812e-19,0.00057017,0.00080635,0.00057017,4.9375e-20,-0.00057017,-0.00080635,-0.00057017,-1.4812e-19,0.00057017,0.00080635,0.00057017,4.9375e-20,-0.00057017,-0.00080635,-0.00057017,-1.4812e-19,0.00057017,0.00080635,0.00057017,4.9375e-20,-0.00057017,-0.00080635,-0.00057017,-1.4812e-19,0.00057017,0.00080635,0.00057017,4.9375e-20,-0.00057017,-0.00080635,-0.00057017,-1.4812e-19,0.00057017,0.00080635,0.00057017,4.9375e-20,-0.00057017,-0.00080635,-0.00057017,-1.4812e-19,0.00057017,0.00080635,0.00057017,4.9375e-20,-0.00057017,-0.00080635,-0.00057017,-1.4812e-19,0.00057017,0.00080635,0.00057017,4.9375e-20,-0.00057017,-0.00080635,-0.00057017,-1.4812e-19,0.00057017
0.0010079,0.00071272,6.1718e-20,-0.00071272,-0.0010079,-0.00071272,-1.8515e-19,0.00071272,0.0010079,0.00071272,6.1718e-20,-0.00071272,-0.0010079,-0.00071272,-1.8515e-19,0.00071272,0.0010079,0.00071272,6.1718e-20,-0.00071272,-0.0010079,-0.00071272,-1.8515e-19,0.00071272,0.0010079,0.00071272,6.1718e-20,-0.00071272,-0.0010079,-0.00071272,-1.8515e-19,0.00071272,0.0010079,0.00071272,6.1718e-20,-0.00071272,-0.0010079,-0.00071272,-1.8515e-19,0.00071272,0.0010079,0.00071272,6.1718e-20,-0.00071272,-0.0010079,-0.00071272,-1.8515e-19,0.00071272,0.0010079,0.00071272,6.1718e-20,-0.00071272,-0.0010079,-0.00071272,-1.8515e-19,0.00071272,0.0010079,0.00071272,6.1718e-20,-0.00071272,-0.0010079,-0.00071272,-1.8515e-19,0.00071272,0.0010079,0.00071272,6.1718e-20,-0.00071272,-0.0010079,-0.00071272,-1.8515e-19,0.00071272,0.0010079,0.00071272,6.1718e-20,-0.00071272,-0.0010079,-0.00071272,-1.8515e-19,0.00071272,0.0010079,0.00071272,6.1718e-20,-0.00071272,-0.0010079,-0.00071272,-1.8515e-19,0.00071272,0.0010079,0.00071272,6.1718e-20,-0.00071272,-0.0010079,-0.00071272,-1.8515e-19,0.00071272,0.0010079,0.00071272,6.1718e-20,-0.00071272,-0.0010079,-0.00071272,-1.8515e-19,0.00071272,0.0010079,0.00071272,6.1718e-20,-0.00071272,-0.0010079,-0.00071272,-1.8515e-19,0.00071272,0.0010079,0.00071272,6.1718e-20,-0.00071272,-0.0010079,-0.00071272,-1.8515e-19,0.00071272,0.0010079,0.00071272,6.1718e-20,-0.00071272,-0.0010079,-0.00071272,-1.8515e-19,0.00071272
0.0012095,0.00085526,7.4062e-20,-0.00085526,-0.0012095,-0.00085526,-2.2219e-19,0.00085526,0.0012095,0.00085526,7.4062e-20,-0.00085526,-0.0012095,-0.00085526,-2.2219e-19,0.00085526,0.0012095,0.00085526,7.4062e-20,-0.00085526,-0.0012095,-0.00085526,-2.2219e-19,0.00085526,0.0012095,0.00085526,7.4062e-20,-0.00085526,-0.0012095,-0.00085526,-2.2219e-19,0.00085526,0.0012095,0.00085526,7.4062e-20,-0.00085526,-0.0012095,-0.00085526,-2.2219e-19,0.00085526,0.0012095,0.00085526,7.4062e-20,-0.00085526,-0.0012095,-0.00085526,-2.2219e-19,0.00085526,0.0012095,0.00085526,7.4062e-20,-0.00085526,-0.0012095,-0.00085526,-2.2219e-19,0.00085526,0.0012095,0.00085526,7.4062e-20,-0.00085526,-0.0012095,-0.00085526,-2.2219e-19,0.00085526,0.0012095,0.00085526,7.4062e-20,-0.00085526,-0.0012095,-0.00085526,-2.2219e-19,0.00085526,0.0012095,0.00085526,7.4062e-20,-0.00085526,-0.0012095,-0.00085526,-2.2219e-19,0.00085526,0.0012095,0.00085526,7.4062e-20,-0.00085526,-0.0012095,-0.00085526,-2.2219e-19,0.00085526,0.0012095,0.00085526,7.4062e-20,-0.00085526,-0.0012095,-0.00085526,-2.2219e-19,0.00085526,0.0012095,0.00085526,7.4062e-20,-0.00085526,-0.0012095,-0.00085526,-2.2219e-19,0.00085526,0.0012095,0.00085526,7.4062e-20,-0.00085526,-0.0012095,-0.00085526,-2.2219e-19,0.00085526,0.0012095,0.00085526,7.4062e-20,-0.00085526,-0.0012095,-0.00085526,-2.2219e-19,0.00085526,0.0012095,0.00085526,7.4062e-20,-0.00085526,-0.0012095,-0.00085526,-2.2219e-19,0.00085526
0.0014111,0.00099781,8.6406e-20,-0.00099781,-0.0014111,-0.00099781,-2.5922e-19,0.00099781,0.0014111,0.00099781,8.6406e-20,-0.00099781,-0.0014111,-0.00099781,-2.5922e-19,0.00099781,0.0014111,0.00099781,8.6406e-20,-0.00099781,-0.0014111,-0.00099781,-2.5922e-19,0.00099781,0.0014111,0.00099781,8.6406e-20,-0.00099781,-0.0014111,-0.00099781,-2.5922e-19,0.00099781,0.0014111,0.00099781,8.6406e-20,-0.00099781,-0.0014111,-0.00099781,-2.5922e-19,0.00099781,0.0014111,0.00099781,8.6406e-20,-0.00099781,-0.0014111,-0.00099781,-2.5922e-19,0.00099781,0.0014111,0.00099781,8.6406e-20,-0.00099781,-0.0014111,-0.00099781,-2.5922e-19,0.00099781,0.0014111,0.00099781,8.6406e-20,-0.00099781,-0.0014111,-0.00099781,-2.5922e-19,0.00099781,0.0014111,0.00099781,8.6406e-20,-0.00099781,-0.0014111,-0.00099781,-2.5922e-19,0.00099781,0.0014111,0.00099781,8.6406e-20,-0.00099781,-0.0014111,-0.00099781,-2.5922e-19,0.00099781,0.0014111,0.00099781,8.6406e-20,-0.00099781,-0.0014111,-0.00099781,-2.5922e-19,0.00099781,0.0014111,0.00099781,8.6406e-20,-0.00099781,-0.0014111,-0.00099781,-2.5922e-19,0.00099781,0.0014111,0.00099781,8.6406e-20,-0.00099781,-0.0014111,-0.00099781,-2.5922e-19,0.00099781,0.0014111,0.00099781,8.6406e-20,-0.00099781,-0.0014111,-0.00099781,-2.5922e-19,0.00099781,0.0014111,0.00099781,8.6406e-20,-0.00099781,-0.0014111,-0.00099781,-2.5922e-19,0.00099781,0.0014111,0.00099781,8.6406e-20,-0.00099781,-0.0014111,-0.00099781,-2.5922e-19,0.00099781
0.0016127,0.0011403,9.8749e-20,-0.0011403,-0.0016127,-0.0011403,-2.9625e-19,0.0011403,0.0016127,0.0011403,9.8749e-20,-0.0011403,-0.0016127,-0.0011403,-2.9625e-19,0.0011403,0.0016127,0.0011403,9.8749e-20,-0.0011403,-0.0016127,-0.0011403,-2.9625e-19,0.0011403,0.0016127,0.0011403,9.8749e-20,-0.0011403,-0.0016127,-0.0011403,-2.9625e-19,0.0011403,0.0016127,0.0011403,9.8749e-20,-0.0011403,-0.0016127,-0.0011403,-2.9625e-19,0.0011403,0.0016127,0.0011403,9.8749e-20,-0.0011403,-0.0016127,-0.0011403,-2.9625e-19,0.0011403,0.0016127,0.0011403,9.8749e-20,-0.0011403,-0.0016127,-0.0011403,-2.9625e-19,0.0011403,0.0016127,0.0011403,9.8749e-20,-0.0011403,-0.0016127,-0.0011403,-2.9625e-19,0.0011403,0.0016127,0.0011403,9.8749e-20,-0.0011403,-0.0016127,-0.0011403,-2.9625e-19,0.0011403,0.0016127,0.0011403,9.8749e-20,-0.0011403,-0.0016127,-0.0011403,-2.9625e-19,0.0011403,0.0016127,0.0011403,9.8749e-20,-0.0011403,-0.0016127,-0.0011403,-2.9625e-19,0.0011403,0.0016127,0.0011403,9.8749e-20,-0.0011403,-0.0016127,-0.0011403,-2.9625e-19,0.0011403,0.0016127,0.0011403,9.8749e-20,-0.0011403,-0.0016127,-0.0011403,-2.9625e-19,0.0011403,0.0016127,0.0011403,9.8749e-20,-0.0011403,-0.0016127,-0.0011403,-2.9625e-19,0.0011403,0.0016127,0.0011403,9.8749e-20,-0.0011403,-0.0016127,-0.0011403,-2.9625e-19,0.0011403,0.0016127,0.0011403,9.8749e-20,-0.0011403,-0.0016127,-0.0011403,-2.9625e-19,0.0011403
0.0018143,0.0012829,1.1109e-19,-0.0012829,-0.0018143,-0.0012829,-3.3328e-19,0.0012829,0.0018143,0.0012829,1.1109e-19,-0.0012829,-0.0018143,-0.0012829,-3.3328e-19,0.0012829,0.0018143,0.0012829,1.1109e-19,-0.0012829,-0.0018143,-0.0012829,-3.3328e-19,0.0012829,0.0018143,0.0012829,1.1109e-19,-0.0012829,-0.0018143,-0.0012829,-3.3328e-19,0.0012829,0.0018143,0.0012829,1.1109e-19,-0.0012829,-0.0018143,-0.0012829,-3.3328e-19,0.0012829,0.0018143,0.0012829,1.1109e-19,-0.0012829,-0.0018143,-0.0012829,-3.3328e-19,0.0012829,0.0018143,0.0012829,1.1109e-19,-0.0012829,-0.0018143,-0.0012829,-3.3328e-19,0.0012829,0.0018143,0.0012829,1.1109e-19,-0.0012829,-0.0018143,-0.0012829,-3.3328e-19,0.0012829,0.0018143,0.0012829,1.1109e-19,-0.0012829,-0.0018143,-0.0012829,-3.3328e-19,0.0012829,0.0018143,0.0012829,1.1109e-19,-0.0012829,-0.0018143,-0.0012829,-3.3328e-19,0.0012829,0.0018143,0.0012829,1.1109e-19,-0.0012829,-0.0018143,-0.0012829,-3.3328e-19,0.0012829,0.0018143,0.0012829,1.1109e-19,-0.0012829,-0.0018143,-0.0012829,-3.3328e-19,0.0012829,0.0018143,0.0012829,1.1109e-19,-0.0012829,-0.0018143,-0.0012829,-3.3328e-19,0.0012829,0.0018143,0.0012829,1.1109e-19,-0.0012829,-0.0018143,-0.0012829,-3.3328e-19,0.0012829,0.0018143,0.0012829,1.1109e-19,-0.0012829,-0.0018143,-0.0012829,-3.3328e-19,0.0012829,0.0018143,0.0012829,1.1109e-19,-0.0012829,-0.0018143,-0.0012829,-3.3328e-19,0.0012829
0.0020159,0.0014254,1.2344e-19,-0.0014254,-0.0020159,-0.0014254,-3.7031e-19,0.0014254,0.0020159,0.0014254,1.2344e-19,-0.0014254,-0.0020159,-0.0014254,-3.7031e-19,0.0014254,0.0020159,0.0014254,1.2344e-19,-0.0014254,-0.0020159,-0.0014254,-3.7031e-19,0.0014254,0.0020159,0.0014254,1.2344e-19,-0.0014254,-0.0020159,-0.0014254,-3.7031e-19,0.0014254,0.0020159,0.0014254,1.2344e-19,-0.0014254,-0.0020159,-0.0014254,-3.7031e-19,0.0014254,0.0020159,0.0014254,1.2344e-19,-0.0014254,-0.0020159,-0.0014254,-3.7031e-19,0.0014254,0.0020159,0.0014254,1.2344e-19,-0.0014254,-0.0020159,-0.0014254,-3.7031e-19,0.0014254,0.0020159,0.0014254,1.2344e-19,-0.0014254,-0.0020159,-0.0014254,-3.7031e-19,0.0014254,0.0020159,0.0014254,1.2344e-19,-0.0014254,-0.0020159,-0.0014254,-3.7031e-19,0.0014254,0.0020159,0.0014254,1.2344e-19,-0.0014254,-0.0020159,-0.0014254,-3.7031e-19,0.0014254,0.0020159,0.0014254,1.2344e-19,-0.0014254,-0.0020159,-0.0014254,-3.7031e-19,0.0014254,0.0020159,0.0014254,1.2344e-19,-0.0014254,-0.0020159,-0.0014254,-3.7031e-19,0.0014254,0.0020159,0.0014254,1.2344e-19,-0.0014254,-0.0020159,-0.0014254,-3.7031e-19,0.0014254,0.0020159,0.0014254,1.2344e-19,-0.0014254,-0.0020159,-0.0014254,-3.7031e-19,0.0014254,0.0020159,0.0014254,1.2344e-19,-0.0014254,-0.0020159,-0.0014254,-3.7031e-19,0.0014254,0.0020159,0.0014254,1.2344e-19,-0.0014254,-0.0020159,-0.0014254,-3.7031e-19,0.0014254
0.0022175,0.001568,1.3578e-19,-0.001568,-0.0022175,-0.001568,-4.0734e-19,0.001568,0.0022175,0.001568,1.3578e-19,-0.001568,-0.0022175,-0.001568,-4.0734e-19,0.001568,0.0022175,0.001568,1.3578e-19,-0.001568,-0.0022175,-0.001568,-4.0734e-19,0.001568,0.0022175,0.001568,1.3578e-19,-0.001568,-0.0022175,-0.001568,-4.0734e-19,0.001568,0.0022175,0.001568,1.3578e-19,-0.001568,-0.0022175,-0.001568,-4.0734e-19,0.001568,0.0022175,0.001568,1.3578e-19,-0.001568,-0.0022175,-0.001568,-4.0734e-19,0.001568,0.0022175,0.001568,1.3578e-19,-0.001568,-0.0022175,-0.001568,-4.0734e-19,0.001568,0.0022175,0.001568,1.3578e-19,-0.001568,-0.0022175,-0.001568,-4.0734e-19,0.001568,0.0022175,0.001568,1.3578e-19,-0.001568,-0.0022175,-0.001568,-4.0734e-19,0.001568,0.0022175,0.001568,1.3578e-19,-0.001568,-0.0022175,-0.001568,-4.0734e-19,0.001568,0.0022175,0.001568,1.3578e-19,-0.001568,-0.0022175,-0.001568,-4.0734e-19,0.001568,0.0022175,0.001568,1.3578e-19,-0.001568,-0.0022175,-0.001568,-4.0734e-19,0.001568,0.0022175,0.001568,1.3578e-19,-0.001568,-0.0022175,-0.001568,-4.0734e-19,0.001568,0.0022175,0.001568,1.3578e-19,-0.001568,-0.0022175,-0.001568,-4.0734e-19,0.001568,0.0022175,0.001568,1.3578e-19,-0.001568,-0.0022175,-0.001568,-4.0734e-19,0.001568,0.0022175,0.001568,1.3578e-19,-0.001568,-0.0022175,-0.001568,-4.0734e-19,0.001568
0.002419,0.0017105,1.4812e-19,-0.0017105,-0.002419,-0.0017105,-4.4437e-19,0.0017105,0.002419,0.0017105,1.4812e-19,-0.0017105,-0.002419,-0.0017105,-4.4437e-19,0.0017105,0.002419,0.0017105,1.4812e-19,-0.0017105,-0.002419,-0.0017105,-4.4437e-19,0.0017105,0.002419,0.0017105,1.4812e-19,-0.0017105,-0.002419,-0.0017105,-4.4437e-19,0.0017105,0.002419,0.0017105,1.4812e-19,-0.0017105,-0.002419,-0.0017105,-4.4437e-19,0.0017105,0.002419,0.0017105,1.4812e-19,-0.0017105,-0.002419,-0.0017105,-4.4437e-19,0.0017105,0.002419,0.0017105,1.4812e-19,-0.0017105,-0.002419,-0.0017105,-4.4437e-19,0.0017105,0.002419,0.0017105,1.4812e-19,-0.0017105,-0.002419,-0.0017105,-4.4437e-19,0.0017105,0.002419,0.0017105,1.4812e-19,-0.0017105,-0.002419,-0.0017105,-4.4437e-19,0.0017105,0.002419,0.0017105,1.4812e-19,-0.0017105,-0.002419,-0.0017105,-4.4437e-19,0.0017105,0.002419,0.0017105,1.4812e-19,-0.0017105,-0.002419,-0.0017105,-4.4437e-19,0.0017105,0.002419,0.0017105,1.4812e-19,-0.0017105,-0.002419,-0.0017105,-4.4437e-19,0.0017105,0.002419,0.0017105,1.4812e-19,-0.0017105,-0.002419,-0.0017105,-4.4437e-19,0.0017105,0.002419,0.0017105,1.4812e-19,-0.0017105,-0.002419,-0.0017105,-4.4437e-19,0.0017105,0.002419,0.0017105,1.4812e-19,-0.0017105,-0.002419,-0.0017105,-4.4437e-19,0.0017105,0.002419,0.0017105,1.4812e-19,-0.0017105,-0.002419,-0.0017105,-4.4437e-19,0.0017105
0.0026206,0.0018531,1.6047e-19,-0.0018531,-0.0026206,-0.0018531,-4.814e-19,0.0018531,0.0026206,0.0018531,1.6047e-19,-0.0018531,-0.0026206,-0.0018531,-4.814e-19,0.0018531,0.0026206,0.0018531,1.6047e-19,-0.0018531,-0.0026206,-0.0018531,-4.814e-19,0.0018531,0.0026206,0.0018531,1.6047e-19,-0.0018531,-0.0026206,-0.0018531,-4.814e-19,0.0018531,0.0026206,0.0018531,1.6047e-19,-0.0018531,-0.0026206,-0.0018531,-4.814e-19,0.0018531,0.0026206,0.0018531,1.6047e-19,-0.0018531,-0.0026206,-0.0018531,-4.814e-19,0.0018531,0.0026206,0.0018531,1.6047e-19,-0.0018531,-0.0026206,-0.0018531,-4.814e-19,0.0018531,0.0026206,0.0018531,1.6047e-19,-0.0018531,-0.0026206,-0.0018531,-4.814e-19,0.0018531,0.0026206,0.0018531,1.6047e-19,-0.0018531,-0.0026206,-0.0018531,-4.814e-19,0.0018531,0.0026206,0.0018531,1.6047e-19,-0.0018531,-0.0026206,-0.0018531,-4.814e-19,0.0018531,0.0026206,0.0018531,1.6047e-19,-0.0018531,-0.0026206,-0.0018531,-4.814e-19,0.0018531,0.0026206,0.0018531,1.6047e-19,-0.0018531,-0.0026206,-0.0018531,-4.814e-19,0.0018531,0.0026206,0.0018531,1.6047e-19,-0.0018531,-0.0026206,-0.0018531,-4.814e-19,0.0018531,0.0026206,0.0018531,1.6047e-19,-0.0018531,-0.0026206,-0.0018531,-4.814e-19,0.0018531,0.0026206,0.0018531,1.6047e-19,-0.0018531,-0.0026206,-0.0018531,-4.814e-19,0.0018531,0.0026206,0.0018531,1.6047e-19,-0.0018531,-0.0026206,-0.0018531,-4.814e-19,0.0018531
0.0028222,0.0019956,1.7281e-19,-0.0019956,-0.0028222,-0.0019956,-5.1843e-19,0.0019956,0.0028222,0.0019956,1.7281e-19,-0.0019956,-0.0028222,-0.0019956,-5.1843e-19,0.0019956,0.0028222,0.0019956,1.7281e-19,-0.0019956,-0.0028222,-0.0019956,-5.1843e-19,0.0019956,0.0028222,0.0019956,1.7281e-19,-0.0019956,-0.0028222,-0.0019956,-5.1843e-19,0.0019956,0.0028222,0.0019956,1.7281e-19,-0.0019956,-0.0028222,-0.0019956,-5.1843e-19,0.0019956,0.0028222,0.0019956,1.7281e-19,-0.0019956,-0.0028222,-0.0019956,-5.1843e-19,0.0019956,0.0028222,0.0019956,1.7281e-19,-0.0019956,-0.0028222,-0.0019956,-5.1843e-19,0.0019956,0.0028222,0.0019956,1.7281e-19,-0.0019956,-0.0028222,-0.0019956,-5.1843e-19,0.0019956,0.0028222,0.0019956,1.7281e-19,-0.0019956,-0.0028222,-0.0019956,-5.1843e-19,0.0019956,0.0028222,0.0019956,1.7281e-19,-0.0019956,-0.0028222,-0.0019956,-5.1843e-19,0.0019956,0.0028222,0.0019956,1.7281e-19,-0.0019956,-0.0028222,-0.0019956,-5.1843e-19,0.0019956,0.0028222,0.0019956,1.7281e-19,-0.0019956,-0.0028222,-0.0019956,-5.1843e-19,0.0019956,0.0028222,0.0019956,1.7281e-19,-0.0019956,-0.0028222,-0.0019956,-5.1843e-19,0.0019956,0.0028222,0.0019956,1.7281e-19,-0.0019956,-0.0028222,-0.0019956,-5.1843e-19,0.0019956,0.0028222,0.0019956,1.7281e-19,-0.0019956,-0.0028222,-0.0019956,-5.1843e-19,0.0019956,0.0028222,0.0019956,1.7281e-19,-0.0019956,-0.0028222,-0.0019956,-5.1843e-19,0.0019956
0.0030238,0.0021382,1.8515e-19,-0.0021382,-0.0030238,-0.0021382,-5.5546e-19,0.0021382,0.0030238,0.0021382,1.8515e-19,-0.0021382,-0.0030238,-0.0021382,-5.5546e-19,0.0021382,0.0030238,0.0021382,1.8515e-19,-0.0021382,-0.0030238,-0.0021382,-5.5546e-19,0.0021382,0.0030238,0.0021382,1.8515e-19,-0.0021382,-0.0030238,-0.0021382,-5.5546e-19,0.0021382,0.0030238,0.0021382,1.8515e-19,-0.0021382,-0.0030238,-0.0021382,-5.5546e-19,0.0021382,0.0030238,0.0021382,1.8515e-19,-0.0021382,-0.0030238,-0.0021382,-5.5546e-19,0.0021382,0.0030238,0.0021382,1.8515e-19,-0.0021382,-0.0030238,-0.0021382,-5.5546e-19,0.0021382,0.0030238,0.0021382,1.8515e-19,-0.0021382,-0.0030238,-0.0021382,-5.5546e-19,0.0021382,0.0030238,0.0021382,1.8515e-19,-0.0021382,-0.0030238,-0.0021382,-5.5546e-19,0.0021382,0.0030238,0.0021382,1.8515e-19,-0.0021382,-0.0030238,-0.0021382,-5.5546e-19,0.0021382,0.0030238,0.0021382,1.8515e-19,-0.0021382,-0.0030238,-0.0021382,-5.5546e-19,0.0021382,0.0030238,0.0021382,1.8515e-19,-0.0021382,-0.0030238,-0.0021382,-5.5546e-19,0.0021382,0.0030238,0.0021382,1.8515e-19,-0.0021382,-0.0030238,-0.0021382,-5.5546e-19,0.0021382,0.0030238,0.0021382,1.8515e-19,-0.0021382,-0.0030238,-0.0021382,-5.5546e-19,0.0021382,0.0030238,0.0021382,1.8515e-19,-0.0021382,-0.0030238,-0.0021382,-5.5546e-19,0.0021382,0.0030238,0.0021382,1.8515e-19,-0.0021382,-0.0030238,-0.0021382,-5.5546e-19,0.0021382
0.0032254,0.0022807,1.975e-19,-0.0022807,-0.0032254,-0.0022807,-5.925e-19,0.0022807,0.0032254,0.0022807,1.975e-19,-0.0022807,-0.0032254,-0.0022807,-5.925e-19,0.0022807,0.0032254,0.0022807,1.975e-19,-0.0022807,-0.0032254,-0.0022807,-5.925e-19,0.0022807,0.0032254,0.0022807,1.975e-19,-0.0022807,-0.0032254,-0.0022807,-5.925e-19,0.0022807,0.0032254,0.0022807,1.975e-19,-0.0022807,-0.0032254,-0.0022807,-5.925e-19,0.0022807,0.0032254,0.0022807,1.975e-19,-0.0022807,-0.0032254,-0.0022807,-5.925e-19,0.0022807,0.0032254,0.0022807,1.975e-19,-0.0022807,-0.0032254,-0.0022807,-5.925e-19,0.0022807,0.0032254,0.0022807,1.975e-19,-0.0022807,-0.0032254,-0.0022807,-5.925e-19,0.0022807,0.0032254,0.0022807,1.975e-19,-0.0022807,-0.0032254,-0.0022807,-5.925e-19,0.0022807,0.0032254,0.0022807,1.975e-19,-0.0022807,-0.0032254,-0.0022807,-5.925e-19,0.0022807,0.0032254,0.0022807,1.975e-19,-0.0022807,-0.0032254,-0.0022807,-5.925e-19,0.0022807,0.0032254,0.0022807,1.975e-19,-0.0022807,-0.0032254,-0.0022807,-5.925e-19,0.0022807,0.0032254,0.0022807,1.975e-19,-0.0022807,-0.0032254,-0.0022807,-5.925e-19,0.0022807,0.0032254,0.0022807,1.975e-19,-0.0022807,-0.0032254,-0.0022807,-5.925e-19,0.0022807,0.0032254,0.0022807,1.975e-19,-0.0022807,-0.0032254,-0.0022807,-5.925e-19,0.0022807,0.0032254,0.0022807,1.975e-19,-0.0022807,-0.0032254,-0.0022807,-5.925e-19,0.0022807
0.003427,0.0024232,2.0984e-19,-0.0024232,-0.003427,-0.0024232,-6.2953e-19,0.0024232,0.003427,0.0024232,2.0984e-19,-0.0024232,-0.003427,-0.0024232,-6.2953e-19,0.0024232,0.003427,0.0024232,2.0984e-19,-0.0024232,-0.003427,-0.0024232,-6.2953e-19,0.0024232,0.003427,0.0024232,2.0984e-19,-0.0024232,-0.003427,-0.0024232,-6.2953e-19,0.0024232,0.003427,0.0024232,2.0984e-19,-0.0024232,-0.003427,-0.0024232,-6.2953e-19,0.0024232,0.003427,0.0024232,2.0984e-19,-0.0024232,-0.003427,-0.0024232,-6.2953e-19,0.0024232,0.003427,0.0024232,2.0984e-19,-0.0024232,-0.003427,-0.0024232,-6.2953e-19,0.0024232,0.003427,0.0024232,2.0984e-19,-0.0024232,-0.003427,-0.0024232,-6.2953e-19,0.0024232,0.003427,0.0024232,2.0984e-19,-0.0024232,-0.003427,-0.0024232,-6.2953e-19,0.0024232,0.003427,0.0024232,2.0984e-19,-0.0024232,-0.003427,-0.0024232,-6.2953e-19,0.0024232,0.003427,0.0024232,2.0984e-19,-0.0024232,-0.003427,-0.0024232,-6.2953e-19,0.0024232,0.003427,0.0024232,2.0984e-19,-0.0024232,-0.003427,-0.0024232,-6.2953e-19,0.0024232,0.003427,0.0024232,2.0984e-19,-0.0024232,-0.003427,-0.0024232,-6.2953e-19,0.0024232,0.003427,0.0024232,2.0984e-19,-0.0024232,-0.003427,-0.0024232,-6.2953e-19,0.0024232,0.003427,0.0024232,2.0984e-19,-0.0024232,-0.003427,-0.0024232,-6.2953e-19,0.0024232,0.003427,0.0024232,2.0984e-19,-0.0024232,-0.003427,-0.0024232,-6.2953e-19,0.0024232
0.0036286,0.0025658,2.2219e-19,-0.0025658,-0.0036286,-0.0025658,-6.6656e-19,0.0025658,0.0036286,0.0025658,2.2219e-19,-0.0025658,-0.0036286,-0.0025658,-6.6656e-19,0.0025658,0.0036286,0.0025658,2.2219e-19,-0.0025658,-0.0036286,-0.0025658,-6.6656e-19,0.0025658,0.0036286,0.0025658,2.2219e-19,-0.0025658,-0.0036286,-0.0025658,-6.6656e-19,0.0025658,0.0036286,0.0025658,2.2219e-19,-0.0025658,-0.0036286,-0.0025658,-6.6656e-19,0.0025658,0.0036286,0.0025658,2.2219e-19,-0.0025658,-0.0036286,-0.0025658,-6.6656e-19,0.0025658,0.0036286,0.0025658,2.2219e-19,-0.0025658,-0.0036286,-0.0025658,-6.6656e-19,0.0025658,0.0036286,0.0025658,2.2219e-19,-0.0025658,-0.0036286,-0.0025658,-6.6656e-19,0.0025658,0.0036286,0.0025658,2.2219e-19,-0.0025658,-0.0036286,-0.0025658,-6.6656e-19,0.0025658,0.0036286,0.0025658,2.2219e-19,-0.0025658,-0.0036286,-0.0025658,-6.6656e-19,0.0025658,0.0036286,0.0025658,2.2219e-19,-0.0025658,-0.0036286,-0.0025658,-6.6656e-19,0.0025658,0.0036286,0.0025658,2.2219e-19,-0.0025658,-0.0036286,-0.0025658,-6.6656e-19,0.0025658,0.0036286,0.0025658,2.2219e-19,-0.0025658,-0.0036286,-0.0025658,-6.6656e-19,0.0025658,0.0036286,0.0025658,2.2219e-19,-0.0025658,-0.0036286,-0.0025658,-6.6656e-19,0.0025658,0.0036286,0.0025658,2.2219e-19,-0.0025658,-0.0036286,-0.0025658,-6.6656e-19,0.0025658,0.0036286,0.0025658,2.2219e-19,-0.0025658,-0.0036286,-0.0025658,-6.6656e-19,0.0025658
0.0038302,0.0027083,2.3453e-19,-0.0027083,-0.0038302,-0.0027083,-7.0359e-19,0.0027083,0.0038302,0.0027083,2.3453e-19,-0.0027083,-0.0038302,-0.0027083,-7.0359e-19,0.0027083,0.0038302,0.0027083,2.3453e-19,-0.0027083,-0.0038302,-0.0027083,-7.0359e-19,0.0027083,0.0038302,0.0027083,2.3453e-19,-0.0027083,-0.0038302,-0.0027083,-7.0359e-19,0.0027083,0.0038302,0.0027083,2.3453e-19,-0.0027083,-0.0038302,-0.0027083,-7.0359e-19,0.0027083,0.0038302,0.0027083,2.3453e-19,-0.0027083,-0.0038302,-0.0027083,-7.0359e-19,0.0027083,0.0038302,0.0027083,2.3453e-19,-0.0027083,-0.0038302,-0.0027083,-7.0359e-19,0.0027083,0.0038302,0.0027083,2.3453e-19,-0.0027083,-0.0038302,-0.0027083,-7.0359e-19,0.0027083,0.0038302,0.0027083,2.3453e-19,-0.0027083,-0.0038302,-0.0027083,-7.0359e-19,0.0027083,0.0038302,0.0027083,2.3453e-19,-0.0027083,-0.0038302,-0.0027083,-7.0359e-19,0.0027083,0.0038302,0.0027083,2.3453e-19,-0.0027083,-0.0038302,-0.0027083,-7.0359e-19,0.0027083,0.0038302,0.0027083,2.3453e-19,-0.0027083,-0.0038302,-0.0027083,-7.0359e-19,0.0027083,0.0038302,0.0027083,2.3453e-19,-0.0027083,-0.0038302,-0.0027083,-7.0359e-19,0.0027083,0.0038302,0.0027083,2.3453e-19,-0.0027083,-0.0038302,-0.0027083,-7.0359e-19,0.0027083,0.0038302,0.0027083,2.3453e-19,-0.0027083,-0.0038302,-0.0027083,-7.0359e-19,0.0027083,0.0038302,0.0027083,2.3453e-19,-0.0027083,-0.0038302,-0.0027083,-7.0359e-19,0.0027083
0.0040317,0.0028509,2.4687e-19,-0.0028509,-0.0040317,-0.0028509,-7.4062e-19,0.0028509,0.0040317,0.0028509,2.4687e-19,-0.0028509,-0.0040317,-0.0028509,-7.4062e-19,0.0028509,0.0040317,0.0028509,2.4687e-19,-0.0028509,-0.0040317,-0.0028509,-7.4062e-19,0.0028509,0.0040317,0.0028509,2.4687e-19,-0.0028509,-0.0040317,-0.0028509,-7.4062e-19,0.0028509,0.0040317,0.0028509,2.4687e-19,-0.0028509,-0.0040317,-0.0028509,-7.4062e-19,0.0028509,0.0040317,0.0028509,2.4687e-19,-0.0028509,-0.0040317,-0.0028509,-7.4062e-19,0.0028509,0.0040317,0.0028509,2.4687e-19,-0.0028509,-0.0040317,-0.0028509,-7.4062e-19,0.0028509,0.0040317,0.0028509,2.4687e-19,-0.0028509,-0.0040317,-0.0028509,-7.4062e-19,0.0028509,0.0040317,0.0028509,2.4687e-19,-0.0028509,-0.0040317,-0.0028509,-7.4062e-19,0.0028509,0.0040317,0.0028509,2.4687e-19,-0.0028509,-0.0040317,-0.0028509,-7.4062e-19,0.0028509,0.0040317,0.0028509,2.4687e-19,-0.0028509,-0.0040317,-0.0028509,-7.4062e-19,0.0028509,0.0040317,0.0028509,2.4687e-19,-0.0028509,-0.0040317,-0.0028509,-7.4062e-19,0.0028509,0.0040317,0.0028509,2.4687e-19,-0.0028509,-0.0040317,-0.0028509,-7.4062e-19,0.0028509,0.0040317,0.0028509,2.4687e-19,-0.0028509,-0.0040317,-0.0028509,-7.4062e-19,0.0028509,0.0040317,0.0028509,2.4687e-19,-0.0028509,-0.0040317,-0.0028509,-7.4062e-19,0.0028509,0.0040317,0.0028509,2.4687e-19,-0.0028509,-0.0040317,-0.0028509,-7.4062e-19,0.0028509
0.0042333,0.0029934,2.5922e-19,-0.0029934,-0.0042333,-0.0029934,-7.7765e-19,0.0029934,0.0042333,0.0029934,2.5922e-19,-0.0029934,-0.0042333,-0.0029934,-7.7765e-19,0.0029934,0.0042333,0.0029934,2.5922e-19,-0.0029934,-0.0042333,-0.0029934,-7.7765e-19,0.0029934,0.0042333,0.0029934,2.5922e-19,-0.0029934,-0.0042333,-0.0029934,-7.7765e-19,0.0029934,0.0042333,0.0029934,2.5922e-19,-0.0029934,-0.0042333,-0.0029934,-7.7765e-19,0.0029934,0.0042333,0.0029934,2.5922e-19,-0.0029934,-0.0042333,-0.0029934,-7.7765e-19,0.0029934,0.0042333,0.0029934,2.5922e-19,-0.0029934,-0.0042333,-0.0029934,-7.7765e-19,0.0029934,0.0042333,0.0029934,2.5922e-19,-0.0029934,-0.0042333,-0.0029934,-7.7765e-19,0.0029934,0.0042333,0.0029934,2.5922e-19,-0.0029934,-0.0042333,-0.0029934,-7.7765e-19,0.0029934,0.0042333,0.0029934,2.5922e-19,-0.0029934,-0.0042333,-0.0029934,-7.7765e-19,0.0029934,0.0042333,0.0029934,2.5922e-19,-0.0029934,-0.0042333,-0.0029934,-7.7765e-19,0.0029934,0.0042333,0.0029934,2.5922e-19,-0.0029934,-0.0042333,-0.0029934,-7.7765e-19,0.0029934,0.0042333,0.0029934,2.5922e-19,-0.0029934,-0.0042333,-0.0029934,-7.7765e-19,0.0029934,0.0042333,0.0029934,2.5922e-19,-0.0029934,-0.0042333,-0.0029934,-7.7765e-19,0.0029934,0.0042333,0.0029934,2.5922e-19,-0.0029934,-0.0042333,-0.0029934,-7.7765e-19,0.0029934,0.0042333,0.0029934,2.5922e-19,-0.0029934,-0.0042333,-0.0029934,-7.7765e-19,0.0029934
0.0044349,0.003136,2.7156e-19,-0.003136,-0.0044349,-0.003136,-8.1468e-19,0.003136,0.0044349,0.003136,2.7156e-19,-0.003136,-0.0044349,-0.003136,-8.1468e-19,0.003136,0.0044349,0.003136,2.7156e-19,-0.003136,-0.0044349,-0.003136,-8.1468e-19,0.003136,0.0044349,0.003136,2.7156e-19,-0.003136,-0.0044349,-0.003136,-8.1468e-19,0.003136,0.0044349,0.003136,2.7156e-19,-0.003136,-0.0044349,-0.003136,-8.1468e-19,0.003136,0.0044349,0.003136,2.7156e-19,-0.003136,-0.0044349,-0.003136,-8.1468e-19,0.003136,0.0044349,0.003136,2.7156e-19,-0.003136,-0.0044349,-0.003136,-8.1468e-19,0.003136,0.0044349,0.003136,2.7156e-19,-0.003136,-0.0044349,-0.003136,-8.1468e-19,0.003136,0.0044349,0.003136,2.7156e-19,-0.003136,-0.0044349,-0.003136,-8.1468e-19,0.003136,0.0044349,0.003136,2.7156e-19,-0.003136,-0.0044349,-0.003136,-8.1468e-19,0.003136,0.0044349,0.003136,2.7156e-19,-0.003136,-0.0044349,-0.003136,-8.1468e-19,0.003136,0.0044349,0.003136,2.7156e-19,-0.003136,-0.0044349,-0.003136,-8.1468e-19,0.003136,0.0044349,0.003136,2.7156e-19,-0.003136,-0.0044349,-0.003136,-8.1468e-19,0.003136,0.0044349,0.003136,2.7156e-19,-0.003136,-0.0044349,-0.003136,-8.1468e-19,0.003136,0.0044349,0.003136,2.7156e-19,-0.003136,-0.0044349,-0.003136,-8.1468e-19,0.003136,0.0044349,0.003136,2.7156e-19,-0.003136,-0.0044349,-0.003136,-8.1468e-19,0.003136
0.0046365,0.0032785,2.839e-19,-0.0032785,-0.0046365,-0.0032785,-8.5171e-19,0.0032785,0.0046365,0.0032785,2.839e-19,-0.0032785,-0.0046365,-0.0032785,-8.5171e-19,0.0032785,0.0046365,0.0032785,2.839e-19,-0.0032785,-0.0046365,-0.0032785,-8.5171e-19,0.0032785,0.0046365,0.0032785,2.839e-19,-0.0032785,-0.0046365,-0.0032785,-8.5171e-19,0.0032785,0.0046365,0.0032785,2.839e-19,-0.0032785,-0.0046365,-0.0032785,-8.5171e-19,0.0032785,0.0046365,0.0032785,2.839e-19,-0.0032785,-0.0046365,-0.0032785,-8.5171e-19,0.0032785,0.0046365,0.0032785,2.839e-19,-0.0032785,-0.0046365,-0.0032785,-8.5171e-19,0.0032785,0.0046365,0.0032785,2.839e-19,-0.0032785,-0.0046365,-0.0032785,-8.5171e-19,0.0032785,0.0046365,0.0032785,2.839e-19,-0.0032785,-0.0046365,-0.0032785,-8.5171e-19,0.0032785,0.0046365,0.0032785,2.839e-19,-0.0032785,-0.0046365,-0.0032785,-8.5171e-19,0.0032785,0.0046365,0.0032785,2.839e-19,-0.0032785,-0.0046365,-0.0032785,-8.5171e-19,0.0032785,0.0046365,0.0032785,2.839e-19,-0.0032785,-0.0046365,-0.0032785,-8.5171e-19,0.0032785,0.0046365,0.0032785,2.839e-19,-0.0032785,-0.0046365,-0.0032785,-8.5171e-19,0.0032785,0.0046365,0.0032785,2.839e-19,-0.0032785,-0.0046365,-0.0032785,-8.5171e-19,0.0032785,0.0046365,0.0032785,2.839e-19,-0.0032785,-0.0046365,-0.0032785,-8.5171e-19,0.0032785,0.0046365,0.0032785,2.839e-19,-0.0032785,-0.0046365,-0.0032785,-8.5171e-19,0.0032785
0.0048381,0.003421,2.9625e-19,-0.003421,-0.0048381,-0.003421,-8.8874e-19,0.003421,0.0048381,0.003421,2.9625e-19,-0.003421,-0.0048381,-0.003421,-8.8874e-19,0.003421,0.0048381,0.003421,2.9625e-19,-0.003421,-0.0048381,-0.003421,-8.8874e-19,0.003421,0.0048381,0.003421,2.9625e-19,-0.003421,-0.0048381,-0.003421,-8.8874e-19,0.003421,0.0048381,0.003421,2.9625e-19,-0.003421,-0.0048381,-0.003421,-8.8874e-19,0.003421,0.0048381,0.003421,2.9625e-19,-0.003421,-0.0048381,-0.003421,-8.8874e-19,0.003421,0.0048381,0.003421,2.9625e-19,-0.003421,-0.0048381,-0.003421,-8.8874e-19,0.003421,0.0048381,0.003421,2.9625e-19,-0.003421,-0.0048381,-0.003421,-8.8874e-19,0.003421,0.0048381,0.003421,2.9625e-19,-0.003421,-0.0048381,-0.003421,-8.8874e-19,0.003421,0.0048381,0.003421,2.9625e-19,-0.003421,-0.0048381,-0.003421,-8.8874e-19,0.003421,0.0048381,0.003421,2.9625e-19,-0.003421,-0.0048381,-0.003421,-8.8874e-19,0.003421,0.0048381,0.003421,2.9625e-19,-0.003421,-0.0048381,-0.003421,-8.8874e-19,0.003421,0.0048381,0.003421,2.9625e-19,-0.003421,-0.0048381,-0.003421,-8.8874e-19,0.003421,0.0048381,0.003421,2.9625e-19,-0.003421,-0.0048381,-0.003421,-8.8874e-19,0.003421,0.0048381,0.003421,2.9625e-19,-0.003421,-0.0048381,-0.003421,-8.8874e-19,0.003421,0.0048381,0.003421,2.9625e-19,-0.003421,-0.0048381,-0.003421,-8.8874e-19,0.003421
0.0050397,0.0035636,3.0859e-19,-0.0035636,-0.0050397,-0.0035636,-9.2577e-19,0.0035636,0.0050397,0.0035636,3.0859e-19,-0.0035636,-0.0050397,-0.0035636,-9.2577e-19,0.0035636,0.0050397,0.0035636,3.0859e-19,-0.0035636,-0.0050397,-0.0035636,-9.2577e-19,0.0035636,0.0050397,0.0035636,3.0859e-19,-0.0035636,-0.0050397,-0.0035636,-9.2577e-19,0.0035636,0.0050397,0.0035636,3.0859e-19,-0.0035636,-0.0050397,-0.0035636,-9.2577e-19,0.0035636,0.0050397,0.0035636,3.0859e-19,-0.0035636,-0.0050397,-0.0035636,-9.2577e-19,0.0035636,0.0050397,0.0035636,3.0859e-19,-0.0035636,-0.0050397,-0.0035636,-9.2577e-19,0.0035636,0.0050397,0.0035636,3.0859e-19,-0.0035636,-0.0050397,-0.0035636,-9.2577e-19,0.0035636,0.0050397,0.0035636,3.0859e-19,-0.0035636,-0.0050397,-0.0035636,-9.2577e-19,0.0035636,0.0050397,0.0035636,3.0859e-19,-0.0035636,-0.0050397,-0.0035636,-9.2577e-19,0.0035636,0.0050397,0.0035636,3.0859e-19,-0.0035636,-0.0050397,-0.0035636,-9.2577e-19,0.0035636,0.0050397,0.0035636,3.0859e-19,-0.0035636,-0.0050397,-0.0035636,-9.2577e-19,0.0035636,0.0050397,0.0035636,3.0859e-19,-0.0035636,-0.0050397,-0.0035636,-9.2577e-19,0.0035636,0.0050397,0.0035636,3.0859e-19,-0.0035636,-0.0050397,-0.0035636,-9.2577e-19,0.0035636,0.0050397,0.0035636,3.0859e-19,-0.0035636,-0.0050397,-0.0035636,-9.2577e-19,0.0035636,0.0050397,0.0035636,3.0859e-19,-0.0035636,-0.0050397,-0.0035636,-9.2577e-19,0.0035636
0.0052413,0.0037061,3.2094e-19,-0.0037061,-0.0052413,-0.0037061,-9.6281e-19,0.0037061,0.0052413,0.0037061,3.2094e-19,-0.0037061,-0.0052413,-0.0037061,-9.6281e-19,0.0037061,0.0052413,0.0037061,3.2094e-19,-0.0037061,-0.0052413,-0.0037061,-9.6281e-19,0.0037061,0.0052413,0.0037061,3.2094e-19,-0.0037061,-0.0052413,-0.0037061,-9.6281e-19,0.0037061,0.0052413,0.0037061,3.2094e-19,-0.0037061,-0.0052413,-0.0037061,-9.6281e-19,0.0037061,0.0052413,0.0037061,3.2094e-19,-0.0037061,-0.0052413,-0.0037061,-9.6281e-19,0.0037061,0.0052413,0.0037061,3.2094e-19,-0.0037061,-0.0052413,-0.0037061,-9.6281e-19,0.0037061,0.0052413,0.0037061,3.2094e-19,-0.0037061,-0.0052413,-0.0037061,-9.6281e-19,0.0037061,0.0052413,0.0037061,3.2094e-19,-0.0037061,-0.0052413,-0.0037061,-9.6281e-19,0.0037061,0.0052413,0.0037061,3.2094e-19,-0.0037061,-0.0052413,-0.0037061,-9.6281e-19,0.0037061,0.0052413,0.0037061,3.2094e-19,-0.0037061,-0.0052413,-0.0037061,-9.6281e-19,0.0037061,0.0052413,0.0037061,3.2094e-19,-0.0037061,-0.0052413,-0.0037061,-9.6281e-19,0.0037061,0.0052413,0.0037061,3.2094e-19,-0.0037061,-0.0052413,-0.0037061,-9.6281e-19,0.0037061,0.0052413,0.0037061,3.2094e-19,-0.0037061,-0.0052413,-0.0037061,-9.6281e-19,0.0037061,0.0052413,0.0037061,3.2094e-19,-0.0037061,-0.0052413,-0.0037061,-9.6281e-19,0.0037061,0.0052413,0.0037061,3.2094e-19,-0.0037061,-0.0052413,-0.0037061,-9.6281e-19,0.0037061
0.0054429,0.0038487,3.3328e-19,-0.0038487,-0.0054429,-0.0038487,-9.9984e-19,0.0038487,0.0054429,0.0038487,3.3328e-19,-0.0038487,-0.0054429,-0.0038487,-9.9984e-19,0.0038487,0.0054429,0.0038487,3.3328e-19,-0.0038487,-0.0054429,-0.0038487,-9.9984e-19,0.0038487,0.0054429,0.0038487,3.3328e-19,-0.0038487,-0.0054429,-0.0038487,-9.9984e-19,0.0038487,0.0054429,0.0038487,3.3328e-19,-0.0038487,-0.0054429,-0.0038487,-9.9984e-19,0.0038487,0.0054429,0.0038487,3.3328e-19,-0.0038487,-0.0054429,-0.0038487,-9.9984e-19,0.0038487,0.0054429,0.0038487,3.3328e-19,-0.0038487,-0.0054429,-0.0038487,-9.9984e-19,0.0038487,0.0054429,0.0038487,3.3328e-19,-0.0038487,-0.0054429,-0.0038487,-9.9984e-19,0.0038487,0.0054429,0.0038487,3.3328e-19,-0.0038487,-0.0054429,-0.0038487,-9.9984e-19,0.0038487,0.0054429,0.0038487,3.3328e-19,-0.0038487,-0.0054429,-0.0038487,-9.9984e-19,0.0038487,0.0054429,0.0038487,3.3328e-19,-0.0038487,-0.0054429,-0.0038487,-9.9984e-19,0.0038487,0.0054429,0.0038487,3.3328e-19,-0.0038487,-0.0054429,-0.0038487,-9.9984e-19,0.0038487,0.0054429,0.0038487,3.3328e-19,-0.0038487,-0.0054429,-0.0038487,-9.9984e-19,0.0038487,0.0054429,0.0038487,3.3328e-19,-0.0038487,-0.0054429,-0.0038487,-9.9984e-19,0.0038487,0.0054429,0.0038487,3.3328e-19,-0.0038487,-0.0054429,-0.0038487,-9.9984e-19,0.0038487,0.0054429,0.0038487,3.3328e-19,-0.0038487,-0.0054429,-0.0038487,-9.9984e-19,0.0038487
0.0056444,0.0039912,3.4562e-19,-0.0039912,-0.0056444,-0.0039912,-1.0369e-18,0.0039912,0.0056444,0.0039912,3.4562e-19,-0.0039912,-0.0056444,-0.0039912,-1.0369e-18,0.0039912,0.0056444,0.0039912,3.4562e-19,-0.0039912,-0.0056444,-0.0039912,-1.0369e-18,0.0039912,0.0056444,0.0039912,3.4562e-19,-0.0039912,-0.0056444,-0.0039912,-1.0369e-18,0.0039912,0.0056444,0.0039912,3.4562e-19,-0.0039912,-0.0056444,-0.0039912,-1.0369e-18,0.0039912,0.0056444,0.0039912,3.4562e-19,-0.0039912,-0.0056444,-0.0039912,-1.0369e-18,0.0039912,0.0056444,0.0039912,3.4562e-19,-0.0039912,-0.0056444,-0.0039912,-1.0369e-18,0.0039912,0.0056444,0.0039912,3.4562e-19,-0.0039912,-0.0056444,-0.0039912,-1.0369e-18,0.0039912,0.0056444,0.0039912,3.4562e-19,-0.0039912,-0.0056444,-0.0039912,-1.0369e-18,0.0039912,0.0056444,0.0039912,3.4562e-19,-0.0039912,-0.0056444,-0.0039912,-1.0369e-18,0.0039912,0.0056444,0.0039912,3.4562e-19,-0.0039912,-0.0056444,-0.0039912,-1.0369e-18,0.0039912,0.0056444,0.0039912,3.4562e-19,-0.0039912,-0.0056444,-0.0039912,-1.0369e-18,0.0039912,0.0056444,0.0039912,3.4562e-19,-0.0039912,-0.0056444,-0.0039912,-1.0369e-18,0.0039912,0.0056444,0.0039912,3.4562e-19,-0.0039912,-0.0056444,-0.0039912,-1.0369e-18,0.0039912,0.0056444,0.0039912,3.4562e-19,-0.0039912,-0.0056444,-0.0039912,-1.0369e-18,0.0039912,0.0056444,0.0039912,3.4562e-19,-0.0039912,-0.0056444,-0.0039912,-1.0369e-18,0.0039912
0.005846,0.0041338,3.5797e-19,-0.0041338,-0.005846,-0.0041338,-1.0739e-18,0.0041338,0.005846,0.0041338,3.5797e-19,-0.0041338,-0.005846,-0.0041338,-1.0739e-18,0.0041338,0.005846,0.0041338,3.5797e-19,-0.0041338,-0.005846,-0.0041338,-1.0739e-18,0.0041338,0.005846,0.0041338,3.5797e-19,-0.0041338,-0.005846,-0.0041338,-1.0739e-18,0.0041338,0.005846,0.0041338,3.5797e-19,-0.0041338,-0.005846,-0.0041338,-1.0739e-18,0.0041338,0.005846,0.0041338,3.5797e-19,-0.0041338,-0.005846,-0.0041338,-1.0739e-18,0.0041338,0.005846,0.0041338,3.5797e-19,-0.0041338,-0.005846,-0.0041338,-1.0739e-18,0.0041338,0.005846,0.0041338,3.5797e-19,-0.0041338,-0.005846,-0.0041338,-1.0739e-18,0.0041338,0.005846,0.0041338,3.5797e-19,-0.0041338,-0.005846,-0.0041338,-1.0739e-18,0.0041338,0.005846,0.0041338,3.5797e-19,-0.0041338,-0.005846,-0.0041338,-1.0739e-18,0.0041338,0.005846,0.0041338,3.5797e-19,-0.0041338,-0.005846,-0.0041338,-1.0739e-18,0.0041338,0.005846,0.0041338,3.5797e-19,-0.0041338,-0.005846,-0.0041338,-1.0739e-18,0.0041338,0.005846,0.0041338,3.5797e-19,-0.0041338,-0.005846,-0.0041338,-1.0739e-18,0.0041338,0.005846,0.0041338,3.5797e-19,-0.0041338,-0.005846,-0.0041338,-1.0739e-18,0.0041338,0.005846,0.0041338,3.5797e-19,-0.0041338,-0.005846,-0.0041338,-1.0739e-18,0.0041338,0.005846,0.0041338,3.5797e-19,-0.0041338,-0.005846,-0.0041338,-1.0739e-18,0.0041338
0.0060476,0.0042763,3.7031e-19,-0.0042763,-0.0060476,-0.0042763,-1.1109e-18,0.0042763,0.0060476,0.0042763,3.7031e-19,-0.0042763,-0.0060476,-0.0042763,-1.1109e-18,0.0042763,0.0060476,0.0042763,3.7031e-19,-0.0042763,-0.0060476,-0.0042763,-1.1109e-18,0.0042763,0.0060476,0.0042763,3.7031e-19,-0.0042763,-0.0060476,-0.0042763,-1.1109e-18,0.0042763,0.0060476,0.0042763,3.7031e-19,-0.0042763,-0.0060476,-0.0042763,-1.1109e-18,0.0042763,0.0060476,0.0042763,3.7031e-19,-0.0042763,-0.0060476,-0.0042763,-1.1109e-18,0.0042763,0.0060476,0.0042763,3.7031e-19,-0.0042763,-0.0060476,-0.0042763,-1.1109e-18,0.0042763,0.0060476,0.0042763,3.7031e-19,-0.0042763,-0.0060476,-0.0042763,-1.1109e-18,0.0042763,0.0060476,0.0042763,3.7031e-19,-0.0042763,-0.0060476,-0.0042763,-1.1109e-18,0.0042763,0.0060476,0.0042763,3.7031e-19,-0.0042763,-0.0060476,-0.0042763,-1.1109e-18,0.0042763,0.0060476,0.0042763,3.7031e-19,-0.0042763,-0.0060476,-0.0042763,-1.1109e-18,0.0042763,0.0060476,0.0042763,3.7031e-19,-0.0042763,-0.0060476,-0.0042763,-1.1109e-18,0.0042763,0.0060476,0.0042763,3.7031e-19,-0.0042763,-0.0060476,-0.0042763,-1.1109e-18,0.0042763,0.0060476,0.0042763,3.7031e-19,-0.0042763,-0.0060476,-0.0042763,-1.1109e-18,0.0042763,0.0060476,0.0042763,3.7031e-19,-0.0042763,-0.0060476,-0.0042763,-1.1109e-18,0.0042763,0.0060476,0.0042763,3.7031e-19,-0.0042763,-0.0060476,-0.0042763,-1.1109e-18,0.0042763
0.0062492,0.0044189,3.8265e-19,-0.0044189,-0.0062492,-0.0044189,-1.148e-18,0.0044189,0.0062492,0.0044189,3.8265e-19,-0.0044189,-0.0062492,-0.0044189,-1.148e-18,0.0044189,0.0062492,0.0044189,3.8265e-19,-0.0044189,-0.0062492,-0.0044189,-1.148e-18,0.0044189,0.0062492,0.0044189,3.8265e-19,-0.0044189,-0.0062492,-0.0044189,-1.148e-18,0.0044189,0.0062492,0.0044189,3.8265e-19,-0.0044189,-0.0062492,-0.0044189,-1.148e-18,0.0044189,0.0062492,0.0044189,3.8265e-19,-0.0044189,-0.0062492,-0.0044189,-1.148e-18,0.0044189,0.0062492,0.0044189,3.8265e-19,-0.0044189,-0.0062492,-0.0044189,-1.148e-18,0.0044189,0.0062492,0.0044189,3.8265e-19,-0.0044189,-0.0062492,-0.0044189,-1.148e-18,0.0044189,0.0062492,0.0044189,3.8265e-19,-0.0044189,-0.0062492,-0.0044189,-1.148e-18,0.0044189,0.0062492,0.0044189,3.8265e-19,-0.0044189,-0.0062492,-0.0044189,-1.148e-18,0.0044189,0.0062492,0.0044189,3.8265e-19,-0.0044189,-0.0062492,-0.0044189,-1.148e-18,0.0044189,0.0062492,0.0044189,3.8265e-19,-0.0044189,-0.0062492,-0.0044189,-1.148e-18,0.0044189,0.0062492,0.0044189,3.8265e-19,-0.0044189,-0.0062492,-0.0044189,-1.148e-18,0.0044189,0.0062492,0.0044189,3.8265e-19,-0.0044189,-0.0062492,-0.0044189,-1.148e-18,0.0044189,0.0062492,0.0044189,3.8265e-19,-0.0044189,-0.0062492,-0.0044189,-1.148e-18,0.0044189,0.0062492,0.0044189,3.8265e-19,-0.0044189,-0.0062492,-0.0044189,-1.148e-18,0.0044189
0.0064508,0.0045614,3.95e-19,-0.0045614,-0.0064508,-0.0045614,-1.185e-18,0.0045614,0.0064508,0.0045614,3.95e-19,-0.0045614,-0.0064508,-0.0045614,-1.185e-18,0.0045614,0.0064508,0.0045614,3.95e-19,-0.0045614,-0.0064508,-0.0045614,-1.185e-18,0.0045614,0.0064508,0.0045614,3.95e-19,-0.0045614,-0.0064508,-0.0045614,-1.185e-18,0.0045614,0.0064508,0.0045614,3.95e-19,-0.0045614,-0.0064508,-0.0045614,-1.185e-18,0.0045614,0.0064508,0.0045614,3.95e-19,-0.0045614,-0.0064508,-0.0045614,-1.185e-18,0.0045614,0.0064508,0.0045614,3.95e-19,-0.0045614,-0.0064508,-0.0045614,-1.185e-18,0.0045614,0.0064508,0.0045614,3.95e-19,-0.0045614,-0.0064508,-0.0045614,-1.185e-18,0.0045614,0.0064508,0.0045614,3.95e-19,-0.0045614,-0.0064508,-0.0045614,-1.185e-18,0.0045614,0.0064508,0.0045614,3.95e-19,-0.0045614,-0.0064508,-0.0045614,-1.185e-18,0.0045614,0.0064508,0.0045614,3.95e-19,-0.0045614,-0.0064508,-0.0045614,-1.185e-18,0.0045614,0.0064508,0.0045614,3.95e-19,-0.0045614,-0.0064508,-0.0045614,-1.185e-18,0.0045614,0.0064508,0.0045614,3.95e-19,-0.0045614,-0.0064508,-0.0045614,-1.185e-18,0.0045614,0.0064508,0.0045614,3.95e-19,-0.0045614,-0.0064508,-0.0045614,-1.185e-18,0.0045614,0.0064508,0.0045614,3.95e-19,-0.0045614,-0.0064508,-0.0045614,-1.185e-18,0.0045614,0.0064508,0.0045614,3.95e-19,-0.0045614,-0.0064508,-0.0045614,-1.185e-18,0.0045614
0.0066524,0.0047039,4.0734e-19,-0.0047039,-0.0066524,-0.0047039,-1.222e-18,0.0047039,0.0066524,0.0047039,4.0734e-19,-0.0047039,-0.0066524,-0.0047039,-1.222e-18,0.0047039,0.0066524,0.0047039,4.0734e-19,-0.0047039,-0.0066524,-0.0047039,-1.222e-18,0.0047039,0.0066524,0.0047039,4.0734e-19,-0.0047039,-0.0066524,-0.0047039,-1.222e-18,0.0047039,0.0066524,0.0047039,4.0734e-19,-0.0047039,-0.0066524,-0.0047039,-1.222e-18,0.0047039,0.0066524,0.0047039,4.0734e-19,-0.0047039,-0.0066524,-0.0047039,-1.222e-18,0.0047039,0.0066524,0.0047039,4.0734e-19,-0.0047039,-0.0066524,-0.0047039,-1.222e-18,0.0047039,0.0066524,0.0047039,4.0734e-19,-0.0047039,-0.0066524,-0.0047039,-1.222e-18,0.0047039,0.0066524,0.0047039,4.0734e-19,-0.0047039,-0.0066524,-0.0047039,-1.222e-18,0.0047039,0.0066524,0.0047039,4.0734e-19,-0.0047039,-0.0066524,-0.0047039,-1.222e-18,0.0047039,0.0066524,0.0047039,4.0734e-19,-0.0047039,-0.0066524,-0.0047039,-1.222e-18,0.0047039,0.0066524,0.0047039,4.0734e-19,-0.0047039,-0.0066524,-0.0047039,-1.222e-18,0.0047039,0.0066524,0.0047039,4.0734e-19,-0.0047039,-0.0066524,-0.0047039,-1.222e-18,0.0047039,0.0066524,0.0047039,4.0734e-19,-0.0047039,-0.0066524,-0.0047039,-1.222e-18,0.0047039,0.0066524,0.0047039,4.0734e-19,-0.0047039,-0.0066524,-0.0047039,-1.222e-18,0.0047039,0.0066524,0.0047039,4.0734e-19,-0.0047039,-0.0066524,-0.0047039,-1.222e-18,0.0047039
0.006854,0.0048465,4.1968e-19,-0.0048465,-0.006854,-0.0048465,-1.2591e-18,0.0048465,0.006854,0.0048465,4.1968e-19,-0.0048465,-0.006854,-0.0048465,-1.2591e-18,0.0048465,0.006854,0.0048465,4.1968e-19,-0.0048465,-0.006854,-0.0048465,-1.2591e-18,0.0048465,0.006854,0.0048465,4.1968e-19,-0.0048465,-0.006854,-0.0048465,-1.2591e-18,0.0048465,0.006854,0.0048465,4.1968e-19,-0.0048465,-0.006854,-0.0048465,-1.2591e-18,0.0048465,0.006854,0.0048465,4.1968e-19,-0.0048465,-0.006854,-0.0048465,-1.2591e-18,0.0048465,0.006854,0.0048465,4.1968e-19,-0.0048465,-0.006854,-0.0048465,-1.2591e-18,0.0048465,0.006854,0.0048465,4.1968e-19,-0.0048465,-0.006854,-0.0048465,-1.2591e-18,0.0048465,0.006854,0.0048465,4.1968e-19,-0.0048465,-0.006854,-0.0048465,-1.2591e-18,0.0048465,0.006854,0.0048465,4.1968e-19,-0.0048465,-0.006854,-0.0048465,-1.2591e-18,0.0048465,0.006854,0.0048465,4.1968e-19,-0.0048465,-0.006854,-0.0048465,-1.2591e-18,0.0048465,0.006854,0.0048465,4.1968e-19,-0.0048465,-0.006854,-0.0048465,-1.2591e-18,0.0048465,0.006854,0.0048465,4.1968e-19,-0.0048465,-0.006854,-0.0048465,-1.2591e-18,0.0048465,0.006854,0.0048465,4.1968e-19,-0.0048465,-0.006854,-0.0048465,-1.2591e-18,0.0048465,0.006854,0.0048465,4.1968e-19,-0.0048465,-0.006854,-0.0048465,-1.2591e-18,0.0048465,0.006854,0.0048465,4.1968e-19,-0.0048465,-0.006854,-0.0048465,-1.2591e-18,0.0048465
0.0070556,0.004989,4.3203e-19,-0.004989,-0.0070556,-0.004989,-1.2961e-18,0.004989,0.0070556,0.004989,4.3203e-19,-0.004989,-0.0070556,-0.004989,-1.2961e-18,0.004989,0.0070556,0.004989,4.3203e-19,-0.004989,-0.0070556,-0.004989,-1.2961e-18,0.004989,0.0070556,0.004989,4.3203e-19,-0.004989,-0.0070556,-0.004989,-1.2961e-18,0.004989,0.0070556,0.004989,4.3203e-19,-0.004989,-0.0070556,-0.004989,-1.2961e-18,0.004989,0.0070556,0.004989,4.3203e-19,-0.004989,-0.0070556,-0.004989,-1.2961e-18,0.004989,0.0070556,0.004989,4.3203e-19,-0.004989,-0.0070556,-0.004989,-1.2961e-18,0.004989,0.0070556,0.004989,4.3203e-19,-0.004989,-0.0070556,-0.004989,-1.2961e-18,0.004989,0.0070556,0.004989,4.3203e-19,-0.004989,-0.0070556,-0.004989,-1.2961e-18,0.004989,0.0070556,0.004989,4.3203e-19,-0.004989,-0.0070556,-0.004989,-1.2961e-18,0.004989,0.0070556,0.004989,4.3203e-19,-0.004989,-0.0070556,-0.004989,-1.2961e-18,0.004989,0.0070556,0.004989,4.3203e-19,-0.004989,-0.0070556,-0.004989,-1.2961e-18,0.004989,0.0070556,0.004989,4.3203e-19,-0.004989,-0.0070556,-0.004989,-1.2961e-18,0.004989,0.0070556,0.004989,4.3203e-19,-0.004989,-0.0070556,-0.004989,-1.2961e-18,0.004989,0.0070556,0.004989,4.3203e-19,-0.004989,-0.0070556,-0.004989,-1.2961e-18,0.004989,0.0070556,0.004989,4.3203e-19,-0.004989,-0.0070556,-0.004989,-1.2961e-18,0.004989
0.0072571,0.0051316,4.4437e-19,-0.0051316,-0.0072571,-0.0051316,-1.3331e-18,0.0051316,0.0072571,0.0051316,4.4437e-19,-0.0051316,-0.0072571,-0.0051316,-1.3331e-18,0.0051316,0.0072571,0.0051316,4.4437e-19,-0.0051316,-0.0072571,-0.0051316,-1.3331e-18,0.0051316,0.0072571,0.0051316,4.4437e-19,-0.0051316,-0.0072571,-0.0051316,-1.3331e-18,0.0051316,0.0072571,0.0051316,4.4437e-19,-0.0051316,-0.0072571,-0.0051316,-1.3331e-18,0.0051316,0.0072571,0.0051316,4.4437e-19,-0.0051316,-0.0072571,-0.0051316,-1.3331e-18,0.0051316,0.0072571,0.0051316,4.4437e-19,-0.0051316,-0.0072571,-0.0051316,-1.3331e-18,0.0051316,0.0072571,0.0051316,4.4437e-19,-0.0051316,-0.0072571,-0.0051316,-1.3331e-18,0.0051316,0.0072571,0.0051316,4.4437e-19,-0.0051316,-0.0072571,-0.0051316,-1.3331e-18,0.0051316,0.0072571,0.0051316,4.4437e-19,-0.0051316,-0.0072571,-0.0051316,-1.3331e-18,0.0051316,0.0072571,0.0051316,4.4437e-19,-0.0051316,-0.0072571,-0.0051316,-1.3331e-18,0.0051316,0.0072571,0.0051316,4.4437e-19,-0.0051316,-0.0072571,-0.0051316,-1.3331e-18,0.0051316,0.0072571,0.0051316,4.4437e-19,-0.0051316,-0.0072571,-0.0051316,-1.3331e-18,0.0051316,0.0072571,0.0051316,4.4437e-19,-0.0051316,-0.0072571,-0.0051316,-1.3331e-18,0.0051316,0.0072571,0.0051316,4.4437e-19,-0.0051316,-0.0072571,-0.0051316,-1.3331e-18,0.0051316,0.0072571,0.0051316,4.4437e-19,-0.0051316,-0.0072571,-0.0051316,-1.3331e-18,0.0051316
0.0074587,0.0052741,4.5672e-19,-0.0052741,-0.0074587,-0.0052741,-1.3701e-18,0.0052741,0.0074587,0.0052741,4.5672e-19,-0.0052741,-0.0074587,-0.0052741,-1.3701e-18,0.0052741,0.0074587,0.0052741,4.5672e-19,-0.0052741,-0.0074587,-0.0052741,-1.3701e-18,0.0052741,0.0074587,0.0052741,4.5672e-19,-0.0052741,-0.0074587,-0.0052741,-1.3701e-18,0.0052741,0.0074587,0.0052741,4.5672e-19,-0.0052741,-0.0074587,-0.0052741,-1.3701e-18,0.0052741,0.0074587,0.0052741,4.5672e-19,-0.0052741,-0.0074587,-0.0052741,-1.3701e-18,0.0052741,0.0074587,0.0052741,4.5672e-19,-0.0052741,-0.0074587,-0.0052741,-1.3701e-18,0.0052741,0.0074587,0.0052741,4.5672e-19,-0.0052741,-0.0074587,-0.0052741,-1.3701e-18,0.0052741,0.0074587,0.0052741,4.5672e-19,-0.0052741,-0.0074587,-0.0052741,-1.3701e-18,0.0052741,0.0074587,0.0052741,4.5672e-19,-0.0052741,-0.0074587,-0.0052741,-1.3701e-18,0.0052741,0.0074587,0.0052741,4.5672e-19,-0.0052741,-0.0074587,-0.0052741,-1.3701e-18,0.0052741,0.0074587,0.0052741,4.5672e-19,-0.0052741,-0.0074587,-0.0052741,-1.3701e-18,0.0052741,0.0074587,0.0052741,4.5672e-19,-0.0052741,-0.0074587,-0.0052741,-1.3701e-18,0.0052741,0.0074587,0.0052741,4.5672e-19,-0.0052741,-0.0074587,-0.0052741,-1.3701e-18,0.0052741,0.0074587,0.0052741,4.5672e-19,-0.0052741,-0.0074587,-0.0052741,-1.3701e-18,0.0052741,0.0074587,0.0052741,4.5672e-19,-0.0052741,-0.0074587,-0.0052741,-1.3701e-18,0.0052741
0.0076603,0.0054167,4.6906e-19,-0.0054167,-0.0076603,-0.0054167,-1.4072e-18,0.0054167,0.0076603,0.0054167,4.6906e-19,-0.0054167,-0.0076603,-0.0054167,-1.4072e-18,0.0054167,0.0076603,0.0054167,4.6906e-19,-0.0054167,-0.0076603,-0.0054167,-1.4072e-18,0.0054167,0.0076603,0.0054167,4.6906e-19,-0.0054167,-0.0076603,-0.0054167,-1.4072e-18,0.0054167,0.0076603,0.0054167,4.6906e-19,-0.0054167,-0.0076603,-0.0054167,-1.4072e-18,0.0054167,0.0076603,0.0054167,4.6906e-19,-0.0054167,-0.0076603,-0.0054167,-1.4072e-18,0.0054167,0.0076603,0.0054167,4.6906e-19,-0.0054167,-0.0076603,-0.0054167,-1.4072e-18,0.0054167,0.0076603,0.0054167,4.6906e-19,-0.0054167,-0.0076603,-0.0054167,-1.4072e-18,0.0054167,0.0076603,0.0054167,4.6906e-19,-0.0054167,-0.0076603,-0.0054167,-1.4072e-18,0.0054167,0.0076603,0.0054167,4.6906e-19,-0.0054167,-0.0076603,-0.0054167,-1.4072e-18,0.0054167,0.0076603,0.0054167,4.6906e-19,-0.0054167,-0.0076603,-0.0054167,-1.4072e-18,0.0054167,0.0076603,0.0054167,4.6906e-19,-0.0054167,-0.0076603,-0.0054167,-1.4072e-18,0.0054167,0.0076603,0.0054167,4.6906e-19,-0.0054167,-0.0076603,-0.0054167,-1.4072e-18,0.0054167,0.0076603,0.0054167,4.6906e-19,-0.0054167,-0.0076603,-0.0054167,-1.4072e-18,0.0054167,0.0076603,0.0054167,4.6906e-19,-0.0054167,-0.0076603,-0.0054167,-1.4072e-18,0.0054167,0.0076603,0.0054167,4.6906e-19,-0.0054167,-0.0076603,-0.0054167,-1.4072e-18,0.0054167
0.0078619,0.0055592,4.814e-19,-0.0055592,-0.0078619,-0.0055592,-1.4442e-18,0.0055592,0.0078619,0.0055592,4.814e-19,-0.0055592,-0.0078619,-0.0055592,-1.4442e-18,0.0055592,0.0078619,0.0055592,4.814e-19,-0.0055592,-0.0078619,-0.0055592,-1.4442e-18,0.0055592,0.0078619,0.0055592,4.814e-19,-0.0055592,-0.0078619,-0.0055592,-1.4442e-18,0.0055592,0.0078619,0.0055592,4.814e-19,-0.0055592,-0.0078619,-0.0055592,-1.4442e-18,0.0055592,0.0078619,0.0055592,4.814e-19,-0.0055592,-0.0078619,-0.0055592,-1.4442e-18,0.0055592,0.0078619,0.0055592,4.814e-19,-0.0055592,-0.0078619,-0.0055592,-1.4442e-18,0.0055592,0.0078619,0.0055592,4.814e-19,-0.0055592,-0.0078619,-0.0055592,-1.4442e-18,0.0055592,0.0078619,0.0055592,4.814e-19,-0.0055592,-0.0078619,-0.0055592,-1.4442e-18,0.0055592,0.0078619,0.0055592,4.814e-19,-0.0055592,-0.0078619,-0.0055592,-1.4442e-18,0.0055592,0.0078619,0.0055592,4.814e-19,-0.0055592,-0.0078619,-0.0055592,-1.4442e-18,0.0055592,0.0078619,0.0055592,4.814e-19,-0.0055592,-0.0078619,-0.0055592,-1.4442e-18,0.0055592,0.0078619,0.0055592,4.814e-19,-0.0055592,-0.0078619,-0.0055592,-1.4442e-18,0.0055592,0.0078619,0.0055592,4.814e-19,-0.0055592,-0.0078619,-0.0055592,-1.4442e-18,0.0055592,0.0078619,0.0055592,4.814e-19,-0.0055592,-0.0078619,-0.0055592,-1.4442e-18,0.0055592,0.0078619,0.0055592,4.814e-19,-0.0055592,-0.0078619,-0.0055592,-1.4442e-18,0.0055592
0.0080635,0.0057017,4.9375e-19,-0.0057017,-0.0080635,-0.0057017,-1.4812e-18,0.0057017,0.0080635,0.0057017,4.9375e-19,-0.0057017,-0.0080635,-0.0057017,-1.4812e-18,0.0057017,0.0080635,0.0057017,4.9375e-19,-0.0057017,-0.0080635,-0.0057017,-1.4812e-18,0.0057017,0.0080635,0.0057017,4.9375e-19,-0.0057017,-0.0080635,-0.0057017,-1.4812e-18,0.0057017,0.0080635,0.0057017,4.9375e-19,-0.0057017,-0.0080635,-0.0057017,-1.4812e-18,0.0057017,0.0080635,0.0057017,4.9375e-19,-0.0057017,-0.0080635,-0.0057017,-1.4812e-18,0.0057017,0.0080635,0.0057017,4.9375e-19,-0.0057017,-0.0080635,-0.0057017,-1.4812e-18,0.0057017,0.0080635,0.0057017,4.9375e-19,-0.0057017,-0.0080635,-0.0057017,-1.4812e-18,0.0057017,0.0080635,0.0057017,4.9375e-19,-0.0057017,-0.0080635,-0.0057017,-1.4812e-18,0.0057017,0.0080635,0.0057017,4.9375e-19,-0.0057017,-0.0080635,-0.0057017,-1.4812e-18,0.0057017,0.0080635,0.0057017,4.9375e-19,-0.0057017,-0.0080635,-0.0057017,-1.4812e-18,0.0057017,0.0080635,0.0057017,4.9375e-19,-0.0057017,-0.0080635,-0.0057017,-1.4812e-18,0.0057017,0.0080635,0.0057017,4.9375e-19,-0.0057017,-0.0080635,-0.0057017,-1.4812e-18,0.0057017,0.0080635,0.0057017,4.9375e-19,-0.0057017,-0.0080635,-0.0057017,-1.4812e-18,0.0057017,0.0080635,0.0057017,4.9375e-19,-0.0057017,-0.0080635,-0.0057017,-1.4812e-18,0.0057017,0.0080635,0.0057017,4.9375e-19,-0.0057017,-0.0080635,-0.0057017,-1.4812e-18,0.0057017
0.0082651,0.0058443,5.0609e-19,-0.0058443,-0.0082651,-0.0058443,-1.5183e-18,0.0058443,0.0082651,0.0058443,5.0609e-19,-0.0058443,-0.0082651,-0.0058443,-1.5183e-18,0.0058443,0.0082651,0.0058443,5.0609e-19,-0.0058443,-0.0082651,-0.0058443,-1.5183e-18,0.0058443,0.0082651,0.0058443,5.0609e-19,-0.0058443,-0.0082651,-0.0058443,-1.5183e-18,0.0058443,0.0082651,0.0058443,5.0609e-19,-0.0058443,-0.0082651,-0.0058443,-1.5183e-18,0.0058443,0.0082651,0.0058443,5.0609e-19,-0.0058443,-0.0082651,-0.0058443,-1.5183e-18,0.0058443,0.0082651,0.0058443,5.0609e-19,-0.0058443,-0.0082651,-0.0058443,-1.5183e-18,0.0058443,0.0082651,0.0058443,5.0609e-19,-0.0058443,-0.0082651,-0.0058443,-1.5183e-18,0.0058443,0.0082651,0.0058443,5.0609e-19,-0.0058443,-0.0082651,-0.0058443,-1.5183e-18,0.0058443,0.0082651,0.0058443,5.0609e-19,-0.0058443,-0.0082651,-0.0058443,-1.5183e-18,0.0058443,0.0082651,0.0058443,5.0609e-19,-0.0058443,-0.0082651,-0.0058443,-1.5183e-18,0.0058443,0.0082651,0.0058443,5.0609e-19,-0.0058443,-0.0082651,-0.0058443,-1.5183e-18,0.0058443,0.0082651,0.0058443,5.0609e-19,-0.0058443,-0.0082651,-0.0058443,-1.5183e-18,0.0058443,0.0082651,0.0058443,5.0609e-19,-0.0058443,-0.0082651,-0.0058443,-1.5183e-18,0.0058443,0.0082651,0.0058443,5.0609e-19,-0.0058443,-0.0082651,-0.0058443,-1.5183e-18,0.0058443,0.0082651,0.0058443,5.0609e-19,-0.0058443,-0.0082651,-0.0058443,-1.5183e-18,0.0058443
0.0084667,0.0059868,5.1843e-19,-0.0059868,-0.0084667,-0.0059868,-1.5553e-18,0.0059868,0.0084667,0.0059868,5.1843e-19,-0.0059868,-0.0084667,-0.0059868,-1.5553e-18,0.0059868,0.0084667,0.0059868,5.1843e-19,-0.0059868,-0.0084667,-0.0059868,-1.5553e-18,0.0059868,0.0084667,0.0059868,5.1843e-19,-0.0059868,-0.0084667,-0.0059868,-1.5553e-18,0.0059868,0.0084667,0.0059868,5.1843e-19,-0.0059868,-0.0084667,-0.0059868,-1.5553e-18,0.0059868,0.0084667,0.0059868,5.1843e-19,-0.0059868,-0.0084667,-0.0059868,-1.5553e-18,0.0059868,0.0084667,0.0059868,5.1843e-19,-0.0059868,-0.0084667,-0.0059868,-1.5553e-18,0.0059868,0.0084667,0.0059868,5.1843e-19,-0.0059868,-0.0084667,-0.0059868,-1.5553e-18,0.0059868,0.0084667,0.0059868,5.1843e-19,-0.0059868,-0.0084667,-0.0059868,-1.5553e-18,0.0059868,0.0084667,0.0059868,5.1843e-19,-0.0059868,-0.0084667,-0.0059868,-1.5553e-18,0.0059868,0.0084667,0.0059868,5.1843e-19,-0.0059868,-0.0084667,-0.0059868,-1.5553e-18,0.0059868,0.0084667,0.0059868,5.1843e-19,-0.0059868,-0.0084667,-0.0059868,-1.5553e-18,0.0059868,0.0084667,0.0059868,5.1843e-19,-0.0059868,-0.0084667,-0.0059868,-1.5553e-18,0.0059868,0.0084667,0.0059868,5.1843e-19,-0.0059868,-0.0084667,-0.0059868,-1.5553e-18,0.0059868,0.0084667,0.0059868,5.1843e-19,-0.0059868,-0.0084667,-0.0059868,-1.5553e-18,0.0059868,0.0084667,0.0059868,5.1843e-19,-0.0059868,-0.0084667,-0.0059868,-1.5553e-18,0.0059868
0.0086683,0.0061294,5.3078e-19,-0.0061294,-0.0086683,-0.0061294,-1.5923e-18,0.0061294,0.0086683,0.0061294,5.3078e-19,-0.0061294,-0.0086683,-0.0061294,-1.5923e-18,0.0061294,0.0086683,0.0061294,5.3078e-19,-0.0061294,-0.0086683,-0.0061294,-1.5923e-18,0.0061294,0.0086683,0.0061294,5.3078e-19,-0.0061294,-0.0086683,-0.0061294,-1.5923e-18,0.0061294,0.0086683,0.0061294,5.3078e-19,-0.0061294,-0.0086683,-0.0061294,-1.5923e-18,0.0061294,0.0086683,0.0061294,5.3078e-19,-0.0061294,-0.0086683,-0.0061294,-1.5923e-18,0.0061294,0.0086683,0.0061294,5.3078e-19,-0.0061294,-0.0086683,-0.0061294,-1.5923e-18,0.0061294,0.0086683,0.0061294,5.3078e-19,-0.0061294,-0.0086683,-0.0061294,-1.5923e-18,0.0061294,0.0086683,0.0061294,5.3078e-19,-0.0061294,-0.0086683,-0.0061294,-1.5923e-18,0.0061294,0.0086683,0.0061294,5.3078e-19,-0.0061294,-0.0086683,-0.0061294,-1.5923e-18,0.0061294,0.0086683,0.0061294,5.3078e-19,-0.0061294,-0.0086683,-0.0061294,-1.5923e-18,0.0061294,0.0086683,0.0061294,5.3078e-19,-0.0061294,-0.0086683,-0.0061294,-1.5923e-18,0.0061294,0.0086683,0.0061294,5.3078e-19,-0.0061294,-0.0086683,-0.0061294,-1.5923e-18,0.0061294,0.0086683,0.0061294,5.3078e-19,-0.0061294,-0.0086683,-0.0061294,-1.5923e-18,0.0061294,0.0086683,0.0061294,5.3078e-19,-0.0061294,-0.0086683,-0.0061294,-1.5923e-18,0.0061294,0.0086683,0.0061294,5.3078e-19,-0.0061294,-0.0086683,-0.0061294,-1.5923e-18,0.0061294
0.0088698,0.0062719,5.4312e-19,-0.0062719,-0.0088698,-0.0062719,-1.6294e-18,0.0062719,0.0088698,0.0062719,5.4312e-19,-0.0062719,-0.0088698,-0.0062719,-1.6294e-18,0.0062719,0.0088698,0.0062719,5.4312e-19,-0.0062719,-0.0088698,-0.0062719,-1.6294e-18,0.0062719,0.0088698,0.0062719,5.4312e-19,-0.0062719,-0.0088698,-0.0062719,-1.6294e-18,0.0062719,0.0088698,0.0062719,5.4312e-19,-0.0062719,-0.0088698,-0.0062719,-1.6294e-18,0.0062719,0.0088698,0.0062719,5.4312e-19,-0.0062719,-0.0088698,-0.0062719,-1.6294e-18,0.0062719,0.0088698,0.0062719,5.4312e-19,-0.0062719,-0.0088698,-0.0062719,-1.6294e-18,0.0062719,0.0088698,0.0062719,5.4312e-19,-0.0062719,-0.0088698,-0.0062719,-1.6294e-18,0.0062719,0.0088698,0.0062719,5.4312e-19,-0.0062719,-0.0088698,-0.0062719,-1.6294e-18,0.0062719,0.0088698,0.0062719,5.4312e-19,-0.0062719,-0.0088698,-0.0062719,-1.6294e-18,0.0062719,0.0088698,0.0062719,5.4312e-19,-0.0062719,-0.0088698,-0.0062719,-1.6294e-18,0.0062719,0.0088698,0.0062719,5.4312e-19,-0.0062719,-0.0088698,-0.0062719,-1.6294e-18,0.0062719,0.0088698,0.0062719,5.4312e-19,-0.0062719,-0.0088698,-0.0062719,-1.6294e-18,0.0062719,0.0088698,0.0062719,5.4312e-19,-0.0062719,-0.0088698,-0.0062719,-1.6294e-18,0.0062719,0.0088698,0.0062719,5.4312e-19,-0.0062719,-0.0088698,-0.0062719,-1.6294e-18,0.0062719,0.0088698,0.0062719,5.4312e-19,-0.0062719,-0.0088698,-0.0062719,-1.6294e-18,0.0062719
0.0090714,0.0064145,5.5546e-19,-0.0064145,-0.0090714,-0.0064145,-1.6664e-18,0.0064145,0.0090714,0.0064145,5.5546e-19,-0.0064145,-0.0090714,-0.0064145,-1.6664e-18,0.0064145,0.0090714,0.0064145,5.5546e-19,-0.0064145,-0.0090714,-0.0064145,-1.6664e-18,0.0064145,0.0090714,0.0064145,5.5546e-19,-0.0064145,-0.0090714,-0.0064145,-1.6664e-18,0.0064145,0.0090714,0.0064145,5.5546e-19,-0.0064145,-0.0090714,-0.0064145,-1.6664e-18,0.0064145,0.0090714,0.0064145,5.5546e-19,-0.0064145,-0.0090714,-0.0064145,-1.6664e-18,0.0064145,0.0090714,0.0064145,5.5546e-19,-0.0064145,-0.0090714,-0.0064145,-1.6664e-18,0.0064145,0.0090714,0.0064145,5.5546e-19,-0.0064145,-0.0090714,-0.0064145,-1.6664e-18,0.0064145,0.0090714,0.0064145,5.5546e-19,-0.0064145,-0.0090714,-0.0064145,-1.6664e-18,0.0064145,0.0090714,0.0064145,5.5546e-19,-0.0064145,-0.0090714,-0.0064145,-1.6664e-18,0.0064145,0.0090714,0.0064145,5.5546e-19,-0.0064145,-0.0090714,-0.0064145,-1.6664e-18,0.0064145,0.0090714,0.0064145,5.5546e-19,-0.0064145,-0.0090714,-0.0064145,-1.6664e-18,0.0064145,0.0090714,0.0064145,5.5546e-19,-0.0064145,-0.0090714,-0.0064145,-1.6664e-18,0.0064145,0.0090714,0.0064145,5.5546e-19,-0.0064145,-0.0090714,-0.0064145,-1.6664e-18,0.0064145,0.0090714,0.0064145,5.5546e-19,-0.0064145,-0.0090714,-0.0064145,-1.6664e-18,0.0064145,0.0090714,0.0064145,5.5546e-19,-0.0064145,-0.0090714,-0.0064145,-1.6664e-18,0.0064145
0.009273,0.006557,5.6781e-19,-0.006557,-0.009273,-0.006557,-1.7034e-18,0.006557,0.009273,0.006557,5.6781e-19,-0.006557,-0.009273,-0.006557,-1.7034e-18,0.006557,0.009273,0.006557,5.6781e-19,-0.006557,-0.009273,-0.006557,-1.7034e-18,0.006557,0.009273,0.006557,5.6781e-19,-0.006557,-0.009273,-0.006557,-1.7034e-18,0.006557,0.009273,0.006557,5.6781e-19,-0.006557,-0.009273,-0.006557,-1.7034e-18,0.006557,0.009273,0.006557,5.6781e-19,-0.006557,-0.009273,-0.006557,-1.7034e-18,0.006557,0.009273,0.006557,5.6781e-19,-0.006557,-0.009273,-0.006557,-1.7034e-18,0.006557,0.009273,0.006557,5.6781e-19,-0.006557,-0.009273,-0.006557,-1.7034e-18,0.006557,0.009273,0.006557,5.6781e-19,-0.006557,-0.009273,-0.006557,-1.7034e-18,0.006557,0.009273,0.006557,5.6781e-19,-0.006557,-0.009273,-0.006557,-1.7034e-18,0.006557,0.009273,0.006557,5.6781e-19,-0.006557,-0.009273,-0.006557,-1.7034e-18,0.006557,0.009273,0.006557,5.6781e-19,-0.006557,-0.009273,-0.006557,-1.7034e-18,0.006557,0.009273,0.006557,5.6781e-19,-0.006557,-0.009273,-0.006557,-1.7034e-18,0.006557,0.009273,0.006557,5.6781e-19,-0.006557,-0.009273,-0.006557,-1.7034e-18,0.006557,0.009273,0.006557,5.6781e-19,-0.006557,-0.009273,-0.006557,-1.7034e-18,0.006557,0.009273,0.006557,5.6781e-19,-0.006557,-0.009273,-0.006557,-1.7034e-18,0.006557
0.0094746,0.0066996,5.8015e-19,-0.0066996,-0.0094746,-0.0066996,-1.7405e-18,0.0066996,0.0094746,0.0066996,5.8015e-19,-0.0066996,-0.0094746,-0.0066996,-1.7405e-18,0.0066996,0.0094746,0.0066996,5.8015e-19,-0.0066996,-0.0094746,-0.0066996,-1.7405e-18,0.0066996,0.0094746,0.0066996,5.8015e-19,-0.0066996,-0.0094746,-0.0066996,-1.7405e-18,0.0066996,0.0094746,0.0066996,5.8015e-19,-0.0066996,-0.0094746,-0.0066996,-1.7405e-18,0.0066996,0.0094746,0.0066996,5.8015e-19,-0.0066996,-0.0094746,-0.0066996,-1.7405e-18,0.0066996,0.0094746,0.0066996,5.8015e-19,-0.0066996,-0.0094746,-0.0066996,-1.7405e-18,0.0066996,0.0094746,0.0066996,5.8015e-19,-0.0066996,-0.0094746,-0.0066996,-1.7405e-18,0.0066996,0.0094746,0.0066996,5.8015e-19,-0.0066996,-0.0094746,-0.0066996,-1.7405e-18,0.0066996,0.0094746,0.0066996,5.8015e-19,-0.0066996,-0.0094746,-0.0066996,-1.7405e-18,0.0066996,0.0094746,0.0066996,5.8015e-19,-0.0066996,-0.0094746,-0.0066996,-1.7405e-18,0.0066996,0.0094746,0.0066996,5.8015e-19,-0.0066996,-0.0094746,-0.0066996,-1.7405e-18,0.0066996,0.0094746,0.0066996,5.8015e-19,-0.0066996,-0.0094746,-0.0066996,-1.7405e-18,0.0066996,0.0094746,0.0066996,5.8015e-19,-0.0066996,-0.0094746,-0.0066996,-1.7405e-18,0.0066996,0.0094746,0.0066996,5.8015e-19,-0.0066996,-0.0094746,-0.0066996,-1.7405e-18,0.0066996,0.0094746,0.0066996,5.8015e-19,-0.0066996,-0.0094746,-0.0066996,-1.7405e-18,0.0066996
0.0096762,0.0068421,5.925e-19,-0.0068421,-0.0096762,-0.0068421,-1.7775e-18,0.0068421,0.0096762,0.0068421,5.925e-19,-0.0068421,-0.0096762,-0.0068421,-1.7775e-18,0.0068421,0.0096762,0.0068421,5.925e-19,-0.0068421,-0.0096762,-0.0068421,-1.7775e-18,0.0068421,0.0096762,0.0068421,5.925e-19,-0.0068421,-0.0096762,-0.0068421,-1.7775e-18,0.0068421,0.0096762,0.0068421,5.925e-19,-0.0068421,-0.0096762,-0.0068421,-1.7775e-18,0.0068421,0.0096762,0.0068421,5.925e-19,-0.0068421,-0.0096762,-0.0068421,-1.7775e-18,0.0068421,0.0096762,0.0068421,5.925e-19,-0.0068421,-0.0096762,-0.0068421,-1.7775e-18,0.0068421,0.0096762,0.0068421,5.925e-19,-0.0068421,-0.0096762,-0.0068421,-1.7775e-18,0.0068421,0.0096762,0.0068421,5.925e-19,-0.0068421,-0.0096762,-0.0068421,-1.7775e-18,0.0068421,0.0096762,0.0068421,5.925e-19,-0.0068421,-0.0096762,-0.0068421,-1.7775e-18,0.0068421,0.0096762,0.0068421,5.925e-19,-0.0068421,-0.0096762,-0.0068421,-1.7775e-18,0.0068421,0.0096762,0.0068421,5.925e-19,-0.0068421,-0.0096762,-0.0068421,-1.7775e-18,0.0068421,0.0096762,0.0068421,5.925e-19,-0.0068421,-0.0096762,-0.0068421,-1.7775e-18,0.0068421,0.0096762,0.0068421,5.925e-19,-0.0068421,-0.0096762,-0.0068421,-1.7775e-18,0.0068421,0.0096762,0.0068421,5.925e-19,-0.0068421,-0.0096762,-0.0068421,-1.7775e-18,0.0068421,0.0096762,0.0068421,5.925e-19,-0.0068421,-0.0096762,-0.0068421,-1.7775e-18,0.0068421
0.0098778,0.0069846,6.0484e-19,-0.0069846,-0.0098778,-0.0069846,-1.8145e-18,0.0069846,0.0098778,0.0069846,6.0484e-19,-0.0069846,-0.0098778,-0.0069846,-1.8145e-18,0.0069846,0.0098778,0.0069846,6.0484e-19,-0.0069846,-0.0098778,-0.0069846,-1.8145e-18,0.0069846,0.0098778,0.0069846,6.0484e-19,-0.0069846,-0.0098778,-0.0069846,-1.8145e-18,0.0069846,0.0098778,0.0069846,6.0484e-19,-0.0069846,-0.0098778,-0.0069846,-1.8145e-18,0.0069846,0.0098778,0.0069846,6.0484e-19,-0.0069846,-0.0098778,-0.0069846,-1.8145e-18,0.0069846,0.0098778,0.0069846,6.0484e-19,-0.0069846,-0.0098778,-0.0069846,-1.8145e-18,0.0069846,0.0098778,0.0069846,6.0484e-19,-0.0069846,-0.0098778,-0.0069846,-1.8145e-18,0.0069846,0.0098778,0.0069846,6.0484e-19,-0.0069846,-0.0098778,-0.0069846,-1.8145e-18,0.0069846,0.0098778,0.0069846,6.0484e-19,-0.0069846,-0.0098778,-0.0069846,-1.8145e-18,0.0069846,0.0098778,0.0069846,6.0484e-19,-0.0069846,-0.0098778,-0.0069846,-1.8145e-18,0.0069846,0.0098778,0.0069846,6.0484e-19,-0.0069846,-0.0098778,-0.0069846,-1.8145e-18,0.0069846,0.0098778,0.0069846,6.0484e-19,-0.0069846,-0.0098778,-0.0069846,-1.8145e-18,0.0069846,0.0098778,0.0069846,6.0484e-19,-0.0069846,-0.0098778,-0.0069846,-1.8145e-18,0.0069846,0.0098778,0.0069846,6.0484e-19,-0.0069846,-0.0098778,-0.0069846,-1.8145e-18,0.0069846,0.0098778,0.0069846,6.0484e-19,-0.0069846,-0.0098778,-0.0069846,-1.8145e-18,0.0069846
0.010079,0.0071272,6.1718e-19,-0.0071272,-0.010079,-0.0071272,-1.8515e-18,0.0071272,0.010079,0.0071272,6.1718e-19,-0.0071272,-0.010079,-0.0071272,-1.8515e-18,0.0071272,0.010079,0.0071272,6.1718e-19,-0.0071272,-0.010079,-0.0071272,-1.8515e-18,0.0071272,0.010079,0.0071272,6.1718e-19,-0.0071272,-0.010079,-0.0071272,-1.8515e-18,0.0071272,0.010079,0.0071272,6.1718e-19,-0.0071272,-0.010079,-0.0071272,-1.8515e-18,0.0071272,0.010079,0.0071272,6.1718e-19,-0.0071272,-0.010079,-0.0071272,-1.8515e-18,0.0071272,0.010079,0.0071272,6.1718e-19,-0.0071272,-0.010079,-0.0071272,-1.8515e-18,0.0071272,0.010079,0.0071272,6.1718e-19,-0.0071272,-0.010079,-0.0071272,-1.8515e-18,0.0071272,0.010079,0.0071272,6.1718e-19,-0.0071272,-0.010079,-0.0071272,-1.8515e-18,0.0071272,0.010079,0.0071272,6.1718e-19,-0.0071272,-0.010079,-0.0071272,-1.8515e-18,0.0071272,0.010079,0.0071272,6.1718e-19,-0.0071272,-0.010079,-0.0071272,-1.8515e-18,0.0071272,0.010079,0.0071272,6.1718e-19,-0.0071272,-0.010079,-0.0071272,-1.8515e-18,0.0071272,0.010079,0.0071272,6.1718e-19,-0.0071272,-0.010079,-0.0071272,-1.8515e-18,0.0071272,0.010079,0.0071272,6.1718e-19,-0.0071272,-0.010079,-0.0071272,-1.8515e-18,0.0071272,0.010079,0.0071272,6.1718e-19,-0.0071272,-0.010079,-0.0071272,-1.8515e-18,0.0071272,0.010079,0.0071272,6.1718e-19,-0.0071272,-0.010079,-0.0071272,-1.8515e-18,0.0071272
0.010281,0.0072697,6.2953e-19,-0.0072697,-0.010281,-0.0072697,-1.8886e-18,0.0072697,0.010281,0.0072697,6.2953e-19,-0.0072697,-0.010281,-0.0072697,-1.8886e-18,0.0072697,0.010281,0.0072697,6.2953e-19,-0.0072697,-0.010281,-0.0072697,-1.8886e-18,0.0072697,0.010281,0.0072697,6.2953e-19,-0.0072697,-0.010281,-0.0072697,-1.8886e-18,0.0072697,0.010281,0.0072697,6.2953e-19,-0.0072697,-0.010281,-0.0072697,-1.8886e-18,0.0072697,0.010281,0.0072697,6.2953e-19,-0.0072697,-0.010281,-0.0072697,-1.8886e-18,0.0072697,0.010281,0.0072697,6.2953e-19,-0.0072697,-0.010281,-0.0072697,-1.8886e-18,0.0072697,0.010281,0.0072697,6.2953e-19,-0.0072697,-0.010281,-0.0072697,-1.8886e-18,0.0072697,0.010281,0.0072697,6.2953e-19,-0.0072697,-0.010281,-0.0072697,-1.8886e-18,0.0072697,0.010281,0.0072697,6.2953e-19,-0.0072697,-0.010281,-0.0072697,-1.8886e-18,0.0072697,0.010281,0.0072697,6.2953e-19,-0.0072697,-0.010281,-0.0072697,-1.8886e-18,0.0072697,0.010281,0.0072697,6.2953e-19,-0.0072697,-0.010281,-0.0072697,-1.8886e-18,0.0072697,0.010281,0.0072697,6.2953e-19,-0.0072697,-0.010281,-0.0072697,-1.8886e-18,0.0072697,0.010281,0.0072697,6.2953e-19,-0.0072697,-0.010281,-0.0072697,-1.8886e-18,0.0072697,0.010281,0.0072697,6.2953e-19,-0.0072697,-0.010281,-0.0072697,-1.8886e-18,0.0072697,0.010281,0.0072697,6.2953e-19,-0.0072697,-0.010281,-0.0072697,-1.8886e-18,0.0072697
0.010483,0.0074123,6.4187e-19,-0.0074123,-0.010483,-0.0074123,-1.9256e-18,0.0074123,0.010483,0.0074123,6.4187e-19,-0.0074123,-0.010483,-0.0074123,-1.9256e-18,0.0074123,0.010483,0.0074123,6.4187e-19,-0.0074123,-0.010483,-0.0074123,-1.9256e-18,0.0074123,0.010483,0.0074123,6.4187e-19,-0.0074123,-0.010483,-0.0074123,-1.9256e-18,0.0074123,0.010483,0.0074123,6.4187e-19,-0.0074123,-0.010483,-0.0074123,-1.9256e-18,0.0074123,0.010483,0.0074123,6.4187e-19,-0.0074123,-0.010483,-0.0074123,-1.9256e-18,0.0074123,0.010483,0.0074123,6.4187e-19,-0.0074123,-0.010483,-0.0074123,-1.9256e-18,0.0074123,0.010483,0.0074123,6.4187e-19,-0.0074123,-0.010483,-0.0074123,-1.9256e-18,0.0074123,0.010483,0.0074123,6.4187e-19,-0.0074123,-0.010483,-0.0074123,-1.9256e-18,0.0074123,0.010483,0.0074123,6.4187e-19,-0.0074123,-0.010483,-0.0074123,-1.9256e-18,0.0074123,0.010483,0.0074123,6.4187e-19,-0.0074123,-0.010483,-0.0074123,-1.9256e-18,0.0074123,0.010483,0.0074123,6.4187e-19,-0.0074123,-0.010483,-0.0074123,-1.9256e-18,0.0074123,0.010483,0.0074123,6.4187e-19,-0.0074123,-0.010483,-0.0074123,-1.9256e-18,0.0074123,0.010483,0.0074123,6.4187e-19,-0.0074123,-0.010483,-0.0074123,-1.9256e-18,0.0074123,0.010483,0.0074123,6.4187e-19,-0.0074123,-0.010483,-0.0074123,-1.9256e-18,0.0074123,0.010483,0.0074123,6.4187e-19,-0.0074123,-0.010483,-0.0074123,-1.9256e-18,0.0074123
0.010684,0.0075548,6.5421e-19,-0.0075548,-0.010684,-0.0075548,-1.9626e-18,0.0075548,0.010684,0.0075548,6.5421e-19,-0.0075548,-0.010684,-0.0075548,-1.9626e-18,0.0075548,0.010684,0.0075548,6.5421e-19,-0.0075548,-0.010684,-0.0075548,-1.9626e-18,0.0075548,0.010684,0.0075548,6.5421e-19,-0.0075548,-0.010684,-0.0075548,-1.9626e-18,0.0075548,0.010684,0.0075548,6.5421e-19,-0.0075548,-0.010684,-0.0075548,-1.9626e-18,0.0075548,0.010684,0.0075548,6.5421e-19,-0.0075548,-0.010684,-0.0075548,-1.9626e-18,0.0075548,0.010684,0.0075548,6.5421e-19,-0.0075548,-0.010684,-0.0075548,-1.9626e-18,0.0075548,0.010684,0.0075548,6.5421e-19,-0.0075548,-0.010684,-0.0075548,-1.9626e-18,0.0075548,0.010684,0.0075548,6.5421e-19,-0.0075548,-0.010684,-0.0075548,-1.9626e-18,0.0075548,0.010684,0.0075548,6.5421e-19,-0.0075548,-0.010684,-0.0075548,-1.9626e-18,0.0075548,0.010684,0.0075548,6.5421e-19,-0.0075548,-0.010684,-0.0075548,-1.9626e-18,0.0075548,0.010684,0.0075548,6.5421e-19,-0.0075548,-0.010684,-0.0075548,-1.9626e-18,0.0075548,0.010684,0.0075548,6.5421e-19,-0.0075548,-0.010684,-0.0075548,-1.9626e-18,0.0075548,0.010684,0.0075548,6.5421e-19,-0.0075548,-0.010684,-0.0075548,-1.9626e-18,0.0075548,0.010684,0.0075548,6.5421e-19,-0.0075548,-0.010684,-0.0075548,-1.9626e-18,0.0075548,0.010684,0.0075548,6.5421e-19,-0.0075548,-0.010684,-0.0075548,-1.9626e-18,0.0075548
0.010886,0.0076974,6.6656e-19,-0.0076974,-0.010886,-0.0076974,-1.9997e-18,0.0076974,0.010886,0.0076974,6.6656e-19,-0.0076974,-0.010886,-0.0076974,-1.9997e-18,0.0076974,0.010886,0.0076974,6.6656e-19,-0.0076974,-0.010886,-0.0076974,-1.9997e-18,0.0076974,0.010886,0.0076974,6.6656e-19,-0.0076974,-0.010886,-0.0076974,-1.9997e-18,0.0076974,0.010886,0.0076974,6.6656e-19,-0.0076974,-0.010886,-0.0076974,-1.9997e-18,0.0076974,0.010886,0.0076974,6.6656e-19,-0.0076974,-0.010886,-0.0076974,-1.9997e-18,0.0076974,0.010886,0.0076974,6.6656e-19,-0.0076974,-0.010886,-0.0076974,-1.9997e-18,0.0076974,0.010886,0.0076974,6.6656e-19,-0.0076974,-0.010886,-0.0076974,-1.9997e-18,0.0076974,0.010886,0.0076974,6.6656e-19,-0.0076974,-0.010886,-0.0076974,-1.9997e-18,0.0076974,0.010886,0.0076974,6.6656e-19,-0.0076974,-0.010886,-0.0076974,-1.9997e-18,0.0076974,0.010886,0.0076974,6.6656e-19,-0.0076974,-0.010886,-0.0076974,-1.9997e-18,0.0076974,0.010886,0.0076974,6.6656e-19,-0.0076974,-0.010886,-0.0076974,-1.9997e-18,0.0076974,0.010886,0.0076974,6.6656e-19,-0.0076974,-0.010886,-0.0076974,-1.9997e-18,0.0076974,0.010886,0.0076974,6.6656e-19,-0.0076974,-0.010886,-0.0076974,-1.9997e-18,0.0076974,0.010886,0.0076974,6.6656e-19,-0.0076974,-0.010886,-0.0076974,-1.9997e-18,0.0076974,0.010886,0.0076974,6.6656e-19,-0.0076974,-0.010886,-0.0076974,-1.9997e-18,0.0076974
0.011087,0.0078399,6.789e-19,-0.0078399,-0.011087,-0.0078399,-2.0367e-18,0.0078399,0.011087,0.0078399,6.789e-19,-0.0078399,-0.011087,-0.0078399,-2.0367e-18,0.0078399,0.011087,0.0078399,6.789e-19,-0.0078399,-0.011087,-0.0078399,-2.0367e-18,0.0078399,0.011087,0.0078399,6.789e-19,-0.0078399,-0.011087,-0.0078399,-2.0367e-18,0.0078399,0.011087,0.0078399,6.789e-19,-0.0078399,-0.011087,-0.0078399,-2.0367e-18,0.0078399,0.011087,0.0078399,6.789e-19,-0.0078399,-0.011087,-0.0078399,-2.0367e-18,0.0078399,0.011087,0.0078399,6.789e-19,-0.0078399,-0.011087,-0.0078399,-2.0367e-18,0.0078399,0.011087,0.0078399,6.789e-19,-0.0078399,-0.011087,-0.0078399,-2.0367e-18,0.0078399,0.011087,0.0078399,6.789e-19,-0.0078399,-0.011087,-0.0078399,-2.0367e-18,0.0078399,0.011087,0.0078399,6.789e-19,-0.0078399,-0.011087,-0.0078399,-2.0367e-18,0.0078399,0.011087,0.0078399,6.789e-19,-0.0078399,-0.011087,-0.0078399,-2.0367e-18,0.0078399,0.011087,0.0078399,6.789e-19,-0.0078399,-0.011087,-0.0078399,-2.0367e-18,0.0078399,0.011087,0.0078399,6.789e-19,-0.0078399,-0.011087,-0.0078399,-2.0367e-18,0.0078399,0.011087,0.0078399,6.789e-19,-0.0078399,-0.011087,-0.0078399,-2.0367e-18,0.0078399,0.011087,0.0078399,6.789e-19,-0.0078399,-0.011087,-0.0078399,-2.0367e-18,0.0078399,0.011087,0.0078399,6.789e-19,-0.0078399,-0.011087,-0.0078399,-2.0367e-18,0.0078399
0.011289,0.0079824,6.9125e-19,-0.0079824,-0.011289,-0.0079824,-2.0737e-18,0.0079824,0.011289,0.0079824,6.9125e-19,-0.0079824,-0.011289,-0.0079824,-2.0737e-18,0.0079824,0.011289,0.0079824,6.9125e-19,-0.0079824,-0.011289,-0.0079824,-2.0737e-18,0.0079824,0.011289,0.0079824,6.9125e-19,-0.0079824,-0.011289,-0.0079824,-2.0737e-18,0.0079824,0.011289,0.0079824,6.9125e-19,-0.0079824,-0.011289,-0.0079824,-2.0737e-18,0.0079824,0.011289,0.0079824,6.9125e-19,-0.0079824,-0.011289,-0.0079824,-2.0737e-18,0.0079824,0.011289,0.0079824,6.9125e-19,-0.0079824,-0.011289,-0.0079824,-2.0737e-18,0.0079824,0.011289,0.0079824,6.9125e-19,-0.0079824,-0.011289,-0.0079824,-2.0737e-18,0.0079824,0.011289,0.0079824,6.9125e-19,-0.0079824,-0.011289,-0.0079824,-2.0737e-18,0.0079824,0.011289,0.0079824,6.9125e-19,-0.0079824,-0.011289,-0.0079824,-2.0737e-18,0.0079824,0.011289,0.0079824,6.9125e-19,-0.0079824,-0.011289,-0.0079824,-2.0737e-18,0.0079824,0.011289,0.0079824,6.9125e-19,-0.0079824,-0.011289,-0.0079824,-2.0737e-18,0.0079824,0.011289,0.0079824,6.9125e-19,-0.0079824,-0.011289,-0.0079824,-2.0737e-18,0.0079824,0.011289,0.0079824,6.9125e-19,-0.0079824,-0.011289,-0.0079824,-2.0737e-18,0.0079824,0.011289,0.0079824,6.9125e-19,-0.0079824,-0.011289,-0.0079824,-2.0737e-18,0.0079824,0.011289,0.0079824,6.9125e-19,-0.0079824,-0.011289,-0.0079824,-2.0737e-18,0.0079824
0.01149,0.008125,7.0359e-19,-0.008125,-0.01149,-0.008125,-2.1108e-18,0.008125,0.01149,0.008125,7.0359e-19,-0.008125,-0.01149,-0.008125,-2.1108e-18,0.008125,0.01149,0.008125,7.0359e-19,-0.008125,-0.01149,-0.008125,-2.1108e-18,0.008125,0.01149,0.008125,7.0359e-19,-0.008125,-0.01149,-0.008125,-2.1108e-18,0.008125,0.01149,0.008125,7.0359e-19,-0.008125,-0.01149,-0.008125,-2.1108e-18,0.008125,0.01149,0.008125,7.0359e-19,-0.008125,-0.01149,-0.008125,-2.1108e-18,0.008125,0.01149,0.008125,7.0359e-19,-0.008125,-0.01149,-0.008125,-2.1108e-18,0.008125,0.01149,0.008125,7.0359e-19,-0.008125,-0.01149,-0.008125,-2.1108e-18,0.008125,0.01149,0.008125,7.0359e-19,-0.008125,-0.01149,-0.008125,-2.1108e-18,0.008125,0.01149,0.008125,7.0359e-19,-0.008125,-0.01149,-0.008125,-2.1108e-18,0.008125,0.01149,0.008125,7.0359e-19,-0.008125,-0.01149,-0.008125,-2.1108e-18,0.008125,0.01149,0.008125,7.0359e-19,-0.008125,-0.01149,-0.008125,-2.1108e-18,0.008125,0.01149,0.008125,7.0359e-19,-0.008125,-0.01149,-0.008125,-2.1108e-18,0.008125,0.01149,0.008125,7.0359e-19,-0.008125,-0.01149,-0.008125,-2.1108e-18,0.008125,0.01149,0.008125,7.0359e-19,-0.008125,-0.01149,-0.008125,-2.1108e-18,0.008125,0.01149,0.008125,7.0359e-19,-0.008125,-0.01149,-0.008125,-2.1108e-18,0.008125
0.011692,0.0082675,7.1593e-19,-0.0082675,-0.011692,-0.0082675,-2.1478e-18,0.0082675,0.011692,0.0082675,7.1593e-19,-0.0082675,-0.011692,-0.0082675,-2.1478e-18,0.0082675,0.011692,0.0082675,7.1593e-19,-0.0082675,-0.011692,-0.0082675,-2.1478e-18,0.0082675,0.011692,0.0082675,7.1593e-19,-0.0082675,-0.011692,-0.0082675,-2.1478e-18,0.0082675,0.011692,0.0082675,7.1593e-19,-0.0082675,-0.011692,-0.0082675,-2.1478e-18,0.0082675,0.011692,0.0082675,7.1593e-19,-0.0082675,-0.011692,-0.0082675,-2.1478e-18,0.0082675,0.011692,0.0082675,7.1593e-19,-0.0082675,-0.011692,-0.0082675,-2.1478e-18,0.0082675,0.011692,0.0082675,7.1593e-19,-0.0082675,-0.011692,-0.0082675,-2.1478e-18,0.0082675,0.011692,0.0082675,7.1593e-19,-0.0082675,-0.011692,-0.0082675,-2.1478e-18,0.0082675,0.011692,0.0082675,7.1593e-19,-0.0082675,-0.011692,-0.0082675,-2.1478e-18,0.0082675,0.011692,0.0082675,7.1593e-19,-0.0082675,-0.011692,-0.0082675,-2.1478e-18,0.0082675,0.011692,0.0082675,7.1593e-19,-0.0082675,-0.011692,-0.0082675,-2.1478e-18,0.0082675,0.011692,0.0082675,7.1593e-19,-0.0082675,-0.011692,-0.0082675,-2.1478e-18,0.0082675,0.011692,0.0082675,7.1593e-19,-0.0082675,-0.011692,-0.0082675,-2.1478e-18,0.0082675,0.011692,0.0082675,7.1593e-19,-0.0082675,-0.011692,-0.0082675,-2.1478e-18,0.0082675,0.011692,0.0082675,7.1593e-19,-0.0082675,-0.011692,-0.0082675,-2.1478e-18,0.0082675
0.011894,0.0084101,7.2828e-19,-0.0084101,-0.011894,-0.0084101,-2.1848e-18,0.0084101,0.011894,0.0084101,7.2828e-19,-0.0084101,-0.011894,-0.0084101,-2.1848e-18,0.0084101,0.011894,0.0084101,7.2828e-19,-0.0084101,-0.011894,-0.0084101,-2.1848e-18,0.0084101,0.011894,0.0084101,7.2828e-19,-0.0084101,-0.011894,-0.0084101,-2.1848e-18,0.0084101,0.011894,0.0084101,7.2828e-19,-0.0084101,-0.011894,-0.0084101,-2.1848e-18,0.0084101,0.011894,0.0084101,7.2828e-19,-0.0084101,-0.011894,-0.0084101,-2.1848e-18,0.0084101,0.011894,0.0084101,7.2828e-19,-0.0084101,-0.011894,-0.0084101,-2.1848e-18,0.0084101,0.011894,0.0084101,7.2828e-19,-0.0084101,-0.011894,-0.0084101,-2.1848e-18,0.0084101,0.011894,0.0084101,7.2828e-19,-0.0084101,-0.011894,-0.0084101,-2.1848e-18,0.0084101,0.011894,0.0084101,7.2828e-19,-0.0084101,-0.011894,-0.0084101,-2.1848e-18,0.0084101,0.011894,0.0084101,7.2828e-19,-0.0084101,-0.011894,-0.0084101,-2.1848e-18,0.0084101,0.011894,0.0084101,7.2828e-19,-0.0084101,-0.011894,-0.0084101,-2.1848e-18,0.0084101,0.011894,0.0084101,7.2828e-19,-0.0084101,-0.011894,-0.0084101,-2.1848e-18,0.0084101,0.011894,0.0084101,7.2828e-19,-0.0084101,-0.011894,-0.0084101,-2.1848e-18,0.0084101,0.011894,0.0084101,7.2828e-19,-0.0084101,-0.011894,-0.0084101,-2.1848e-18,0.0084101,0.011894,0.0084101,7.2828e-19,-0.0084101,-0.011894,-0.0084101,-2.1848e-18,0.0084101
0.012095,0.0085526,7.4062e-19,-0.0085526,-0.012095,-0.0085526,-2.2219e-18,0.0085526,0.012095,0.0085526,7.4062e-19,-0.0085526,-0.012095,-0.0085526,-2.2219e-18,0.0085526,0.012095,0.0085526,7.4062e-19,-0.0085526,-0.012095,-0.0085526,-2.2219e-18,0.0085526,0.012095,0.0085526,7.4062e-19,-0.0085526,-0.012095,-0.0085526,-2.2219e-18,0.0085526,0.012095,0.0085526,7.4062e-19,-0.0085526,-0.012095,-0.0085526,-2.2219e-18,0.0085526,0.012095,0.0085526,7.4062e-19,-0.0085526,-0.012095,-0.0085526,-2.2219e-18,0.0085526,0.012095,0.0085526,7.4062e-19,-0.0085526,-0.012095,-0.0085526,-2.2219e-18,0.0085526,0.012095,0.0085526,7.4062e-19,-0.0085526,-0.012095,-0.0085526,-2.2219e-18,0.0085526,0.012095,0.0085526,7.4062e-19,-0.0085526,-0.012095,-0.0085526,-2.2219e-18,0.0085526,0.012095,0.0085526,7.4062e-19,-0.0085526,-0.012095,-0.0085526,-2.2219e-18,0.0085526,0.012095,0.0085526,7.4062e-19,-0.0085526,-0.012095,-0.0085526,-2.2219e-18,0.0085526,0.012095,0.0085526,7.4062e-19,-0.0085526,-0.012095,-0.0085526,-2.2219e-18,0.0085526,0.012095,0.0085526,7.4062e-19,-0.0085526,-0.012095,-0.0085526,-2.2219e-18,0.0085526,0.012095,0.0085526,7.4062e-19,-0.0085526,-0.012095,-0.0085526,-2.2219e-18,0.0085526,0.012095,0.0085526,7.4062e-19,-0.0085526,-0.012095,-0.0085526,-2.2219e-18,0.0085526,0.012095,0.0085526,7.4062e-19,-0.0085526,-0.012095,-0.0085526,-2.2219e-18,0.0085526
0.012297,0.0086952,7.5296e-19,-0.0086952,-0.012297,-0.0086952,-2.2589e-18,0.0086952,0.012297,0.0086952,7.5296e-19,-0.0086952,-0.012297,-0.0086952,-2.2589e-18,0.0086952,0.012297,0.0086952,7.5296e-19,-0.0086952,-0.012297,-0.0086952,-2.2589e-18,0.0086952,0.012297,0.0086952,7.5296e-19,-0.0086952,-0.012297,-0.0086952,-2.2589e-18,0.0086952,0.012297,0.0086952,7.5296e-19,-0.0086952,-0.012297,-0.0086952,-2.2589e-18,0.0086952,0.012297,0.0086952,7.5296e-19,-0.0086952,-0.012297,-0.0086952,-2.2589e-18,0.0086952,0.012297,0.0086952,7.5296e-19,-0.0086952,-0.012297,-0.0086952,-2.2589e-18,0.0086952,0.012297,0.0086952,7.5296e-19,-0.0086952,-0.012297,-0.0086952,-2.2589e-18,0.0086952,0.012297,0.0086952,7.5296e-19,-0.0086952,-0.012297,-0.0086952,-2.2589e-18,0.0086952,0.012297,0.0086952,7.5296e-19,-0.0086952,-0.012297,-0.0086952,-2.2589e-18,0.0086952,0.012297,0.0086952,7.5296e-19,-0.0086952,-0.012297,-0.0086952,-2.2589e-18,0.0086952,0.012297,0.0086952,7.5296e-19,-0.0086952,-0.012297,-0.0086952,-2.2589e-18,0.0086952,0.012297,0.0086952,7.5296e-19,-0.0086952,-0.012297,-0.0086952,-2.2589e-18,0.0086952,0.012297,0.0086952,7.5296e-19,-0.0086952,-0.012297,-0.0086952,-2.2589e-18,0.0086952,0.012297,0.0086952,7.5296e-19,-0.0086952,-0.012297,-0.0086952,-2.2589e-18,0.0086952,0.012297,0.0086952,7.5296e-19,-0.0086952,-0.012297,-0.0086952,-2.2589e-18,0.0086952
0.012498,0.0088377,7.6531e-19,-0.0088377,-0.012498,-0.0088377,-2.2959e-18,0.0088377,0.012498,0.0088377,7.6531e-19,-0.0088377,-0.012498,-0.0088377,-2.2959e-18,0.0088377,0.012498,0.0088377,7.6531e-19,-0.0088377,-0.012498,-0.0088377,-2.2959e-18,0.0088377,0.012498,0.0088377,7.6531e-19,-0.0088377,-0.012498,-0.0088377,-2.2959e-18,0.0088377,0.012498,0.0088377,7.6531e-19,-0.0088377,-0.012498,-0.0088377,-2.2959e-18,0.0088377,0.012498,0.0088377,7.6531e-19,-0.0088377,-0.012498,-0.0088377,-2.2959e-18,0.0088377,0.012498,0.0088377,7.6531e-19,-0.0088377,-0.012498,-0.0088377,-2.2959e-18,0.0088377,0.012498,0.0088377,7.6531e-19,-0.0088377,-0.012498,-0.0088377,-2.2959e-18,0.0088377,0.012498,0.0088377,7.6531e-19,-0.0088377,-0.012498,-0.0088377,-2.2959e-18,0.0088377,0.012498,0.0088377,7.6531e-19,-0.0088377,-0.012498,-0.0088377,-2.2959e-18,0.0088377,0.012498,0.0088377,7.6531e-19,-0.0088377,-0.012498,-0.0088377,-2.2959e-18,0.0088377,0.012498,0.0088377,7.6531e-19,-0.0088377,-0.012498,-0.0088377,-2.2959e-18,0.0088377,0.012498,0.0088377,7.6531e-19,-0.0088377,-0.012498,-0.0088377,-2.2959e-18,0.0088377,0.012498,0.0088377,7.6531e-19,-0.0088377,-0.012498,-0.0088377,-2.2959e-18,0.0088377,0.012498,0.0088377,7.6531e-19,-0.0088377,-0.012498,-0.0088377,-2.2959e-18,0.0088377,0.012498,0.0088377,7.6531e-19,-0.0088377,-0.012498,-0.0088377,-2.2959e-18,0.0088377
0.0127,0.0089803,7.7765e-19,-0.0089803,-0.0127,-0.0089803,-2.333e-18,0.0089803,0.0127,0.0089803,7.7765e-19,-0.0089803,-0.0127,-0.0089803,-2.333e-18,0.0089803,0.0127,0.0089803,7.7765e-19,-0.0089803,-0.0127,-0.0089803,-2.333e-18,0.0089803,0.0127,0.0089803,7.7765e-19,-0.0089803,-0.0127,-0.0089803,-2.333e-18,0.0089803,0.0127,0.0089803,7.7765e-19,-0.0089803,-0.0127,-0.0089803,-2.333e-18,0.0089803,0.0127,0.0089803,7.7765e-19,-0.0089803,-0.0127,-0.0089803,-2.333e-18,0.0089803,0.0127,0.0089803,7.7765e-19,-0.0089803,-0.0127,-0.0089803,-2.333e-18,0.0089803,0.0127,0.0089803,7.7765e-19,-0.0089803,-0.0127,-0.0089803,-2.333e-18,0.0089803,0.0127,0.0089803,7.7765e-19,-0.0089803,-0.0127,-0.0089803,-2.333e-18,0.0089803,0.0127,0.0089803,7.7765e-19,-0.0089803,-0.0127,-0.0089803,-2.333e-18,0.0089803,0.0127,0.0089803,7.7765e-19,-0.0089803,-0.0127,-0.0089803,-2.333e-18,0.0089803,0.0127,0.0089803,7.7765e-19,-0.0089803,-0.0127,-0.0089803,-2.333e-18,0.0089803,0.0127,0.0089803,7.7765e-19,-0.0089803,-0.0127,-0.0089803,-2.333e-18,0.0089803,0.0127,0.0089803,7.7765e-19,-0.0089803,-0.0127,-0.0089803,-2.333e-18,0.0089803,0.0127,0.0089803,7.7765e-19,-0.0089803,-0.0127,-0.0089803,-2.333e-18,0.0089803,0.0127,0.0089803,7.7765e-19,-0.0089803,-0.0127,-0.0089803,-2.333e-18,0.0089803
