1193.6,1193.6,1193.6,1193.6,1193.6,1193.6,1193.6,1193.6,1193.6,1193.6,1193.6,1193.6,1193.6,1193.6,1193.6,1193.6,1491.4,1491.4,1491.4,1491.4,1491.4,1491.4,1491.4,1491.4,1491.4,1491.4,1491.4,1491.4,1491.4,1491.4,1491.4,1491.4,1881.4,1881.4,1881.4,1881.4,1881.4,1881.4,1881.4,1881.4,1881.4,1881.4,1881.4,1881.4,1881.4,1881.4,1881.4,1881.4,2366.8,2366.8,2366.8,2366.8,2366.8,2366.8,2366.8,2366.8,2366.8,2366.8,2366.8,2366.8,2366.8,2366.8,2366.8,2366.8,2879.9,2879.9,2879.9,2879.9,2879.9,2879.9,2879.9,2879.9,2879.9,2879.9,2879.9,2879.9,2879.9,2879.9,2879.9,2879.9,3166,3166,3166,3166,3166,3166,3166,3166,3166,3166,3166,3166,3166,3166,3166,3166,2707.1,2707.1,2707.1,2707.1,2707.1,2707.1,2707.1,2707.1,2707.1,2707.1,2707.1,2707.1,2707.1,2707.1,2707.1,2707.1,1105.6,1105.6,1105.6,1105.6,1105.6,1105.6,1105.6,1105.6,1105.6,1105.6,1105.6,1105.6,1105.6,1105.6,1105.6,1105.6,-1105.6,-1105.6,-1105.6,-1105.6,-1105.6,-1105.6,-1105.6,-1105.6,-1105.6,-1105.6,-1105.6,-1105.6,-1105.6,-1105.6,-1105.6,-1105.6,-2707.1,-2707.1,-2707.1,-2707.1,-2707.1,-2707.1,-2707.1,-2707.1,-2707.1,-2707.1,-2707.1,-2707.1,-2707.1,-2707.1,-2707.1,-2707.1,-3166,-3166,-3166,-3166,-3166,-3166,-3166,-3166,-3166,-3166,-3166,-3166,-3166,-3166,-3166,-3166,-2879.9,-2879.9,-2879.9,-2879.9,-2879.9,-2879.9,-2879.9,-2879.9,-2879.9,-2879.9,-2879.9,-2879.9,-2879.9,-2879.9,-2879.9,-2879.9,-2366.8,-2366.8,-2366.8,-2366.8,-2366.8,-2366.8,-2366.8,-2366.8,-2366.8,-2366.8,-2366.8,-2366.8,-2366.8,-2366.8,-2366.8,-2366.8,-1881.4,-1881.4,-1881.4,-1881.4,-1881.4,-1881.4,-1881.4,-1881.4,-1881.4,-1881.4,-1881.4,-1881.4,-1881.4,-1881.4,-1881.4,-1881.4,-1491.4,-1491.4,-1491.4,-1491.4,-1491.4,-1491.4,-1491.4,-1491.4,-1491.4,-1491.4,-1491.4,-1491.4,-1491.4,-1491.4,-1491.4,-1491.4,-1193.6,-1193.6,-1193.6,-1193.6,-1193.6,-1193.6,-1193.6,-1193.6,-1193.6,-1193.6,-1193.6,-1193.6,-1193.6,-1193.6,-1193.6,-1193.6
1185,1185.6,1187.5,1190.3,1193.6,1196.9,1199.8,1201.7,1202.3,1201.7,1199.8,1196.9,1193.6,1190.3,1187.5,1185.6,1477.7,1478.8,1481.7,1486.1,1491.3,1496.5,1501,1504.1,1505.1,1504.1,1501,1496.5,1491.3,1486.1,1481.7,1478.8,1859.3,1861,1865.7,1872.8,1881.2,1889.7,1897,1902,1903.7,1902,1897,1889.7,1881.2,1872.8,1865.7,1861,2330.8,2333.5,2341.1,2352.6,2366.4,2380.4,2392.4,2400.5,2403.4,2400.5,2392.4,2380.4,2366.4,2352.6,2341.1,2333.5,2823.3,2827.4,2839.4,2857.6,2879.4,2901.5,2920.6,2933.5,2938.1,2933.5,2920.6,2901.5,2879.4,2857.6,2839.4,2827.4,3087.3,3093.1,3109.7,3134.9,3165.2,3196.1,3222.8,3240.9,3247.3,3240.9,3222.8,3196.1,3165.2,3134.9,3109.7,3093.1,2626.9,2632.8,2649.7,2675.4,2706.3,2738,2765.4,2784,2790.6,2784,2765.4,2738,2706.3,2675.4,2649.7,2632.8,1069.7,1072.3,1079.9,1091.4,1105.3,1119.5,1131.8,1140.2,1143.2,1140.2,1131.8,1119.5,1105.3,1091.4,1079.9,1072.3,-1069.7,-1072.3,-1079.9,-1091.4,-1105.3,-1119.5,-1131.8,-1140.2,-1143.2,-1140.2,-1131.8,-1119.5,-1105.3,-1091.4,-1079.9,-1072.3,-2626.9,-2632.8,-2649.7,-2675.4,-2706.3,-2738,-2765.4,-2784,-2790.6,-2784,-2765.4,-2738,-2706.3,-2675.4,-2649.7,-2632.8,-3087.3,-3093.1,-3109.7,-3134.9,-3165.2,-3196.1,-3222.8,-3240.9,-3247.3,-3240.9,-3222.8,-3196.1,-3165.2,-3134.9,-3109.7,-3093.1,-2823.3,-2827.4,-2839.4,-2857.6,-2879.4,-2901.5,-2920.6,-2933.5,-2938.1,-2933.5,-2920.6,-2901.5,-2879.4,-2857.6,-2839.4,-2827.4,-2330.8,-2333.5,-2341.1,-2352.6,-2366.4,-2380.4,-2392.4,-2400.5,-2403.4,-2400.5,-2392.4,-2380.4,-2366.4,-2352.6,-2341.1,-2333.5,-1859.3,-1861,-1865.7,-1872.8,-1881.2,-1889.7,-1897,-1902,-1903.7,-1902,-1897,-1889.7,-1881.2,-1872.8,-1865.7,-1861,-1477.7,-1478.8,-1481.7,-1486.1,-1491.3,-1496.5,-1501,-1504.1,-1505.1,-1504.1,-1501,-1496.5,-1491.3,-1486.1,-1481.7,-1478.8,-1185,-1185.6,-1187.5,-1190.3,-1193.6,-1196.9,-1199.8,-1201.7,-1202.3,-1201.7,-1199.8,-1196.9,-1193.6,-1190.3,-1187.5,-1185.6
1176.4,1177.7,1181.3,1186.8,1193.4,1200.1,1205.8,1209.7,1211.1,1209.7,1205.8,1200.1,1193.4,1186.8,1181.3,1177.7,1464.2,1466.2,1471.9,1480.6,1491,1501.6,1510.7,1516.8,1519,1516.8,1510.7,1501.6,1491,1480.6,1471.9,1466.2,1837.6,1840.8,1849.9,1863.9,1880.7,1897.8,1912.7,1922.8,1926.3,1922.8,1912.7,1897.8,1880.7,1863.9,1849.9,1840.8,2295.5,2300.6,2315.5,2338.1,2365.5,2393.6,2418.1,2434.8,2440.7,2434.8,2418.1,2393.6,2365.5,2338.1,2315.5,2300.6,2768,2776,2799.1,2834.6,2877.7,2922.4,2961.4,2988.2,2997.7,2988.2,2961.4,2922.4,2877.7,2834.6,2799.1,2776,3011.1,3022.1,3053.9,3102.9,3162.8,3225.2,3280.1,3317.8,3331.3,3317.8,3280.1,3225.2,3162.8,3102.9,3053.9,3022.1,2549.7,2560.8,2593,2642.7,2703.9,2767.8,2824.4,2863.4,2877.3,2863.4,2824.4,2767.8,2703.9,2642.7,2593,2560.8,1035.2,1040.1,1054.5,1076.8,1104.2,1133,1158.4,1176,1182.3,1176,1158.4,1133,1104.2,1076.8,1054.5,1040.1,-1035.2,-1040.1,-1054.5,-1076.8,-1104.2,-1133,-1158.4,-1176,-1182.3,-1176,-1158.4,-1133,-1104.2,-1076.8,-1054.5,-1040.1,-2549.7,-2560.8,-2593,-2642.7,-2703.9,-2767.8,-2824.4,-2863.4,-2877.3,-2863.4,-2824.4,-2767.8,-2703.9,-2642.7,-2593,-2560.8,-3011.1,-3022.1,-3053.9,-3102.9,-3162.8,-3225.2,-3280.1,-3317.8,-3331.3,-3317.8,-3280.1,-3225.2,-3162.8,-3102.9,-3053.9,-3022.1,-2768,-2776,-2799.1,-2834.6,-2877.7,-2922.4,-2961.4,-2988.2,-2997.7,-2988.2,-2961.4,-2922.4,-2877.7,-2834.6,-2799.1,-2776,-2295.5,-2300.6,-2315.5,-2338.1,-2365.5,-2393.6,-2418.1,-2434.8,-2440.7,-2434.8,-2418.1,-2393.6,-2365.5,-2338.1,-2315.5,-2300.6,-1837.6,-1840.8,-1849.9,-1863.9,-1880.7,-1897.8,-1912.7,-1922.8,-1926.3,-1922.8,-1912.7,-1897.8,-1880.7,-1863.9,-1849.9,-1840.8,-1464.2,-1466.2,-1471.9,-1480.6,-1491,-1501.6,-1510.7,-1516.8,-1519,-1516.8,-1510.7,-1501.6,-1491,-1480.6,-1471.9,-1466.2,-1176.4,-1177.7,-1181.3,-1186.8,-1193.4,-1200.1,-1205.8,-1209.7,-1211.1,-1209.7,-1205.8,-1200.1,-1193.4,-1186.8,-1181.3,-1177.7
1167.8,1169.7,1175.1,1183.3,1193.1,1203.2,1211.9,1217.8,1219.9,1217.8,1211.9,1203.2,1193.1,1183.3,1175.1,1169.7,1450.8,1453.8,1462.2,1475,1490.5,1506.4,1520.2,1529.7,1533,1529.7,1520.2,1506.4,1490.5,1475,1462.2,1453.8,1816.1,1820.7,1834.2,1854.8,1879.8,1905.7,1928.3,1943.8,1949.3,1943.8,1928.3,1905.7,1879.8,1854.8,1834.2,1820.7,2260.8,2268.3,2289.9,2323.2,2363.9,2406.4,2443.8,2469.6,2478.8,2469.6,2443.8,2406.4,2363.9,2323.2,2289.9,2268.3,2714.1,2725.6,2759.1,2810.9,2875,2942.4,3002.4,3044,3058.9,3044,3002.4,2942.4,2875,2810.9,2759.1,2725.6,2937.3,2953,2998.7,3069.9,3158.7,3253.1,3337.8,3396.9,3418.1,3396.9,3337.8,3253.1,3158.7,3069.9,2998.7,2953,2475.3,2491.1,2537.1,2609.3,2699.8,2796.6,2884.1,2945.4,2967.5,2945.4,2884.1,2796.6,2699.8,2609.3,2537.1,2491.1,1002.1,1009.1,1029.6,1061.9,1102.5,1146,1185.4,1213.1,1223.1,1213.1,1185.4,1146,1102.5,1061.9,1029.6,1009.1,-1002.1,-1009.1,-1029.6,-1061.9,-1102.5,-1146,-1185.4,-1213.1,-1223.1,-1213.1,-1185.4,-1146,-1102.5,-1061.9,-1029.6,-1009.1,-2475.3,-2491.1,-2537.1,-2609.3,-2699.8,-2796.6,-2884.1,-2945.4,-2967.5,-2945.4,-2884.1,-2796.6,-2699.8,-2609.3,-2537.1,-2491.1,-2937.3,-2953,-2998.7,-3069.9,-3158.7,-3253.1,-3337.8,-3396.9,-3418.1,-3396.9,-3337.8,-3253.1,-3158.7,-3069.9,-2998.7,-2953,-2714.1,-2725.6,-2759.1,-2810.9,-2875,-2942.4,-3002.4,-3044,-3058.9,-3044,-3002.4,-2942.4,-2875,-2810.9,-2759.1,-2725.6,-2260.8,-2268.3,-2289.9,-2323.2,-2363.9,-2406.4,-2443.8,-2469.6,-2478.8,-2469.6,-2443.8,-2406.4,-2363.9,-2323.2,-2289.9,-2268.3,-1816.1,-1820.7,-1834.2,-1854.8,-1879.8,-1905.7,-1928.3,-1943.8,-1949.3,-1943.8,-1928.3,-1905.7,-1879.8,-1854.8,-1834.2,-1820.7,-1450.8,-1453.8,-1462.2,-1475,-1490.5,-1506.4,-1520.2,-1529.7,-1533,-1529.7,-1520.2,-1506.4,-1490.5,-1475,-1462.2,-1453.8,-1167.8,-1169.7,-1175.1,-1183.3,-1193.1,-1203.2,-1211.9,-1217.8,-1219.9,-1217.8,-1211.9,-1203.2,-1193.1,-1183.3,-1175.1,-1169.7
1159.3,1161.8,1168.9,1179.7,1192.8,1206.2,1217.9,1225.9,1228.7,1225.9,1217.9,1206.2,1192.8,1179.7,1168.9,1161.8,1437.6,1441.4,1452.4,1469.3,1489.8,1511.1,1529.8,1542.6,1547.1,1542.6,1529.8,1511.1,1489.8,1469.3,1452.4,1441.4,1794.9,1800.9,1818.4,1845.4,1878.6,1913.2,1943.8,1964.9,1972.5,1964.9,1943.8,1913.2,1878.6,1845.4,1818.4,1800.9,2226.8,2236.4,2264.4,2307.8,2361.7,2418.6,2469.4,2504.8,2517.5,2504.8,2469.4,2418.6,2361.7,2307.8,2264.4,2236.4,2661.5,2676.2,2719.2,2786.6,2871.2,2961.6,3043.4,3100.9,3121.6,3100.9,3043.4,2961.6,2871.2,2786.6,2719.2,2676.2,2865.9,2885.7,2944.1,3036.2,3153.1,3279.9,3395.8,3478,3507.9,3478,3395.8,3279.9,3153.1,3036.2,2944.1,2885.7,2403.8,2423.7,2482.1,2575.1,2694.1,2824.4,2944.5,3030.2,3061.3,3030.2,2944.5,2824.4,2694.1,2575.1,2482.1,2423.7,970.34,979.16,1005.2,1046.7,1100,1158.7,1212.9,1251.6,1265.7,1251.6,1212.9,1158.7,1100,1046.7,1005.2,979.16,-970.34,-979.16,-1005.2,-1046.7,-1100,-1158.7,-1212.9,-1251.6,-1265.7,-1251.6,-1212.9,-1158.7,-1100,-1046.7,-1005.2,-979.16,-2403.8,-2423.7,-2482.1,-2575.1,-2694.1,-2824.4,-2944.5,-3030.2,-3061.3,-3030.2,-2944.5,-2824.4,-2694.1,-2575.1,-2482.1,-2423.7,-2865.9,-2885.7,-2944.1,-3036.2,-3153.1,-3279.9,-3395.8,-3478,-3507.9,-3478,-3395.8,-3279.9,-3153.1,-3036.2,-2944.1,-2885.7,-2661.5,-2676.2,-2719.2,-2786.6,-2871.2,-2961.6,-3043.4,-3100.9,-3121.6,-3100.9,-3043.4,-2961.6,-2871.2,-2786.6,-2719.2,-2676.2,-2226.8,-2236.4,-2264.4,-2307.8,-2361.7,-2418.6,-2469.4,-2504.8,-2517.5,-2504.8,-2469.4,-2418.6,-2361.7,-2307.8,-2264.4,-2236.4,-1794.9,-1800.9,-1818.4,-1845.4,-1878.6,-1913.2,-1943.8,-1964.9,-1972.5,-1964.9,-1943.8,-1913.2,-1878.6,-1845.4,-1818.4,-1800.9,-1437.6,-1441.4,-1452.4,-1469.3,-1489.8,-1511.1,-1529.8,-1542.6,-1547.1,-1542.6,-1529.8,-1511.1,-1489.8,-1469.3,-1452.4,-1441.4,-1159.3,-1161.8,-1168.9,-1179.7,-1192.8,-1206.2,-1217.9,-1225.9,-1228.7,-1225.9,-1217.9,-1206.2,-1192.8,-1179.7,-1168.9,-1161.8
1150.9,1153.9,1162.6,1176,1192.3,1209.1,1223.9,1234,1237.6,1234,1223.9,1209.1,1192.3,1176,1162.6,1153.9,1424.4,1429.1,1442.6,1463.4,1489,1515.7,1539.3,1555.6,1561.4,1555.6,1539.3,1515.7,1489,1463.4,1442.6,1429.1,1774,1781.3,1802.7,1835.9,1877,1920.5,1959.3,1986.3,1996,1986.3,1959.3,1920.5,1877,1835.9,1802.7,1781.3,2193.3,2205,2238.9,2292.1,2358.8,2430.3,2495,2540.5,2557,2540.5,2495,2430.3,2358.8,2292.1,2238.9,2205,2610.2,2627.8,2679.7,2761.7,2866.2,2980,3084.5,3158.9,3186,3158.9,3084.5,2980,2866.2,2761.7,2679.7,2627.8,2796.6,2820.3,2890,3001.7,3145.9,3305.4,3454.2,3561.4,3600.6,3561.4,3454.2,3305.4,3145.9,3001.7,2890,2820.3,2334.9,2358.4,2427.9,2540.2,2686.8,2850.9,3005.6,3117.7,3158.9,3117.7,3005.6,2850.9,2686.8,2540.2,2427.9,2358.4,939.88,950.26,981.12,1031.2,1096.9,1170.8,1240.7,1291.5,1310.2,1291.5,1240.7,1170.8,1096.9,1031.2,981.12,950.26,-939.88,-950.26,-981.12,-1031.2,-1096.9,-1170.8,-1240.7,-1291.5,-1310.2,-1291.5,-1240.7,-1170.8,-1096.9,-1031.2,-981.12,-950.26,-2334.9,-2358.4,-2427.9,-2540.2,-2686.8,-2850.9,-3005.6,-3117.7,-3158.9,-3117.7,-3005.6,-2850.9,-2686.8,-2540.2,-2427.9,-2358.4,-2796.6,-2820.3,-2890,-3001.7,-3145.9,-3305.4,-3454.2,-3561.4,-3600.6,-3561.4,-3454.2,-3305.4,-3145.9,-3001.7,-2890,-2820.3,-2610.2,-2627.8,-2679.7,-2761.7,-2866.2,-2980,-3084.5,-3158.9,-3186,-3158.9,-3084.5,-2980,-2866.2,-2761.7,-2679.7,-2627.8,-2193.3,-2205,-2238.9,-2292.1,-2358.8,-2430.3,-2495,-2540.5,-2557,-2540.5,-2495,-2430.3,-2358.8,-2292.1,-2238.9,-2205,-1774,-1781.3,-1802.7,-1835.9,-1877,-1920.5,-1959.3,-1986.3,-1996,-1986.3,-1959.3,-1920.5,-1877,-1835.9,-1802.7,-1781.3,-1424.4,-1429.1,-1442.6,-1463.4,-1489,-1515.7,-1539.3,-1555.6,-1561.4,-1555.6,-1539.3,-1515.7,-1489,-1463.4,-1442.6,-1429.1,-1150.9,-1153.9,-1162.6,-1176,-1192.3,-1209.1,-1223.9,-1234,-1237.6,-1234,-1223.9,-1209.1,-1192.3,-1176,-1162.6,-1153.9
1142.5,1146.1,1156.4,1172.2,1191.7,1211.9,1229.8,1242.2,1246.6,1242.2,1229.8,1211.9,1191.7,1172.2,1156.4,1146.1,1411.4,1416.9,1432.8,1457.4,1487.9,1520.1,1548.7,1568.6,1575.7,1568.6,1548.7,1520.1,1487.9,1457.4,1432.8,1416.9,1753.3,1761.9,1786.9,1826.1,1875.1,1927.5,1974.7,2007.9,2019.9,2007.9,1974.7,1927.5,1875.1,1826.1,1786.9,1761.9,2160.5,2174,2213.5,2276,2355.4,2441.5,2520.6,2576.8,2597.2,2576.8,2520.6,2441.5,2355.4,2276,2213.5,2174,2560.1,2580.4,2640.4,2736.3,2860.2,2997.4,3125.6,3218.2,3252.1,3218.2,3125.6,2997.4,2860.2,2736.3,2640.4,2580.4,2729.6,2756.5,2836.6,2966.5,3137.1,3329.7,3513,3647.1,3696.6,3647.1,3513,3329.7,3137.1,2966.5,2836.6,2756.5,2268.6,2295.2,2374.6,2504.6,2677.9,2876.2,3067.3,3208.2,3260.5,3208.2,3067.3,2876.2,2677.9,2504.6,2374.6,2295.2,910.64,922.37,957.52,1015.4,1093,1182.5,1269,1332.9,1356.6,1332.9,1269,1182.5,1093,1015.4,957.52,922.37,-910.64,-922.37,-957.52,-1015.4,-1093,-1182.5,-1269,-1332.9,-1356.6,-1332.9,-1269,-1182.5,-1093,-1015.4,-957.52,-922.37,-2268.6,-2295.2,-2374.6,-2504.6,-2677.9,-2876.2,-3067.3,-3208.2,-3260.5,-3208.2,-3067.3,-2876.2,-2677.9,-2504.6,-2374.6,-2295.2,-2729.6,-2756.5,-2836.6,-2966.5,-3137.1,-3329.7,-3513,-3647.1,-3696.6,-3647.1,-3513,-3329.7,-3137.1,-2966.5,-2836.6,-2756.5,-2560.1,-2580.4,-2640.4,-2736.3,-2860.2,-2997.4,-3125.6,-3218.2,-3252.1,-3218.2,-3125.6,-2997.4,-2860.2,-2736.3,-2640.4,-2580.4,-2160.5,-2174,-2213.5,-2276,-2355.4,-2441.5,-2520.6,-2576.8,-2597.2,-2576.8,-2520.6,-2441.5,-2355.4,-2276,-2213.5,-2174,-1753.3,-1761.9,-1786.9,-1826.1,-1875.1,-1927.5,-1974.7,-2007.9,-2019.9,-2007.9,-1974.7,-1927.5,-1875.1,-1826.1,-1786.9,-1761.9,-1411.4,-1416.9,-1432.8,-1457.4,-1487.9,-1520.1,-1548.7,-1568.6,-1575.7,-1568.6,-1548.7,-1520.1,-1487.9,-1457.4,-1432.8,-1416.9,-1142.5,-1146.1,-1156.4,-1172.2,-1191.7,-1211.9,-1229.8,-1242.2,-1246.6,-1242.2,-1229.8,-1211.9,-1191.7,-1172.2,-1156.4,-1146.1
1134.2,1138.2,1150.1,1168.4,1190.9,1214.7,1235.8,1250.4,1255.6,1250.4,1235.8,1214.7,1190.9,1168.4,1150.1,1138.2,1398.5,1404.7,1422.9,1451.3,1486.7,1524.3,1558.1,1581.7,1590.2,1581.7,1558.1,1524.3,1486.7,1451.3,1422.9,1404.7,1732.9,1742.7,1771.2,1816.1,1872.9,1934.2,1990.1,2029.7,2044,2029.7,1990.1,1934.2,1872.9,1816.1,1771.2,1742.7,2128.3,2143.5,2188.3,2259.6,2351.3,2452.2,2546,2613.5,2638.1,2613.5,2546,2452.2,2351.3,2259.6,2188.3,2143.5,2511.3,2534,2601.4,2710.3,2853.1,3013.9,3166.7,3278.6,3319.8,3278.6,3166.7,3013.9,2853.1,2710.3,2601.4,2534,2664.6,2694.5,2783.9,2930.6,3126.7,3352.6,3571.9,3735,3795.8,3735,3571.9,3352.6,3126.7,2930.6,2783.9,2694.5,2204.7,2234,2322.1,2468.5,2667.3,2900.2,3129.7,3301.8,3366.1,3301.8,3129.7,2900.2,2667.3,2468.5,2322.1,2234,882.57,895.45,934.35,999.39,1088.5,1193.6,1297.7,1375.9,1405.1,1375.9,1297.7,1193.6,1088.5,999.39,934.35,895.45,-882.57,-895.45,-934.35,-999.39,-1088.5,-1193.6,-1297.7,-1375.9,-1405.1,-1375.9,-1297.7,-1193.6,-1088.5,-999.39,-934.35,-895.45,-2204.7,-2234,-2322.1,-2468.5,-2667.3,-2900.2,-3129.7,-3301.8,-3366.1,-3301.8,-3129.7,-2900.2,-2667.3,-2468.5,-2322.1,-2234,-2664.6,-2694.5,-2783.9,-2930.6,-3126.7,-3352.6,-3571.9,-3735,-3795.8,-3735,-3571.9,-3352.6,-3126.7,-2930.6,-2783.9,-2694.5,-2511.3,-2534,-2601.4,-2710.3,-2853.1,-3013.9,-3166.7,-3278.6,-3319.8,-3278.6,-3166.7,-3013.9,-2853.1,-2710.3,-2601.4,-2534,-2128.3,-2143.5,-2188.3,-2259.6,-2351.3,-2452.2,-2546,-2613.5,-2638.1,-2613.5,-2546,-2452.2,-2351.3,-2259.6,-2188.3,-2143.5,-1732.9,-1742.7,-1771.2,-1816.1,-1872.9,-1934.2,-1990.1,-2029.7,-2044,-2029.7,-1990.1,-1934.2,-1872.9,-1816.1,-1771.2,-1742.7,-1398.5,-1404.7,-1422.9,-1451.3,-1486.7,-1524.3,-1558.1,-1581.7,-1590.2,-1581.7,-1558.1,-1524.3,-1486.7,-1451.3,-1422.9,-1404.7,-1134.2,-1138.2,-1150.1,-1168.4,-1190.9,-1214.7,-1235.8,-1250.4,-1255.6,-1250.4,-1235.8,-1214.7,-1190.9,-1168.4,-1150.1,-1138.2
1125.9,1130.4,1143.8,1164.4,1190.1,1217.3,1241.6,1258.6,1264.7,1258.6,1241.6,1217.3,1190.1,1164.4,1143.8,1130.4,1385.7,1392.7,1413.1,1445.1,1485.3,1528.4,1567.4,1594.9,1604.9,1594.9,1567.4,1528.4,1485.3,1445.1,1413.1,1392.7,1712.8,1723.7,1755.5,1805.9,1870.3,1940.6,2005.4,2051.6,2068.5,2051.6,2005.4,1940.6,1870.3,1805.9,1755.5,1723.7,2096.7,2113.5,2163.1,2242.9,2346.6,2462.3,2571.4,2650.7,2679.9,2650.7,2571.4,2462.3,2346.6,2242.9,2163.1,2113.5,2463.6,2488.5,2562.7,2683.9,2845,3029.4,3207.8,3340.1,3389.4,3340.1,3207.8,3029.4,2845,2683.9,2562.7,2488.5,2601.6,2634.1,2731.8,2894.1,3114.7,3374.1,3631.1,3825.3,3898.3,3825.3,3631.1,3374.1,3114.7,2894.1,2731.8,2634.1,2143.1,2174.7,2270.5,2431.8,2655.1,2922.9,3192.6,3398.5,3476.1,3398.5,3192.6,2922.9,2655.1,2431.8,2270.5,2174.7,855.61,869.47,911.63,983.15,1083.2,1204.2,1326.8,1420.4,1455.7,1420.4,1326.8,1204.2,1083.2,983.15,911.63,869.47,-855.61,-869.47,-911.63,-983.15,-1083.2,-1204.2,-1326.8,-1420.4,-1455.7,-1420.4,-1326.8,-1204.2,-1083.2,-983.15,-911.63,-869.47,-2143.1,-2174.7,-2270.5,-2431.8,-2655.1,-2922.9,-3192.6,-3398.5,-3476.1,-3398.5,-3192.6,-2922.9,-2655.1,-2431.8,-2270.5,-2174.7,-2601.6,-2634.1,-2731.8,-2894.1,-3114.7,-3374.1,-3631.1,-3825.3,-3898.3,-3825.3,-3631.1,-3374.1,-3114.7,-2894.1,-2731.8,-2634.1,-2463.6,-2488.5,-2562.7,-2683.9,-2845,-3029.4,-3207.8,-3340.1,-3389.4,-3340.1,-3207.8,-3029.4,-2845,-2683.9,-2562.7,-2488.5,-2096.7,-2113.5,-2163.1,-2242.9,-2346.6,-2462.3,-2571.4,-2650.7,-2679.9,-2650.7,-2571.4,-2462.3,-2346.6,-2242.9,-2163.1,-2113.5,-1712.8,-1723.7,-1755.5,-1805.9,-1870.3,-1940.6,-2005.4,-2051.6,-2068.5,-2051.6,-2005.4,-1940.6,-1870.3,-1805.9,-1755.5,-1723.7,-1385.7,-1392.7,-1413.1,-1445.1,-1485.3,-1528.4,-1567.4,-1594.9,-1604.9,-1594.9,-1567.4,-1528.4,-1485.3,-1445.1,-1413.1,-1392.7,-1125.9,-1130.4,-1143.8,-1164.4,-1190.1,-1217.3,-1241.6,-1258.6,-1264.7,-1258.6,-1241.6,-1217.3,-1190.1,-1164.4,-1143.8,-1130.4
1117.6,1122.7,1137.4,1160.4,1189.2,1219.8,1247.4,1266.8,1273.8,1266.8,1247.4,1219.8,1189.2,1160.4,1137.4,1122.7,1373,1380.7,1403.2,1438.7,1483.6,1532.2,1576.7,1608.2,1619.6,1608.2,1576.7,1532.2,1483.6,1438.7,1403.2,1380.7,1693,1704.8,1739.8,1795.6,1867.4,1946.7,2020.5,2073.8,2093.3,2073.8,2020.5,1946.7,1867.4,1795.6,1739.8,1704.8,2065.6,2083.9,2138,2225.8,2341.3,2471.9,2596.7,2688.4,2722.4,2688.4,2596.7,2471.9,2341.3,2225.8,2138,2083.9,2417.2,2444,2524.4,2657,2835.7,3044,3248.8,3402.9,3460.8,3402.9,3248.8,3044,2835.7,2657,2524.4,2444,2540.6,2575.3,2680.5,2857,3101.2,3394.1,3690.4,3918.1,4004.5,3918.1,3690.4,3394.1,3101.2,2857,2680.5,2575.3,2083.7,2117.3,2219.8,2394.6,2641.4,2944.2,3256.1,3498.4,3590.6,3498.4,3256.1,2944.2,2641.4,2394.6,2219.8,2117.3,829.72,844.39,889.35,966.72,1077.2,1214.2,1356.3,1466.6,1508.5,1466.6,1356.3,1214.2,1077.2,966.72,889.35,844.39,-829.72,-844.39,-889.35,-966.72,-1077.2,-1214.2,-1356.3,-1466.6,-1508.5,-1466.6,-1356.3,-1214.2,-1077.2,-966.72,-889.35,-844.39,-2083.7,-2117.3,-2219.8,-2394.6,-2641.4,-2944.2,-3256.1,-3498.4,-3590.6,-3498.4,-3256.1,-2944.2,-2641.4,-2394.6,-2219.8,-2117.3,-2540.6,-2575.3,-2680.5,-2857,-3101.2,-3394.1,-3690.4,-3918.1,-4004.5,-3918.1,-3690.4,-3394.1,-3101.2,-2857,-2680.5,-2575.3,-2417.2,-2444,-2524.4,-2657,-2835.7,-3044,-3248.8,-3402.9,-3460.8,-3402.9,-3248.8,-3044,-2835.7,-2657,-2524.4,-2444,-2065.6,-2083.9,-2138,-2225.8,-2341.3,-2471.9,-2596.7,-2688.4,-2722.4,-2688.4,-2596.7,-2471.9,-2341.3,-2225.8,-2138,-2083.9,-1693,-1704.8,-1739.8,-1795.6,-1867.4,-1946.7,-2020.5,-2073.8,-2093.3,-2073.8,-2020.5,-1946.7,-1867.4,-1795.6,-1739.8,-1704.8,-1373,-1380.7,-1403.2,-1438.7,-1483.6,-1532.2,-1576.7,-1608.2,-1619.6,-1608.2,-1576.7,-1532.2,-1483.6,-1438.7,-1403.2,-1380.7,-1117.6,-1122.7,-1137.4,-1160.4,-1189.2,-1219.8,-1247.4,-1266.8,-1273.8,-1266.8,-1247.4,-1219.8,-1189.2,-1160.4,-1137.4,-1122.7
1109.4,1115,1131.1,1156.4,1188.2,1222.3,1253.2,1275,1282.9,1275,1253.2,1222.3,1188.2,1156.4,1131.1,1115,1360.5,1368.8,1393.4,1432.2,1481.8,1536,1585.9,1621.5,1634.5,1621.5,1585.9,1536,1481.8,1432.2,1393.4,1368.8,1673.4,1686.2,1724.1,1785,1864.1,1952.4,2035.6,2096.1,2118.4,2096.1,2035.6,1952.4,1864.1,1785,1724.1,1686.2,2035.1,2054.7,2113.1,2208.5,2335.3,2480.8,2621.8,2726.6,2765.7,2726.6,2621.8,2480.8,2335.3,2208.5,2113.1,2054.7,2371.8,2400.4,2486.4,2629.7,2825.5,3057.5,3289.7,3467,3534,3467,3289.7,3057.5,2825.5,2629.7,2486.4,2400.4,2481.4,2518.1,2629.8,2819.5,3086.1,3412.6,3749.8,4013.4,4114.3,4013.4,3749.8,3412.6,3086.1,2819.5,2629.8,2518.1,2026.5,2061.8,2170,2357,2626,2963.9,3320.2,3601.7,3709.8,3601.7,3320.2,2963.9,2626,2357,2170,2061.8,804.83,820.18,867.52,950.11,1070.5,1223.7,1386.2,1514.5,1563.6,1514.5,1386.2,1223.7,1070.5,950.11,867.52,820.18,-804.83,-820.18,-867.52,-950.11,-1070.5,-1223.7,-1386.2,-1514.5,-1563.6,-1514.5,-1386.2,-1223.7,-1070.5,-950.11,-867.52,-820.18,-2026.5,-2061.8,-2170,-2357,-2626,-2963.9,-3320.2,-3601.7,-3709.8,-3601.7,-3320.2,-2963.9,-2626,-2357,-2170,-2061.8,-2481.4,-2518.1,-2629.8,-2819.5,-3086.1,-3412.6,-3749.8,-4013.4,-4114.3,-4013.4,-3749.8,-3412.6,-3086.1,-2819.5,-2629.8,-2518.1,-2371.8,-2400.4,-2486.4,-2629.7,-2825.5,-3057.5,-3289.7,-3467,-3534,-3467,-3289.7,-3057.5,-2825.5,-2629.7,-2486.4,-2400.4,-2035.1,-2054.7,-2113.1,-2208.5,-2335.3,-2480.8,-2621.8,-2726.6,-2765.7,-2726.6,-2621.8,-2480.8,-2335.3,-2208.5,-2113.1,-2054.7,-1673.4,-1686.2,-1724.1,-1785,-1864.1,-1952.4,-2035.6,-2096.1,-2118.4,-2096.1,-2035.6,-1952.4,-1864.1,-1785,-1724.1,-1686.2,-1360.5,-1368.8,-1393.4,-1432.2,-1481.8,-1536,-1585.9,-1621.5,-1634.5,-1621.5,-1585.9,-1536,-1481.8,-1432.2,-1393.4,-1368.8,-1109.4,-1115,-1131.1,-1156.4,-1188.2,-1222.3,-1253.2,-1275,-1282.9,-1275,-1253.2,-1222.3,-1188.2,-1156.4,-1131.1,-1115
1101.3,1107.3,1124.7,1152.2,1187,1224.6,1259,1283.3,1292.1,1283.3,1259,1224.6,1187,1152.2,1124.7,1107.3,1348,1357,1383.5,1425.7,1479.8,1539.5,1595,1634.9,1649.5,1634.9,1595,1539.5,1479.8,1425.7,1383.5,1357,1654,1667.8,1708.5,1774.3,1860.5,1957.9,2050.6,2118.6,2143.8,2118.6,2050.6,1957.9,1860.5,1774.3,1708.5,1667.8,2005.2,2026,2088.3,2190.9,2328.8,2489.2,2646.8,2765.3,2809.8,2765.3,2646.8,2489.2,2328.8,2190.9,2088.3,2026,2327.5,2357.6,2448.8,2602,2814.2,3069.9,3330.4,3532.2,3609.2,3532.2,3330.4,3069.9,2814.2,2602,2448.8,2357.6,2424,2462.4,2579.9,2781.5,3069.6,3429.5,3809.2,4111.2,4227.9,4111.2,3809.2,3429.5,3069.6,2781.5,2579.9,2462.4,1971.4,2008,2121.1,2319,2609.1,2982.1,3384.7,3708.5,3833.9,3708.5,3384.7,2982.1,2609.1,2319,2121.1,2008,780.92,796.81,846.13,933.34,1063.1,1232.4,1416.6,1564.3,1621.2,1564.3,1416.6,1232.4,1063.1,933.34,846.13,796.81,-780.92,-796.81,-846.13,-933.34,-1063.1,-1232.4,-1416.6,-1564.3,-1621.2,-1564.3,-1416.6,-1232.4,-1063.1,-933.34,-846.13,-796.81,-1971.4,-2008,-2121.1,-2319,-2609.1,-2982.1,-3384.7,-3708.5,-3833.9,-3708.5,-3384.7,-2982.1,-2609.1,-2319,-2121.1,-2008,-2424,-2462.4,-2579.9,-2781.5,-3069.6,-3429.5,-3809.2,-4111.2,-4227.9,-4111.2,-3809.2,-3429.5,-3069.6,-2781.5,-2579.9,-2462.4,-2327.5,-2357.6,-2448.8,-2602,-2814.2,-3069.9,-3330.4,-3532.2,-3609.2,-3532.2,-3330.4,-3069.9,-2814.2,-2602,-2448.8,-2357.6,-2005.2,-2026,-2088.3,-2190.9,-2328.8,-2489.2,-2646.8,-2765.3,-2809.8,-2765.3,-2646.8,-2489.2,-2328.8,-2190.9,-2088.3,-2026,-1654,-1667.8,-1708.5,-1774.3,-1860.5,-1957.9,-2050.6,-2118.6,-2143.8,-2118.6,-2050.6,-1957.9,-1860.5,-1774.3,-1708.5,-1667.8,-1348,-1357,-1383.5,-1425.7,-1479.8,-1539.5,-1595,-1634.9,-1649.5,-1634.9,-1595,-1539.5,-1479.8,-1425.7,-1383.5,-1357,-1101.3,-1107.3,-1124.7,-1152.2,-1187,-1224.6,-1259,-1283.3,-1292.1,-1283.3,-1259,-1224.6,-1187,-1152.2,-1124.7,-1107.3
1093.2,1099.6,1118.4,1148,1185.8,1226.9,1264.6,1291.6,1301.4,1291.6,1264.6,1226.9,1185.8,1148,1118.4,1099.6,1335.7,1345.3,1373.6,1419,1477.7,1542.9,1604,1648.3,1664.6,1648.3,1604,1542.9,1477.7,1419,1373.6,1345.3,1635,1649.5,1692.9,1763.4,1856.6,1963,2065.4,2141.3,2169.5,2141.3,2065.4,1963,1856.6,1763.4,1692.9,1649.5,1975.8,1997.7,2063.7,2173,2321.7,2496.9,2671.6,2804.6,2854.8,2804.6,2671.6,2496.9,2321.7,2173,2063.7,1997.7,2284.2,2315.8,2411.6,2573.9,2801.9,3081.2,3370.9,3598.8,3686.4,3598.8,3370.9,3081.2,2801.9,2573.9,2411.6,2315.8,2368.3,2408.2,2530.7,2743.1,3051.5,3444.8,3868.7,4211.6,4345.4,4211.6,3868.7,3444.8,3051.5,2743.1,2530.7,2408.2,1918.2,1955.9,2073.2,2280.6,2590.6,2998.6,3449.7,3818.9,3963.1,3818.9,3449.7,2998.6,2590.6,2280.6,2073.2,1955.9,757.93,774.24,825.19,916.44,1055,1240.5,1447.3,1616,1681.4,1616,1447.3,1240.5,1055,916.44,825.19,774.24,-757.93,-774.24,-825.19,-916.44,-1055,-1240.5,-1447.3,-1616,-1681.4,-1616,-1447.3,-1240.5,-1055,-916.44,-825.19,-774.24,-1918.2,-1955.9,-2073.2,-2280.6,-2590.6,-2998.6,-3449.7,-3818.9,-3963.1,-3818.9,-3449.7,-2998.6,-2590.6,-2280.6,-2073.2,-1955.9,-2368.3,-2408.2,-2530.7,-2743.1,-3051.5,-3444.8,-3868.7,-4211.6,-4345.4,-4211.6,-3868.7,-3444.8,-3051.5,-2743.1,-2530.7,-2408.2,-2284.2,-2315.8,-2411.6,-2573.9,-2801.9,-3081.2,-3370.9,-3598.8,-3686.4,-3598.8,-3370.9,-3081.2,-2801.9,-2573.9,-2411.6,-2315.8,-1975.8,-1997.7,-2063.7,-2173,-2321.7,-2496.9,-2671.6,-2804.6,-2854.8,-2804.6,-2671.6,-2496.9,-2321.7,-2173,-2063.7,-1997.7,-1635,-1649.5,-1692.9,-1763.4,-1856.6,-1963,-2065.4,-2141.3,-2169.5,-2141.3,-2065.4,-1963,-1856.6,-1763.4,-1692.9,-1649.5,-1335.7,-1345.3,-1373.6,-1419,-1477.7,-1542.9,-1604,-1648.3,-1664.6,-1648.3,-1604,-1542.9,-1477.7,-1419,-1373.6,-1345.3,-1093.2,-1099.6,-1118.4,-1148,-1185.8,-1226.9,-1264.6,-1291.6,-1301.4,-1291.6,-1264.6,-1226.9,-1185.8,-1148,-1118.4,-1099.6
1085.2,1092,1112,1143.8,1184.4,1229,1270.3,1299.9,1310.7,1299.9,1270.3,1229,1184.4,1143.8,1112,1092,1323.5,1333.7,1363.7,1412.2,1475.3,1546,1613,1661.9,1679.9,1661.9,1613,1546,1475.3,1412.2,1363.7,1333.7,1616.1,1631.5,1677.3,1752.3,1852.4,1967.7,2080.2,2164.2,2195.6,2164.2,2080.2,1967.7,1852.4,1752.3,1677.3,1631.5,1946.9,1969.9,2039.1,2154.9,2314,2504,2696.2,2844.3,2900.6,2844.3,2696.2,2504,2314,2154.9,2039.1,1969.9,2242,2274.8,2374.7,2545.6,2788.6,3091.4,3411.2,3666.6,3765.7,3666.6,3411.2,3091.4,2788.6,2545.6,2374.7,2274.8,2314.3,2355.4,2482.2,2704.4,3031.9,3458.3,3928,4314.8,4467.1,4314.8,3928,3458.3,3031.9,2704.4,2482.2,2355.4,1866.8,1905.5,2026.1,2242,2570.5,3013.4,3515.1,3933.2,4097.7,3933.2,3515.1,3013.4,2570.5,2242,2026.1,1905.5,735.82,752.46,804.69,899.43,1046.2,1247.9,1478.6,1669.7,1744.2,1669.7,1478.6,1247.9,1046.2,899.43,804.69,752.46,-735.82,-752.46,-804.69,-899.43,-1046.2,-1247.9,-1478.6,-1669.7,-1744.2,-1669.7,-1478.6,-1247.9,-1046.2,-899.43,-804.69,-752.46,-1866.8,-1905.5,-2026.1,-2242,-2570.5,-3013.4,-3515.1,-3933.2,-4097.7,-3933.2,-3515.1,-3013.4,-2570.5,-2242,-2026.1,-1905.5,-2314.3,-2355.4,-2482.2,-2704.4,-3031.9,-3458.3,-3928,-4314.8,-4467.1,-4314.8,-3928,-3458.3,-3031.9,-2704.4,-2482.2,-2355.4,-2242,-2274.8,-2374.7,-2545.6,-2788.6,-3091.4,-3411.2,-3666.6,-3765.7,-3666.6,-3411.2,-3091.4,-2788.6,-2545.6,-2374.7,-2274.8,-1946.9,-1969.9,-2039.1,-2154.9,-2314,-2504,-2696.2,-2844.3,-2900.6,-2844.3,-2696.2,-2504,-2314,-2154.9,-2039.1,-1969.9,-1616.1,-1631.5,-1677.3,-1752.3,-1852.4,-1967.7,-2080.2,-2164.2,-2195.6,-2164.2,-2080.2,-1967.7,-1852.4,-1752.3,-1677.3,-1631.5,-1323.5,-1333.7,-1363.7,-1412.2,-1475.3,-1546,-1613,-1661.9,-1679.9,-1661.9,-1613,-1546,-1475.3,-1412.2,-1363.7,-1333.7,-1085.2,-1092,-1112,-1143.8,-1184.4,-1229,-1270.3,-1299.9,-1310.7,-1299.9,-1270.3,-1229,-1184.4,-1143.8,-1112,-1092
1077.2,1084.4,1105.6,1139.4,1183,1231,1275.8,1308.2,1320,1308.2,1275.8,1231,1183,1139.4,1105.6,1084.4,1311.4,1322.1,1353.9,1405.3,1472.8,1549,1621.9,1675.4,1695.3,1675.4,1621.9,1549,1472.8,1405.3,1353.9,1322.1,1597.6,1613.6,1661.8,1741.1,1847.8,1972.2,2094.8,2187.2,2222,2187.2,2094.8,1972.2,1847.8,1741.1,1661.8,1613.6,1918.5,1942.4,2014.8,2136.6,2305.7,2510.5,2720.5,2884.5,2947.3,2884.5,2720.5,2510.5,2305.7,2136.6,2014.8,1942.4,2200.8,2234.7,2338.3,2516.9,2774.3,3100.4,3451.1,3735.7,3847.1,3735.7,3451.1,3100.4,2774.3,2516.9,2338.3,2234.7,2262,2304,2434.5,2665.3,3010.9,3470.1,3987.1,4420.7,4593.1,4420.7,3987.1,3470.1,3010.9,2665.3,2434.5,2304,1817.3,1856.6,1980,2203.2,2548.9,3026.3,3580.9,4051.3,4237.8,4051.3,3580.9,3026.3,2548.9,2203.2,1980,1856.6,714.56,731.42,784.64,882.33,1036.7,1254.5,1510.2,1725.5,1809.7,1725.5,1510.2,1254.5,1036.7,882.33,784.64,731.42,-714.56,-731.42,-784.64,-882.33,-1036.7,-1254.5,-1510.2,-1725.5,-1809.7,-1725.5,-1510.2,-1254.5,-1036.7,-882.33,-784.64,-731.42,-1817.3,-1856.6,-1980,-2203.2,-2548.9,-3026.3,-3580.9,-4051.3,-4237.8,-4051.3,-3580.9,-3026.3,-2548.9,-2203.2,-1980,-1856.6,-2262,-2304,-2434.5,-2665.3,-3010.9,-3470.1,-3987.1,-4420.7,-4593.1,-4420.7,-3987.1,-3470.1,-3010.9,-2665.3,-2434.5,-2304,-2200.8,-2234.7,-2338.3,-2516.9,-2774.3,-3100.4,-3451.1,-3735.7,-3847.1,-3735.7,-3451.1,-3100.4,-2774.3,-2516.9,-2338.3,-2234.7,-1918.5,-1942.4,-2014.8,-2136.6,-2305.7,-2510.5,-2720.5,-2884.5,-2947.3,-2884.5,-2720.5,-2510.5,-2305.7,-2136.6,-2014.8,-1942.4,-1597.6,-1613.6,-1661.8,-1741.1,-1847.8,-1972.2,-2094.8,-2187.2,-2222,-2187.2,-2094.8,-1972.2,-1847.8,-1741.1,-1661.8,-1613.6,-1311.4,-1322.1,-1353.9,-1405.3,-1472.8,-1549,-1621.9,-1675.4,-1695.3,-1675.4,-1621.9,-1549,-1472.8,-1405.3,-1353.9,-1322.1,-1077.2,-1084.4,-1105.6,-1139.4,-1183,-1231,-1275.8,-1308.2,-1320,-1308.2,-1275.8,-1231,-1183,-1139.4,-1105.6,-1084.4
1069.3,1076.9,1099.2,1135,1181.4,1232.9,1281.4,1316.5,1329.4,1316.5,1281.4,1232.9,1181.4,1135,1099.2,1076.9,1299.4,1310.7,1344,1398.3,1470,1551.8,1630.7,1689.1,1710.8,1689.1,1630.7,1551.8,1470,1398.3,1344,1310.7,1579.2,1596,1646.3,1729.7,1842.9,1976.3,2109.2,2210.5,2248.8,2210.5,2109.2,1976.3,1842.9,1729.7,1646.3,1596,1890.7,1915.4,1990.6,2118,2296.9,2516.3,2744.7,2925.2,2994.9,2925.2,2744.7,2516.3,2296.9,2118,1990.6,1915.4,2160.6,2195.3,2302.2,2488,2759,3108.2,3490.7,3806.1,3930.7,3806.1,3490.7,3108.2,2759,2488,2302.2,2195.3,2211.1,2254,2387.6,2626,2988.5,3480,4046,4529.4,4723.5,4529.4,4046,3480,2988.5,2626,2387.6,2254,1769.5,1809.3,1934.8,2164.2,2525.7,3037.4,3647.1,4173.6,4383.8,4173.6,3647.1,3037.4,2525.7,2164.2,1934.8,1809.3,694.1,711.1,765.04,865.16,1026.5,1260.3,1542.3,1783.5,1878.2,1783.5,1542.3,1260.3,1026.5,865.16,765.04,711.1,-694.1,-711.1,-765.04,-865.16,-1026.5,-1260.3,-1542.3,-1783.5,-1878.2,-1783.5,-1542.3,-1260.3,-1026.5,-865.16,-765.04,-711.1,-1769.5,-1809.3,-1934.8,-2164.2,-2525.7,-3037.4,-3647.1,-4173.6,-4383.8,-4173.6,-3647.1,-3037.4,-2525.7,-2164.2,-1934.8,-1809.3,-2211.1,-2254,-2387.6,-2626,-2988.5,-3480,-4046,-4529.4,-4723.5,-4529.4,-4046,-3480,-2988.5,-2626,-2387.6,-2254,-2160.6,-2195.3,-2302.2,-2488,-2759,-3108.2,-3490.7,-3806.1,-3930.7,-3806.1,-3490.7,-3108.2,-2759,-2488,-2302.2,-2195.3,-1890.7,-1915.4,-1990.6,-2118,-2296.9,-2516.3,-2744.7,-2925.2,-2994.9,-2925.2,-2744.7,-2516.3,-2296.9,-2118,-1990.6,-1915.4,-1579.2,-1596,-1646.3,-1729.7,-1842.9,-1976.3,-2109.2,-2210.5,-2248.8,-2210.5,-2109.2,-1976.3,-1842.9,-1729.7,-1646.3,-1596,-1299.4,-1310.7,-1344,-1398.3,-1470,-1551.8,-1630.7,-1689.1,-1710.8,-1689.1,-1630.7,-1551.8,-1470,-1398.3,-1344,-1310.7,-1069.3,-1076.9,-1099.2,-1135,-1181.4,-1232.9,-1281.4,-1316.5,-1329.4,-1316.5,-1281.4,-1232.9,-1181.4,-1135,-1099.2,-1076.9
1061.4,1069.4,1092.8,1130.5,1179.7,1234.8,1286.8,1324.8,1338.8,1324.8,1286.8,1234.8,1179.7,1130.5,1092.8,1069.4,1287.6,1299.3,1334.2,1391.2,1467.1,1554.5,1639.4,1702.7,1726.4,1702.7,1639.4,1554.5,1467.1,1391.2,1334.2,1299.3,1561.1,1578.5,1630.9,1718.2,1837.7,1980,2123.5,2233.9,2275.9,2233.9,2123.5,1980,1837.7,1718.2,1630.9,1578.5,1863.3,1888.8,1966.6,2099.3,2287.4,2521.4,2768.6,2966.4,3043.4,2966.4,2768.6,2521.4,2287.4,2099.3,1966.6,1888.8,2121.3,2156.9,2266.6,2458.8,2742.8,3114.8,3530,3877.8,4016.5,3877.8,3530,3114.8,2742.8,2458.8,2266.6,2156.9,2161.8,2205.3,2341.4,2586.5,2964.7,3488,4104.6,4641.1,4858.5,4641.1,4104.6,3488,2964.7,2586.5,2341.4,2205.3,1723.4,1763.5,1890.5,2125,2501.1,3046.4,3713.5,4300.1,4535.8,4300.1,3713.5,3046.4,2501.1,2125,1890.5,1763.5,674.41,691.48,745.88,847.95,1015.6,1265.3,1574.9,1843.9,1949.7,1843.9,1574.9,1265.3,1015.6,847.95,745.88,691.48,-674.41,-691.48,-745.88,-847.95,-1015.6,-1265.3,-1574.9,-1843.9,-1949.7,-1843.9,-1574.9,-1265.3,-1015.6,-847.95,-745.88,-691.48,-1723.4,-1763.5,-1890.5,-2125,-2501.1,-3046.4,-3713.5,-4300.1,-4535.8,-4300.1,-3713.5,-3046.4,-2501.1,-2125,-1890.5,-1763.5,-2161.8,-2205.3,-2341.4,-2586.5,-2964.7,-3488,-4104.6,-4641.1,-4858.5,-4641.1,-4104.6,-3488,-2964.7,-2586.5,-2341.4,-2205.3,-2121.3,-2156.9,-2266.6,-2458.8,-2742.8,-3114.8,-3530,-3877.8,-4016.5,-3877.8,-3530,-3114.8,-2742.8,-2458.8,-2266.6,-2156.9,-1863.3,-1888.8,-1966.6,-2099.3,-2287.4,-2521.4,-2768.6,-2966.4,-3043.4,-2966.4,-2768.6,-2521.4,-2287.4,-2099.3,-1966.6,-1888.8,-1561.1,-1578.5,-1630.9,-1718.2,-1837.7,-1980,-2123.5,-2233.9,-2275.9,-2233.9,-2123.5,-1980,-1837.7,-1718.2,-1630.9,-1578.5,-1287.6,-1299.3,-1334.2,-1391.2,-1467.1,-1554.5,-1639.4,-1702.7,-1726.4,-1702.7,-1639.4,-1554.5,-1467.1,-1391.2,-1334.2,-1299.3,-1061.4,-1069.4,-1092.8,-1130.5,-1179.7,-1234.8,-1286.8,-1324.8,-1338.8,-1324.8,-1286.8,-1234.8,-1179.7,-1130.5,-1092.8,-1069.4
1053.6,1061.9,1086.4,1126,1177.9,1236.5,1292.2,1333.2,1348.3,1333.2,1292.2,1236.5,1177.9,1126,1086.4,1061.9,1275.8,1288,1324.3,1384,1464.1,1556.9,1648,1716.5,1742.2,1716.5,1648,1556.9,1464.1,1384,1324.3,1288,1543.3,1561.2,1615.5,1706.5,1832.2,1983.4,2137.6,2257.5,2303.3,2257.5,2137.6,1983.4,1832.2,1706.5,1615.5,1561.2,1836.4,1862.6,1942.8,2080.4,2277.5,2525.9,2792.2,3008.1,3092.8,3008.1,2792.2,2525.9,2277.5,2080.4,1942.8,1862.6,2082.9,2119.2,2231.4,2429.5,2725.7,3120.2,3568.8,3950.8,4104.6,3950.8,3568.8,3120.2,2725.7,2429.5,2231.4,2119.2,2113.9,2157.9,2296,2546.9,2939.5,3494.1,4162.8,4755.7,4998.3,4755.7,4162.8,3494.1,2939.5,2546.9,2296,2157.9,1678.8,1719.1,1847.1,2085.8,2475,3053.4,3780.2,4431.1,4694.2,4431.1,3780.2,3053.4,2475,2085.8,1847.1,1719.1,655.46,672.53,727.17,830.72,1004,1269.3,1607.9,1906.7,2024.3,1906.7,1607.9,1269.3,1004,830.72,727.17,672.53,-655.46,-672.53,-727.17,-830.72,-1004,-1269.3,-1607.9,-1906.7,-2024.3,-1906.7,-1607.9,-1269.3,-1004,-830.72,-727.17,-672.53,-1678.8,-1719.1,-1847.1,-2085.8,-2475,-3053.4,-3780.2,-4431.1,-4694.2,-4431.1,-3780.2,-3053.4,-2475,-2085.8,-1847.1,-1719.1,-2113.9,-2157.9,-2296,-2546.9,-2939.5,-3494.1,-4162.8,-4755.7,-4998.3,-4755.7,-4162.8,-3494.1,-2939.5,-2546.9,-2296,-2157.9,-2082.9,-2119.2,-2231.4,-2429.5,-2725.7,-3120.2,-3568.8,-3950.8,-4104.6,-3950.8,-3568.8,-3120.2,-2725.7,-2429.5,-2231.4,-2119.2,-1836.4,-1862.6,-1942.8,-2080.4,-2277.5,-2525.9,-2792.2,-3008.1,-3092.8,-3008.1,-2792.2,-2525.9,-2277.5,-2080.4,-1942.8,-1862.6,-1543.3,-1561.2,-1615.5,-1706.5,-1832.2,-1983.4,-2137.6,-2257.5,-2303.3,-2257.5,-2137.6,-1983.4,-1832.2,-1706.5,-1615.5,-1561.2,-1275.8,-1288,-1324.3,-1384,-1464.1,-1556.9,-1648,-1716.5,-1742.2,-1716.5,-1648,-1556.9,-1464.1,-1384,-1324.3,-1288,-1053.6,-1061.9,-1086.4,-1126,-1177.9,-1236.5,-1292.2,-1333.2,-1348.3,-1333.2,-1292.2,-1236.5,-1177.9,-1126,-1086.4,-1061.9
1045.8,1054.4,1080,1121.4,1176.1,1238.1,1297.6,1341.5,1357.8,1341.5,1297.6,1238.1,1176.1,1121.4,1080,1054.4,1264.2,1276.8,1314.5,1376.8,1460.8,1559.1,1656.5,1730.3,1758.1,1730.3,1656.5,1559.1,1460.8,1376.8,1314.5,1276.8,1525.6,1544.2,1600.3,1694.8,1826.4,1986.4,2151.6,2281.2,2331.1,2281.2,2151.6,1986.4,1826.4,1694.8,1600.3,1544.2,1810,1836.9,1919.1,2061.3,2267,2529.7,2815.5,3050.3,3143.1,3050.3,2815.5,2529.7,2267,2061.3,1919.1,1836.9,2045.4,2082.2,2196.6,2399.9,2707.6,3124.2,3607.1,4025.2,4195.1,4025.2,3607.1,3124.2,2707.6,2399.9,2196.6,2082.2,2067.4,2111.7,2251.4,2507.1,2913,3498.1,4220.4,4873.4,5143,4873.4,4220.4,3498.1,2913,2507.1,2251.4,2111.7,1635.8,1676.1,1804.7,2046.6,2447.4,3058.2,3847.1,4566.7,4859.1,4566.7,3847.1,3058.2,2447.4,2046.6,1804.7,1676.1,637.2,654.22,708.89,813.48,991.69,1272.4,1641.5,1972.1,2102.2,1972.1,1641.5,1272.4,991.69,813.48,708.89,654.22,-637.2,-654.22,-708.89,-813.48,-991.69,-1272.4,-1641.5,-1972.1,-2102.2,-1972.1,-1641.5,-1272.4,-991.69,-813.48,-708.89,-654.22,-1635.8,-1676.1,-1804.7,-2046.6,-2447.4,-3058.2,-3847.1,-4566.7,-4859.1,-4566.7,-3847.1,-3058.2,-2447.4,-2046.6,-1804.7,-1676.1,-2067.4,-2111.7,-2251.4,-2507.1,-2913,-3498.1,-4220.4,-4873.4,-5143,-4873.4,-4220.4,-3498.1,-2913,-2507.1,-2251.4,-2111.7,-2045.4,-2082.2,-2196.6,-2399.9,-2707.6,-3124.2,-3607.1,-4025.2,-4195.1,-4025.2,-3607.1,-3124.2,-2707.6,-2399.9,-2196.6,-2082.2,-1810,-1836.9,-1919.1,-2061.3,-2267,-2529.7,-2815.5,-3050.3,-3143.1,-3050.3,-2815.5,-2529.7,-2267,-2061.3,-1919.1,-1836.9,-1525.6,-1544.2,-1600.3,-1694.8,-1826.4,-1986.4,-2151.6,-2281.2,-2331.1,-2281.2,-2151.6,-1986.4,-1826.4,-1694.8,-1600.3,-1544.2,-1264.2,-1276.8,-1314.5,-1376.8,-1460.8,-1559.1,-1656.5,-1730.3,-1758.1,-1730.3,-1656.5,-1559.1,-1460.8,-1376.8,-1314.5,-1276.8,-1045.8,-1054.4,-1080,-1121.4,-1176.1,-1238.1,-1297.6,-1341.5,-1357.8,-1341.5,-1297.6,-1238.1,-1176.1,-1121.4,-1080,-1054.4
1038.1,1047,1073.6,1116.8,1174.1,1239.6,1302.9,1349.9,1367.4,1349.9,1302.9,1239.6,1174.1,1116.8,1073.6,1047,1252.7,1265.7,1304.7,1369.4,1457.4,1561.2,1664.9,1744.1,1774.1,1744.1,1664.9,1561.2,1457.4,1369.4,1304.7,1265.7,1508.2,1527.3,1585,1682.9,1820.3,1989.1,2165.3,2305.1,2359.2,2305.1,2165.3,1989.1,1820.3,1682.9,1585,1527.3,1784.1,1811.5,1895.7,2042.1,2255.9,2532.7,2838.4,3093,3194.4,3093,2838.4,2532.7,2255.9,2042.1,1895.7,1811.5,2008.8,2046.1,2162.3,2370.3,2688.7,3127,3644.8,4100.9,4288.1,4100.9,3644.8,3127,2688.7,2370.3,2162.3,2046.1,2022.2,2066.7,2207.5,2467.3,2885.2,3500,4277.5,4994.2,5293,4994.2,4277.5,3500,2885.2,2467.3,2207.5,2066.7,1594.2,1634.4,1763.2,2007.3,2418.4,3060.6,3914.2,4707.2,5030.9,4707.2,3914.2,3060.6,2418.4,2007.3,1763.2,1634.4,619.62,636.53,691.05,796.27,978.72,1274.4,1675.5,2040.3,2183.5,2040.3,1675.5,1274.4,978.72,796.27,691.05,636.53,-619.62,-636.53,-691.05,-796.27,-978.72,-1274.4,-1675.5,-2040.3,-2183.5,-2040.3,-1675.5,-1274.4,-978.72,-796.27,-691.05,-636.53,-1594.2,-1634.4,-1763.2,-2007.3,-2418.4,-3060.6,-3914.2,-4707.2,-5030.9,-4707.2,-3914.2,-3060.6,-2418.4,-2007.3,-1763.2,-1634.4,-2022.2,-2066.7,-2207.5,-2467.3,-2885.2,-3500,-4277.5,-4994.2,-5293,-4994.2,-4277.5,-3500,-2885.2,-2467.3,-2207.5,-2066.7,-2008.8,-2046.1,-2162.3,-2370.3,-2688.7,-3127,-3644.8,-4100.9,-4288.1,-4100.9,-3644.8,-3127,-2688.7,-2370.3,-2162.3,-2046.1,-1784.1,-1811.5,-1895.7,-2042.1,-2255.9,-2532.7,-2838.4,-3093,-3194.4,-3093,-2838.4,-2532.7,-2255.9,-2042.1,-1895.7,-1811.5,-1508.2,-1527.3,-1585,-1682.9,-1820.3,-1989.1,-2165.3,-2305.1,-2359.2,-2305.1,-2165.3,-1989.1,-1820.3,-1682.9,-1585,-1527.3,-1252.7,-1265.7,-1304.7,-1369.4,-1457.4,-1561.2,-1664.9,-1744.1,-1774.1,-1744.1,-1664.9,-1561.2,-1457.4,-1369.4,-1304.7,-1265.7,-1038.1,-1047,-1073.6,-1116.8,-1174.1,-1239.6,-1302.9,-1349.9,-1367.4,-1349.9,-1302.9,-1239.6,-1174.1,-1116.8,-1073.6,-1047
1030.5,1039.7,1067.2,1112.1,1172,1241,1308.1,1358.3,1377,1358.3,1308.1,1241,1172,1112.1,1067.2,1039.7,1241.2,1254.6,1294.9,1362,1453.8,1563,1673.2,1758,1790.2,1758,1673.2,1563,1453.8,1362,1294.9,1254.6,1491.1,1510.6,1569.9,1670.9,1813.8,1991.4,2178.9,2329.2,2387.7,2329.2,2178.9,1991.4,1813.8,1670.9,1569.9,1510.6,1758.6,1786.5,1872.4,2022.7,2244.4,2535.1,2861,3136.2,3246.7,3136.2,2861,2535.1,2244.4,2022.7,1872.4,1786.5,1973,2010.7,2128.4,2340.5,2668.9,3128.4,3681.9,4177.9,4383.6,4177.9,3681.9,3128.4,2668.9,2340.5,2128.4,2010.7,1978.3,2023,2164.5,2427.4,2856.1,3499.8,4333.9,5118.2,5448.3,5118.2,4333.9,3499.8,2856.1,2427.4,2164.5,2023,1554,1594.1,1722.6,1968.2,2388.1,3060.7,3981.3,4852.9,5209.8,4852.9,3981.3,3060.7,2388.1,1968.2,1722.6,1594.1,602.68,619.44,673.64,779.1,965.1,1275.3,1710,2111.3,2268.4,2111.3,1710,1275.3,965.1,779.1,673.64,619.44,-602.68,-619.44,-673.64,-779.1,-965.1,-1275.3,-1710,-2111.3,-2268.4,-2111.3,-1710,-1275.3,-965.1,-779.1,-673.64,-619.44,-1554,-1594.1,-1722.6,-1968.2,-2388.1,-3060.7,-3981.3,-4852.9,-5209.8,-4852.9,-3981.3,-3060.7,-2388.1,-1968.2,-1722.6,-1594.1,-1978.3,-2023,-2164.5,-2427.4,-2856.1,-3499.8,-4333.9,-5118.2,-5448.3,-5118.2,-4333.9,-3499.8,-2856.1,-2427.4,-2164.5,-2023,-1973,-2010.7,-2128.4,-2340.5,-2668.9,-3128.4,-3681.9,-4177.9,-4383.6,-4177.9,-3681.9,-3128.4,-2668.9,-2340.5,-2128.4,-2010.7,-1758.6,-1786.5,-1872.4,-2022.7,-2244.4,-2535.1,-2861,-3136.2,-3246.7,-3136.2,-2861,-2535.1,-2244.4,-2022.7,-1872.4,-1786.5,-1491.1,-1510.6,-1569.9,-1670.9,-1813.8,-1991.4,-2178.9,-2329.2,-2387.7,-2329.2,-2178.9,-1991.4,-1813.8,-1670.9,-1569.9,-1510.6,-1241.2,-1254.6,-1294.9,-1362,-1453.8,-1563,-1673.2,-1758,-1790.2,-1758,-1673.2,-1563,-1453.8,-1362,-1294.9,-1254.6,-1030.5,-1039.7,-1067.2,-1112.1,-1172,-1241,-1308.1,-1358.3,-1377,-1358.3,-1308.1,-1241,-1172,-1112.1,-1067.2,-1039.7
1022.9,1032.4,1060.7,1107.4,1169.8,1242.2,1313.3,1366.7,1386.7,1366.7,1313.3,1242.2,1169.8,1107.4,1060.7,1032.4,1229.9,1243.7,1285.1,1354.5,1450,1564.7,1681.4,1771.9,1806.5,1771.9,1681.4,1564.7,1450,1354.5,1285.1,1243.7,1474.1,1494.1,1554.8,1658.8,1807.1,1993.3,2192.3,2353.4,2416.6,2353.4,2192.3,1993.3,1807.1,1658.8,1554.8,1494.1,1733.6,1761.9,1849.4,2003.2,2232.3,2536.7,2883.2,3179.8,3299.9,3179.8,2883.2,2536.7,2232.3,2003.2,1849.4,1761.9,1938.1,1976,2094.9,2310.6,2648.3,3128.5,3718.4,4256.4,4481.7,4256.4,3718.4,3128.5,2648.3,2310.6,2094.9,1976,1935.7,1980.3,2122.2,2387.6,2825.8,3497.4,4389.5,5245.6,5609.1,5245.6,4389.5,3497.4,2825.8,2387.6,2122.2,1980.3,1515.2,1554.9,1682.9,1929.1,2356.4,3058.2,4048.4,5003.9,5396.2,5003.9,4048.4,3058.2,2356.4,1929.1,1682.9,1554.9,586.36,602.92,656.66,761.99,950.82,1275.1,1745.1,2185.5,2356.9,2185.5,1745.1,1275.1,950.82,761.99,656.66,602.92,-586.36,-602.92,-656.66,-761.99,-950.82,-1275.1,-1745.1,-2185.5,-2356.9,-2185.5,-1745.1,-1275.1,-950.82,-761.99,-656.66,-602.92,-1515.2,-1554.9,-1682.9,-1929.1,-2356.4,-3058.2,-4048.4,-5003.9,-5396.2,-5003.9,-4048.4,-3058.2,-2356.4,-1929.1,-1682.9,-1554.9,-1935.7,-1980.3,-2122.2,-2387.6,-2825.8,-3497.4,-4389.5,-5245.6,-5609.1,-5245.6,-4389.5,-3497.4,-2825.8,-2387.6,-2122.2,-1980.3,-1938.1,-1976,-2094.9,-2310.6,-2648.3,-3128.5,-3718.4,-4256.4,-4481.7,-4256.4,-3718.4,-3128.5,-2648.3,-2310.6,-2094.9,-1976,-1733.6,-1761.9,-1849.4,-2003.2,-2232.3,-2536.7,-2883.2,-3179.8,-3299.9,-3179.8,-2883.2,-2536.7,-2232.3,-2003.2,-1849.4,-1761.9,-1474.1,-1494.1,-1554.8,-1658.8,-1807.1,-1993.3,-2192.3,-2353.4,-2416.6,-2353.4,-2192.3,-1993.3,-1807.1,-1658.8,-1554.8,-1494.1,-1229.9,-1243.7,-1285.1,-1354.5,-1450,-1564.7,-1681.4,-1771.9,-1806.5,-1771.9,-1681.4,-1564.7,-1450,-1354.5,-1285.1,-1243.7,-1022.9,-1032.4,-1060.7,-1107.4,-1169.8,-1242.2,-1313.3,-1366.7,-1386.7,-1366.7,-1313.3,-1242.2,-1169.8,-1107.4,-1060.7,-1032.4
1015.3,1025.1,1054.3,1102.6,1167.6,1243.4,1318.3,1375,1396.4,1375,1318.3,1243.4,1167.6,1102.6,1054.3,1025.1,1218.7,1232.8,1275.4,1346.9,1446.1,1566.1,1689.4,1785.9,1822.9,1785.9,1689.4,1566.1,1446.1,1346.9,1275.4,1232.8,1457.4,1477.7,1539.8,1646.6,1800.1,1994.9,2205.4,2377.8,2445.8,2377.8,2205.4,1994.9,1800.1,1646.6,1539.8,1477.7,1709,1737.7,1826.5,1983.6,2219.8,2537.6,2905,3224,3354.2,3224,2905,2537.6,2219.8,1983.6,1826.5,1737.7,1903.9,1942.1,2062,2280.7,2626.8,3127.2,3754.1,4336.2,4582.4,4336.2,3754.1,3127.2,2626.8,2280.7,2062,1942.1,1894.3,1938.8,2080.7,2347.8,2794.3,3492.7,4444.2,5376.4,5775.8,5376.4,4444.2,3492.7,2794.3,2347.8,2080.7,1938.8,1477.6,1517,1644,1890.2,2323.4,3053.1,4115.4,5160.6,5590.2,5160.6,4115.4,3053.1,2323.4,1890.2,1644,1517,570.62,586.96,640.11,744.97,935.91,1273.6,1780.7,2263.1,2449.2,2263.1,1780.7,1273.6,935.91,744.97,640.11,586.96,-570.62,-586.96,-640.11,-744.97,-935.91,-1273.6,-1780.7,-2263.1,-2449.2,-2263.1,-1780.7,-1273.6,-935.91,-744.97,-640.11,-586.96,-1477.6,-1517,-1644,-1890.2,-2323.4,-3053.1,-4115.4,-5160.6,-5590.2,-5160.6,-4115.4,-3053.1,-2323.4,-1890.2,-1644,-1517,-1894.3,-1938.8,-2080.7,-2347.8,-2794.3,-3492.7,-4444.2,-5376.4,-5775.8,-5376.4,-4444.2,-3492.7,-2794.3,-2347.8,-2080.7,-1938.8,-1903.9,-1942.1,-2062,-2280.7,-2626.8,-3127.2,-3754.1,-4336.2,-4582.4,-4336.2,-3754.1,-3127.2,-2626.8,-2280.7,-2062,-1942.1,-1709,-1737.7,-1826.5,-1983.6,-2219.8,-2537.6,-2905,-3224,-3354.2,-3224,-2905,-2537.6,-2219.8,-1983.6,-1826.5,-1737.7,-1457.4,-1477.7,-1539.8,-1646.6,-1800.1,-1994.9,-2205.4,-2377.8,-2445.8,-2377.8,-2205.4,-1994.9,-1800.1,-1646.6,-1539.8,-1477.7,-1218.7,-1232.8,-1275.4,-1346.9,-1446.1,-1566.1,-1689.4,-1785.9,-1822.9,-1785.9,-1689.4,-1566.1,-1446.1,-1346.9,-1275.4,-1232.8,-1015.3,-1025.1,-1054.3,-1102.6,-1167.6,-1243.4,-1318.3,-1375,-1396.4,-1375,-1318.3,-1243.4,-1167.6,-1102.6,-1054.3,-1025.1
1007.8,1017.8,1047.9,1097.7,1165.2,1244.5,1323.4,1383.4,1406.2,1383.4,1323.4,1244.5,1165.2,1097.7,1047.9,1017.8,1207.6,1222,1265.6,1339.2,1442,1567.4,1697.4,1799.9,1839.5,1799.9,1697.4,1567.4,1442,1339.2,1265.6,1222,1440.9,1461.6,1524.9,1634.3,1792.9,1996,2218.4,2402.3,2475.3,2402.3,2218.4,1996,1792.9,1634.3,1524.9,1461.6,1684.8,1713.8,1803.9,1963.9,2206.8,2537.8,2926.4,3268.6,3409.4,3268.6,2926.4,2537.8,2206.8,1963.9,1803.9,1713.8,1870.5,1908.8,2029.4,2250.8,2604.6,3124.4,3789,4417.4,4685.9,4417.4,3789,3124.4,2604.6,2250.8,2029.4,1908.8,1854.1,1898.4,2039.9,2308.1,2761.7,3485.6,4497.9,5510.7,5948.4,5510.7,4497.9,3485.6,2761.7,2308.1,2039.9,1898.4,1441.3,1480.2,1606.1,1851.5,2289.1,3045.3,4182.3,5323.2,5792.3,5323.2,4182.3,3045.3,2289.1,1851.5,1606.1,1480.2,555.44,571.54,623.97,728.05,920.38,1270.8,1816.9,2344.1,2545.5,2344.1,1816.9,1270.8,920.38,728.05,623.97,571.54,-555.44,-571.54,-623.97,-728.05,-920.38,-1270.8,-1816.9,-2344.1,-2545.5,-2344.1,-1816.9,-1270.8,-920.38,-728.05,-623.97,-571.54,-1441.3,-1480.2,-1606.1,-1851.5,-2289.1,-3045.3,-4182.3,-5323.2,-5792.3,-5323.2,-4182.3,-3045.3,-2289.1,-1851.5,-1606.1,-1480.2,-1854.1,-1898.4,-2039.9,-2308.1,-2761.7,-3485.6,-4497.9,-5510.7,-5948.4,-5510.7,-4497.9,-3485.6,-2761.7,-2308.1,-2039.9,-1898.4,-1870.5,-1908.8,-2029.4,-2250.8,-2604.6,-3124.4,-3789,-4417.4,-4685.9,-4417.4,-3789,-3124.4,-2604.6,-2250.8,-2029.4,-1908.8,-1684.8,-1713.8,-1803.9,-1963.9,-2206.8,-2537.8,-2926.4,-3268.6,-3409.4,-3268.6,-2926.4,-2537.8,-2206.8,-1963.9,-1803.9,-1713.8,-1440.9,-1461.6,-1524.9,-1634.3,-1792.9,-1996,-2218.4,-2402.3,-2475.3,-2402.3,-2218.4,-1996,-1792.9,-1634.3,-1524.9,-1461.6,-1207.6,-1222,-1265.6,-1339.2,-1442,-1567.4,-1697.4,-1799.9,-1839.5,-1799.9,-1697.4,-1567.4,-1442,-1339.2,-1265.6,-1222,-1007.8,-1017.8,-1047.9,-1097.7,-1165.2,-1244.5,-1323.4,-1383.4,-1406.2,-1383.4,-1323.4,-1244.5,-1165.2,-1097.7,-1047.9,-1017.8
1000.3,1010.6,1041.5,1092.8,1162.7,1245.4,1328.3,1391.8,1415.9,1391.8,1328.3,1245.4,1162.7,1092.8,1041.5,1010.6,1196.6,1211.3,1255.9,1331.5,1437.7,1568.5,1705.2,1813.9,1856.1,1813.9,1705.2,1568.5,1437.7,1331.5,1255.9,1211.3,1424.6,1445.6,1510,1621.9,1785.3,1996.8,2231.1,2427,2505.3,2427,2231.1,1996.8,1785.3,1621.9,1510,1445.6,1661.1,1690.4,1781.4,1944.2,2193.3,2537.2,2947.3,3313.7,3465.8,3313.7,2947.3,2537.2,2193.3,1944.2,1781.4,1690.4,1837.9,1876.2,1997.3,2220.8,2581.6,3120.3,3823,4500,4792.3,4500,3823,3120.3,2581.6,2220.8,1997.3,1876.2,1815,1859,2000,2268.5,2728.1,3476.2,4550.4,5648.6,6127.3,5648.6,4550.4,3476.2,2728.1,2268.5,2000,1859,1406.2,1444.6,1569.1,1813,2253.7,3034.5,4248.9,5492.2,6002.6,5492.2,4248.9,3034.5,2253.7,1813,1569.1,1444.6,540.8,556.62,608.25,711.25,904.27,1266.5,1853.6,2429,2645.9,2429,1853.6,1266.5,904.27,711.25,608.25,556.62,-540.8,-556.62,-608.25,-711.25,-904.27,-1266.5,-1853.6,-2429,-2645.9,-2429,-1853.6,-1266.5,-904.27,-711.25,-608.25,-556.62,-1406.2,-1444.6,-1569.1,-1813,-2253.7,-3034.5,-4248.9,-5492.2,-6002.6,-5492.2,-4248.9,-3034.5,-2253.7,-1813,-1569.1,-1444.6,-1815,-1859,-2000,-2268.5,-2728.1,-3476.2,-4550.4,-5648.6,-6127.3,-5648.6,-4550.4,-3476.2,-2728.1,-2268.5,-2000,-1859,-1837.9,-1876.2,-1997.3,-2220.8,-2581.6,-3120.3,-3823,-4500,-4792.3,-4500,-3823,-3120.3,-2581.6,-2220.8,-1997.3,-1876.2,-1661.1,-1690.4,-1781.4,-1944.2,-2193.3,-2537.2,-2947.3,-3313.7,-3465.8,-3313.7,-2947.3,-2537.2,-2193.3,-1944.2,-1781.4,-1690.4,-1424.6,-1445.6,-1510,-1621.9,-1785.3,-1996.8,-2231.1,-2427,-2505.3,-2427,-2231.1,-1996.8,-1785.3,-1621.9,-1510,-1445.6,-1196.6,-1211.3,-1255.9,-1331.5,-1437.7,-1568.5,-1705.2,-1813.9,-1856.1,-1813.9,-1705.2,-1568.5,-1437.7,-1331.5,-1255.9,-1211.3,-1000.3,-1010.6,-1041.5,-1092.8,-1162.7,-1245.4,-1328.3,-1391.8,-1415.9,-1391.8,-1328.3,-1245.4,-1162.7,-1092.8,-1041.5,-1010.6
992.92,1003.4,1035.1,1087.9,1160.1,1246.2,1333.2,1400.2,1425.8,1400.2,1333.2,1246.2,1160.1,1087.9,1035.1,1003.4,1185.8,1200.7,1246.3,1323.8,1433.3,1569.3,1712.9,1828,1872.9,1828,1712.9,1569.3,1433.3,1323.8,1246.3,1200.7,1408.6,1429.8,1495.3,1609.5,1777.5,1997.2,2243.5,2451.8,2535.6,2451.8,2243.5,1997.2,1777.5,1609.5,1495.3,1429.8,1637.8,1667.3,1759.2,1924.4,2179.3,2535.9,2967.7,3359.2,3523.2,3359.2,2967.7,2535.9,2179.3,1924.4,1759.2,1667.3,1806,1844.3,1965.7,2190.8,2558,3114.7,3856.1,4584,4901.6,4584,3856.1,3114.7,2558,2190.8,1965.7,1844.3,1776.9,1820.6,1960.8,2229.1,2693.3,3464.3,4601.6,5790.2,6312.6,5790.2,4601.6,3464.3,2693.3,2229.1,1960.8,1820.6,1372.2,1410.1,1532.9,1774.8,2217.1,3020.8,4315.1,5667.9,6221.6,5667.9,4315.1,3020.8,2217.1,1774.8,1532.9,1410.1,526.68,542.21,592.94,694.6,887.59,1260.8,1891,2518,2750.5,2518,1891,1260.8,887.59,694.6,592.94,542.21,-526.68,-542.21,-592.94,-694.6,-887.59,-1260.8,-1891,-2518,-2750.5,-2518,-1891,-1260.8,-887.59,-694.6,-592.94,-542.21,-1372.2,-1410.1,-1532.9,-1774.8,-2217.1,-3020.8,-4315.1,-5667.9,-6221.6,-5667.9,-4315.1,-3020.8,-2217.1,-1774.8,-1532.9,-1410.1,-1776.9,-1820.6,-1960.8,-2229.1,-2693.3,-3464.3,-4601.6,-5790.2,-6312.6,-5790.2,-4601.6,-3464.3,-2693.3,-2229.1,-1960.8,-1820.6,-1806,-1844.3,-1965.7,-2190.8,-2558,-3114.7,-3856.1,-4584,-4901.6,-4584,-3856.1,-3114.7,-2558,-2190.8,-1965.7,-1844.3,-1637.8,-1667.3,-1759.2,-1924.4,-2179.3,-2535.9,-2967.7,-3359.2,-3523.2,-3359.2,-2967.7,-2535.9,-2179.3,-1924.4,-1759.2,-1667.3,-1408.6,-1429.8,-1495.3,-1609.5,-1777.5,-1997.2,-2243.5,-2451.8,-2535.6,-2451.8,-2243.5,-1997.2,-1777.5,-1609.5,-1495.3,-1429.8,-1185.8,-1200.7,-1246.3,-1323.8,-1433.3,-1569.3,-1712.9,-1828,-1872.9,-1828,-1712.9,-1569.3,-1433.3,-1323.8,-1246.3,-1200.7,-992.92,-1003.4,-1035.1,-1087.9,-1160.1,-1246.2,-1333.2,-1400.2,-1425.8,-1400.2,-1333.2,-1246.2,-1160.1,-1087.9,-1035.1,-1003.4
985.57,996.31,1028.7,1082.9,1157.5,1246.9,1338,1408.6,1435.7,1408.6,1338,1246.9,1157.5,1082.9,1028.7,996.31,1175,1190.2,1236.6,1315.9,1428.8,1569.9,1720.4,1842.1,1889.8,1842.1,1720.4,1569.9,1428.8,1315.9,1236.6,1190.2,1392.7,1414.2,1480.6,1597,1769.4,1997.3,2255.7,2476.7,2566.2,2476.7,2255.7,1997.3,1769.4,1597,1480.6,1414.2,1614.9,1644.5,1737.2,1904.5,2164.9,2533.8,2987.6,3405.2,3581.6,3405.2,2987.6,2533.8,2164.9,1904.5,1737.2,1644.5,1774.8,1813.1,1934.5,2160.9,2533.6,3107.7,3888.2,4669.4,5013.9,4669.4,3888.2,3107.7,2533.6,2160.9,1934.5,1813.1,1740,1783.3,1922.4,2189.9,2657.6,3450,4651.4,5935.7,6504.5,5935.7,4651.4,3450,2657.6,2189.9,1922.4,1783.3,1339.3,1376.6,1497.6,1736.9,2179.4,3003.9,4380.8,5850.7,6449.5,5850.7,4380.8,3003.9,2179.4,1736.9,1497.6,1376.6,513.05,528.26,578.03,678.11,870.36,1253.4,1928.9,2611.4,2859.6,2611.4,1928.9,1253.4,870.36,678.11,578.03,528.26,-513.05,-528.26,-578.03,-678.11,-870.36,-1253.4,-1928.9,-2611.4,-2859.6,-2611.4,-1928.9,-1253.4,-870.36,-678.11,-578.03,-528.26,-1339.3,-1376.6,-1497.6,-1736.9,-2179.4,-3003.9,-4380.8,-5850.7,-6449.5,-5850.7,-4380.8,-3003.9,-2179.4,-1736.9,-1497.6,-1376.6,-1740,-1783.3,-1922.4,-2189.9,-2657.6,-3450,-4651.4,-5935.7,-6504.5,-5935.7,-4651.4,-3450,-2657.6,-2189.9,-1922.4,-1783.3,-1774.8,-1813.1,-1934.5,-2160.9,-2533.6,-3107.7,-3888.2,-4669.4,-5013.9,-4669.4,-3888.2,-3107.7,-2533.6,-2160.9,-1934.5,-1813.1,-1614.9,-1644.5,-1737.2,-1904.5,-2164.9,-2533.8,-2987.6,-3405.2,-3581.6,-3405.2,-2987.6,-2533.8,-2164.9,-1904.5,-1737.2,-1644.5,-1392.7,-1414.2,-1480.6,-1597,-1769.4,-1997.3,-2255.7,-2476.7,-2566.2,-2476.7,-2255.7,-1997.3,-1769.4,-1597,-1480.6,-1414.2,-1175,-1190.2,-1236.6,-1315.9,-1428.8,-1569.9,-1720.4,-1842.1,-1889.8,-1842.1,-1720.4,-1569.9,-1428.8,-1315.9,-1236.6,-1190.2,-985.57,-996.31,-1028.7,-1082.9,-1157.5,-1246.9,-1338,-1408.6,-1435.7,-1408.6,-1338,-1246.9,-1157.5,-1082.9,-1028.7,-996.31
978.27,989.22,1022.3,1077.8,1154.7,1247.5,1342.7,1417,1445.6,1417,1342.7,1247.5,1154.7,1077.8,1022.3,989.22,1164.3,1179.8,1227,1308,1424,1570.4,1727.8,1856.3,1906.8,1856.3,1727.8,1570.4,1424,1308,1227,1179.8,1377.1,1398.8,1466.1,1584.4,1761,1996.9,2267.6,2501.8,2597.3,2501.8,2267.6,1996.9,1761,1584.4,1466.1,1398.8,1592.4,1622.1,1715.4,1884.6,2150.1,2531,3007,3451.6,3641.2,3451.6,3007,2531,2150.1,1884.6,1715.4,1622.1,1744.3,1782.5,1903.8,2131,2508.5,3099.2,3919.2,4756.2,5129.3,4756.2,3919.2,3099.2,2508.5,2131,1903.8,1782.5,1704,1746.9,1884.7,2151,2621,3433.1,4699.6,6085.2,6703.4,6085.2,4699.6,3433.1,2621,2151,1884.7,1746.9,1307.5,1344.1,1463.2,1699.3,2140.7,2983.8,4445.8,6041.1,6686.6,6041.1,4445.8,2983.8,2140.7,1699.3,1463.2,1344.1,499.89,514.78,563.51,661.79,852.63,1244.4,1967.4,2709.5,2973.2,2709.5,1967.4,1244.4,852.63,661.79,563.51,514.78,-499.89,-514.78,-563.51,-661.79,-852.63,-1244.4,-1967.4,-2709.5,-2973.2,-2709.5,-1967.4,-1244.4,-852.63,-661.79,-563.51,-514.78,-1307.5,-1344.1,-1463.2,-1699.3,-2140.7,-2983.8,-4445.8,-6041.1,-6686.6,-6041.1,-4445.8,-2983.8,-2140.7,-1699.3,-1463.2,-1344.1,-1704,-1746.9,-1884.7,-2151,-2621,-3433.1,-4699.6,-6085.2,-6703.4,-6085.2,-4699.6,-3433.1,-2621,-2151,-1884.7,-1746.9,-1744.3,-1782.5,-1903.8,-2131,-2508.5,-3099.2,-3919.2,-4756.2,-5129.3,-4756.2,-3919.2,-3099.2,-2508.5,-2131,-1903.8,-1782.5,-1592.4,-1622.1,-1715.4,-1884.6,-2150.1,-2531,-3007,-3451.6,-3641.2,-3451.6,-3007,-2531,-2150.1,-1884.6,-1715.4,-1622.1,-1377.1,-1398.8,-1466.1,-1584.4,-1761,-1996.9,-2267.6,-2501.8,-2597.3,-2501.8,-2267.6,-1996.9,-1761,-1584.4,-1466.1,-1398.8,-1164.3,-1179.8,-1227,-1308,-1424,-1570.4,-1727.8,-1856.3,-1906.8,-1856.3,-1727.8,-1570.4,-1424,-1308,-1227,-1179.8,-978.27,-989.22,-1022.3,-1077.8,-1154.7,-1247.5,-1342.7,-1417,-1445.6,-1417,-1342.7,-1247.5,-1154.7,-1077.8,-1022.3,-989.22
971.02,982.17,1015.9,1072.8,1151.9,1248,1347.3,1425.4,1455.5,1425.4,1347.3,1248,1151.9,1072.8,1015.9,982.17,1153.7,1169.4,1217.4,1300.1,1419.2,1570.6,1735.1,1870.4,1924,1870.4,1735.1,1570.6,1419.2,1300.1,1217.4,1169.4,1361.6,1383.6,1451.6,1571.8,1752.4,1996.1,2279.3,2527,2628.7,2527,2279.3,1996.1,1752.4,1571.8,1451.6,1383.6,1570.2,1600.1,1693.9,1864.7,2134.9,2527.4,3025.8,3498.4,3701.9,3498.4,3025.8,2527.4,2134.9,1864.7,1693.9,1600.1,1714.5,1752.6,1873.6,2101.2,2482.8,3089.3,3949.1,4844.4,5247.8,4844.4,3949.1,3089.3,2482.8,2101.2,1873.6,1752.6,1669.1,1711.4,1847.8,2112.3,2583.5,3413.6,4746,6238.7,6909.5,6238.7,4746,3413.6,2583.5,2112.3,1847.8,1711.4,1276.6,1312.6,1429.5,1662.2,2101,2960.3,4510,6239.5,6933.3,6239.5,4510,2960.3,2101,1662.2,1429.5,1312.6,487.18,501.74,549.39,645.66,834.42,1233.5,2006.6,2812.7,3091.6,2812.7,2006.6,1233.5,834.42,645.66,549.39,501.74,-487.18,-501.74,-549.39,-645.66,-834.42,-1233.5,-2006.6,-2812.7,-3091.6,-2812.7,-2006.6,-1233.5,-834.42,-645.66,-549.39,-501.74,-1276.6,-1312.6,-1429.5,-1662.2,-2101,-2960.3,-4510,-6239.5,-6933.3,-6239.5,-4510,-2960.3,-2101,-1662.2,-1429.5,-1312.6,-1669.1,-1711.4,-1847.8,-2112.3,-2583.5,-3413.6,-4746,-6238.7,-6909.5,-6238.7,-4746,-3413.6,-2583.5,-2112.3,-1847.8,-1711.4,-1714.5,-1752.6,-1873.6,-2101.2,-2482.8,-3089.3,-3949.1,-4844.4,-5247.8,-4844.4,-3949.1,-3089.3,-2482.8,-2101.2,-1873.6,-1752.6,-1570.2,-1600.1,-1693.9,-1864.7,-2134.9,-2527.4,-3025.8,-3498.4,-3701.9,-3498.4,-3025.8,-2527.4,-2134.9,-1864.7,-1693.9,-1600.1,-1361.6,-1383.6,-1451.6,-1571.8,-1752.4,-1996.1,-2279.3,-2527,-2628.7,-2527,-2279.3,-1996.1,-1752.4,-1571.8,-1451.6,-1383.6,-1153.7,-1169.4,-1217.4,-1300.1,-1419.2,-1570.6,-1735.1,-1870.4,-1924,-1870.4,-1735.1,-1570.6,-1419.2,-1300.1,-1217.4,-1169.4,-971.02,-982.17,-1015.9,-1072.8,-1151.9,-1248,-1347.3,-1425.4,-1455.5,-1425.4,-1347.3,-1248,-1151.9,-1072.8,-1015.9,-982.17
963.82,975.16,1009.6,1067.7,1148.9,1248.4,1351.9,1433.8,1465.5,1433.8,1351.9,1248.4,1148.9,1067.7,1009.6,975.16,1143.3,1159.2,1207.9,1292.1,1414.1,1570.6,1742.2,1884.6,1941.3,1884.6,1742.2,1570.6,1414.1,1292.1,1207.9,1159.2,1346.4,1368.5,1437.2,1559.1,1743.6,1994.9,2290.6,2552.3,2660.5,2552.3,2290.6,1994.9,1743.6,1559.1,1437.2,1368.5,1548.5,1578.4,1672.5,1844.7,2119.3,2523,3043.9,3545.7,3763.8,3545.7,3043.9,2523,2119.3,1844.7,1672.5,1578.4,1685.4,1723.2,1843.8,2071.5,2456.5,3077.8,3977.7,4934,5369.7,4934,3977.7,3077.8,2456.5,2071.5,1843.8,1723.2,1635,1676.8,1811.7,2073.9,2545.2,3391.5,4790.4,6396.5,7123,6396.5,4790.4,3391.5,2545.2,2073.9,1811.7,1676.8,1246.8,1282,1396.8,1625.4,2060.4,2933.3,4573.1,6446.5,7190,6446.5,4573.1,2933.3,2060.4,1625.4,1396.8,1282,474.9,489.12,535.64,629.75,815.77,1220.8,2046.3,2921.5,3214.9,2921.5,2046.3,1220.8,815.77,629.75,535.64,489.12,-474.9,-489.12,-535.64,-629.75,-815.77,-1220.8,-2046.3,-2921.5,-3214.9,-2921.5,-2046.3,-1220.8,-815.77,-629.75,-535.64,-489.12,-1246.8,-1282,-1396.8,-1625.4,-2060.4,-2933.3,-4573.1,-6446.5,-7190,-6446.5,-4573.1,-2933.3,-2060.4,-1625.4,-1396.8,-1282,-1635,-1676.8,-1811.7,-2073.9,-2545.2,-3391.5,-4790.4,-6396.5,-7123,-6396.5,-4790.4,-3391.5,-2545.2,-2073.9,-1811.7,-1676.8,-1685.4,-1723.2,-1843.8,-2071.5,-2456.5,-3077.8,-3977.7,-4934,-5369.7,-4934,-3977.7,-3077.8,-2456.5,-2071.5,-1843.8,-1723.2,-1548.5,-1578.4,-1672.5,-1844.7,-2119.3,-2523,-3043.9,-3545.7,-3763.8,-3545.7,-3043.9,-2523,-2119.3,-1844.7,-1672.5,-1578.4,-1346.4,-1368.5,-1437.2,-1559.1,-1743.6,-1994.9,-2290.6,-2552.3,-2660.5,-2552.3,-2290.6,-1994.9,-1743.6,-1559.1,-1437.2,-1368.5,-1143.3,-1159.2,-1207.9,-1292.1,-1414.1,-1570.6,-1742.2,-1884.6,-1941.3,-1884.6,-1742.2,-1570.6,-1414.1,-1292.1,-1207.9,-1159.2,-963.82,-975.16,-1009.6,-1067.7,-1148.9,-1248.4,-1351.9,-1433.8,-1465.5,-1433.8,-1351.9,-1248.4,-1148.9,-1067.7,-1009.6,-975.16
956.67,968.2,1003.2,1062.5,1145.9,1248.7,1356.4,1442.2,1475.6,1442.2,1356.4,1248.7,1145.9,1062.5,1003.2,968.2,1132.9,1149,1198.4,1284.1,1409,1570.5,1749.2,1898.8,1958.7,1898.8,1749.2,1570.5,1409,1284.1,1198.4,1149,1331.4,1353.6,1422.9,1546.4,1734.5,1993.4,2301.7,2577.7,2692.7,2577.7,2301.7,1993.4,1734.5,1546.4,1422.9,1353.6,1527.1,1557.1,1651.4,1824.8,2103.3,2517.9,3061.5,3593.4,3826.8,3593.4,3061.5,2517.9,2103.3,1824.8,1651.4,1557.1,1656.9,1694.5,1814.5,2041.9,2429.7,3064.9,4005,5025.1,5494.9,5025.1,4005,3064.9,2429.7,2041.9,1814.5,1694.5,1601.9,1643.2,1776.2,2035.8,2506.1,3366.7,4832.7,6558.7,7344.1,6558.7,4832.7,3366.7,2506.1,2035.8,1776.2,1643.2,1217.9,1252.4,1364.8,1589.1,2019.1,2902.7,4634.9,6662.9,7456.8,6662.9,4634.9,2902.7,2019.1,1589.1,1364.8,1252.4,463.04,476.92,522.27,614.05,796.72,1206,2086.6,3036.3,3343.3,3036.3,2086.6,1206,796.72,614.05,522.27,476.92,-463.04,-476.92,-522.27,-614.05,-796.72,-1206,-2086.6,-3036.3,-3343.3,-3036.3,-2086.6,-1206,-796.72,-614.05,-522.27,-476.92,-1217.9,-1252.4,-1364.8,-1589.1,-2019.1,-2902.7,-4634.9,-6662.9,-7456.8,-6662.9,-4634.9,-2902.7,-2019.1,-1589.1,-1364.8,-1252.4,-1601.9,-1643.2,-1776.2,-2035.8,-2506.1,-3366.7,-4832.7,-6558.7,-7344.1,-6558.7,-4832.7,-3366.7,-2506.1,-2035.8,-1776.2,-1643.2,-1656.9,-1694.5,-1814.5,-2041.9,-2429.7,-3064.9,-4005,-5025.1,-5494.9,-5025.1,-4005,-3064.9,-2429.7,-2041.9,-1814.5,-1694.5,-1527.1,-1557.1,-1651.4,-1824.8,-2103.3,-2517.9,-3061.5,-3593.4,-3826.8,-3593.4,-3061.5,-2517.9,-2103.3,-1824.8,-1651.4,-1557.1,-1331.4,-1353.6,-1422.9,-1546.4,-1734.5,-1993.4,-2301.7,-2577.7,-2692.7,-2577.7,-2301.7,-1993.4,-1734.5,-1546.4,-1422.9,-1353.6,-1132.9,-1149,-1198.4,-1284.1,-1409,-1570.5,-1749.2,-1898.8,-1958.7,-1898.8,-1749.2,-1570.5,-1409,-1284.1,-1198.4,-1149,-956.67,-968.2,-1003.2,-1062.5,-1145.9,-1248.7,-1356.4,-1442.2,-1475.6,-1442.2,-1356.4,-1248.7,-1145.9,-1062.5,-1003.2,-968.2
949.57,961.27,996.84,1057.3,1142.8,1248.8,1360.8,1450.6,1485.6,1450.6,1360.8,1248.8,1142.8,1057.3,996.84,961.27,1122.6,1138.9,1188.9,1276,1403.6,1570.1,1756,1913.1,1976.2,1913.1,1756,1570.1,1403.6,1276,1188.9,1138.9,1316.5,1338.9,1408.7,1533.6,1725.2,1991.4,2312.4,2603.2,2725.3,2603.2,2312.4,1991.4,1725.2,1533.6,1408.7,1338.9,1506.1,1536.1,1630.6,1804.8,2086.9,2511.9,3078.3,3641.5,3891,3641.5,3078.3,2511.9,2086.9,1804.8,1630.6,1536.1,1629,1666.3,1785.6,2012.5,2402.3,3050.4,4030.8,5117.5,5623.5,5117.5,4030.8,3050.4,2402.3,2012.5,1785.6,1666.3,1569.7,1610.4,1741.5,1998,2466.4,3339.2,4872.6,6725.5,7573.3,6725.5,4872.6,3339.2,2466.4,1998,1741.5,1610.4,1189.8,1223.6,1333.6,1553.2,1977,2868.4,4695.2,6889.1,7734.3,6889.1,4695.2,2868.4,1977,1553.2,1333.6,1223.6,451.58,465.1,509.27,598.59,777.31,1189.1,2127.5,3157.8,3477,3157.8,2127.5,1189.1,777.31,598.59,509.27,465.1,-451.58,-465.1,-509.27,-598.59,-777.31,-1189.1,-2127.5,-3157.8,-3477,-3157.8,-2127.5,-1189.1,-777.31,-598.59,-509.27,-465.1,-1189.8,-1223.6,-1333.6,-1553.2,-1977,-2868.4,-4695.2,-6889.1,-7734.3,-6889.1,-4695.2,-2868.4,-1977,-1553.2,-1333.6,-1223.6,-1569.7,-1610.4,-1741.5,-1998,-2466.4,-3339.2,-4872.6,-6725.5,-7573.3,-6725.5,-4872.6,-3339.2,-2466.4,-1998,-1741.5,-1610.4,-1629,-1666.3,-1785.6,-2012.5,-2402.3,-3050.4,-4030.8,-5117.5,-5623.5,-5117.5,-4030.8,-3050.4,-2402.3,-2012.5,-1785.6,-1666.3,-1506.1,-1536.1,-1630.6,-1804.8,-2086.9,-2511.9,-3078.3,-3641.5,-3891,-3641.5,-3078.3,-2511.9,-2086.9,-1804.8,-1630.6,-1536.1,-1316.5,-1338.9,-1408.7,-1533.6,-1725.2,-1991.4,-2312.4,-2603.2,-2725.3,-2603.2,-2312.4,-1991.4,-1725.2,-1533.6,-1408.7,-1338.9,-1122.6,-1138.9,-1188.9,-1276,-1403.6,-1570.1,-1756,-1913.1,-1976.2,-1913.1,-1756,-1570.1,-1403.6,-1276,-1188.9,-1138.9,-949.57,-961.27,-996.84,-1057.3,-1142.8,-1248.8,-1360.8,-1450.6,-1485.6,-1450.6,-1360.8,-1248.8,-1142.8,-1057.3,-996.84,-961.27
