-790.14,-790.14,-790.14,-790.14,-790.14,-790.14,-790.14,-790.14,-1681.4,-1681.4,-1681.4,-1681.4,-1681.4,-1681.4,-1681.4,-1681.4,-3824.2,-3824.2,-3824.2,-3824.2,-3824.2,-3824.2,-3824.2,-3824.2,-7190.8,-7190.8,-7190.8,-7190.8,-7190.8,-7190.8,-7190.8,-7190.8,-7190.8,-7190.8,-7190.8,-7190.8,-7190.8,-7190.8,-7190.8,-7190.8,-3824.2,-3824.2,-3824.2,-3824.2,-3824.2,-3824.2,-3824.2,-3824.2,-1681.4,-1681.4,-1681.4,-1681.4,-1681.4,-1681.4,-1681.4,-1681.4,-790.14,-790.14,-790.14,-790.14,-790.14,-790.14,-790.14,-790.14
-789.43,-789.64,-790.14,-790.64,-790.85,-790.64,-790.14,-789.64,-1676.1,-1677.6,-1681.3,-1685.1,-1686.6,-1685.1,-1681.3,-1677.6,-3797.8,-3805.4,-3824,-3842.9,-3850.8,-3842.9,-3824,-3805.4,-7112.4,-7135,-7190.4,-7246.8,-7270.5,-7246.8,-7190.4,-7135,-7112.4,-7135,-7190.4,-7246.8,-7270.5,-7246.8,-7190.4,-7135,-3797.8,-3805.4,-3824,-3842.9,-3850.8,-3842.9,-3824,-3805.4,-1676.1,-1677.6,-1681.3,-1685.1,-1686.6,-1685.1,-1681.3,-1677.6,-789.43,-789.64,-790.14,-790.64,-790.85,-790.64,-790.14,-789.64
-788.71,-789.12,-790.11,-791.12,-791.55,-791.12,-790.11,-789.12,-1670.8,-1673.8,-1681.2,-1688.8,-1691.9,-1688.8,-1681.2,-1673.8,-3771.7,-3786.7,-3823.6,-3861.6,-3877.7,-3861.6,-3823.6,-3786.7,-7035.2,-7079.4,-7189,-7302.9,-7351.4,-7302.9,-7189,-7079.4,-7035.2,-7079.4,-7189,-7302.9,-7351.4,-7302.9,-7189,-7079.4,-3771.7,-3786.7,-3823.6,-3861.6,-3877.7,-3861.6,-3823.6,-3786.7,-1670.8,-1673.8,-1681.2,-1688.8,-1691.9,-1688.8,-1681.2,-1673.8,-788.71,-789.12,-790.11,-791.12,-791.55,-791.12,-790.11,-789.12
-787.99,-788.59,-790.07,-791.6,-792.24,-791.6,-790.07,-788.59,-1665.6,-1670,-1681.1,-1692.4,-1697.2,-1692.4,-1681.1,-1670,-3745.9,-3767.9,-3822.8,-3880.2,-3904.8,-3880.2,-3822.8,-3767.9,-6959.3,-7024,-7186.8,-7359.2,-7433.7,-7359.2,-7186.8,-7024,-6959.3,-7024,-7186.8,-7359.2,-7433.7,-7359.2,-7186.8,-7024,-3745.9,-3767.9,-3822.8,-3880.2,-3904.8,-3880.2,-3822.8,-3767.9,-1665.6,-1670,-1681.1,-1692.4,-1697.2,-1692.4,-1681.1,-1670,-787.99,-788.59,-790.07,-791.6,-792.24,-791.6,-790.07,-788.59
-787.25,-788.05,-790.02,-792.06,-792.93,-792.06,-790.02,-788.05,-1660.4,-1666.2,-1680.8,-1696.1,-1702.6,-1696.1,-1680.8,-1666.2,-3720.3,-3749.1,-3821.7,-3898.9,-3932.3,-3898.9,-3821.7,-3749.1,-6884.5,-6968.8,-7183.6,-7415.7,-7517.3,-7415.7,-7183.6,-6968.8,-6884.5,-6968.8,-7183.6,-7415.7,-7517.3,-7415.7,-7183.6,-6968.8,-3720.3,-3749.1,-3821.7,-3898.9,-3932.3,-3898.9,-3821.7,-3749.1,-1660.4,-1666.2,-1680.8,-1696.1,-1702.6,-1696.1,-1680.8,-1666.2,-787.25,-788.05,-790.02,-792.06,-792.93,-792.06,-790.02,-788.05
-786.52,-787.5,-789.94,-792.51,-793.61,-792.51,-789.94,-787.5,-1655.1,-1662.4,-1680.5,-1699.7,-1707.9,-1699.7,-1680.5,-1662.4,-3694.9,-3730.3,-3820.3,-3917.5,-3960,-3917.5,-3820.3,-3730.3,-6810.8,-6913.8,-7179.6,-7472.3,-7602.2,-7472.3,-7179.6,-6913.8,-6810.8,-6913.8,-7179.6,-7472.3,-7602.2,-7472.3,-7179.6,-6913.8,-3694.9,-3730.3,-3820.3,-3917.5,-3960,-3917.5,-3820.3,-3730.3,-1655.1,-1662.4,-1680.5,-1699.7,-1707.9,-1699.7,-1680.5,-1662.4,-786.52,-787.5,-789.94,-792.51,-793.61,-792.51,-789.94,-787.5
-785.77,-786.93,-789.86,-792.95,-794.28,-792.95,-789.86,-786.93,-1649.9,-1658.5,-1680.1,-1703.2,-1713.2,-1703.2,-1680.1,-1658.5,-3669.8,-3711.5,-3818.6,-3936,-3988,-3936,-3818.6,-3711.5,-6738.4,-6859,-7174.6,-7529,-7688.6,-7529,-7174.6,-6859,-6738.4,-6859,-7174.6,-7529,-7688.6,-7529,-7174.6,-6859,-3669.8,-3711.5,-3818.6,-3936,-3988,-3936,-3818.6,-3711.5,-1649.9,-1658.5,-1680.1,-1703.2,-1713.2,-1703.2,-1680.1,-1658.5,-785.77,-786.93,-789.86,-792.95,-794.28,-792.95,-789.86,-786.93
-785.02,-786.36,-789.75,-793.38,-794.95,-793.38,-789.75,-786.36,-1644.8,-1654.6,-1679.7,-1706.8,-1718.6,-1706.8,-1679.7,-1654.6,-3645,-3692.6,-3816.6,-3954.5,-4016.2,-3954.5,-3816.6,-3692.6,-6667,-6804.5,-7168.8,-7585.8,-7776.3,-7585.8,-7168.8,-6804.5,-6667,-6804.5,-7168.8,-7585.8,-7776.3,-7585.8,-7168.8,-6804.5,-3645,-3692.6,-3816.6,-3954.5,-4016.2,-3954.5,-3816.6,-3692.6,-1644.8,-1654.6,-1679.7,-1706.8,-1718.6,-1706.8,-1679.7,-1654.6,-785.02,-786.36,-789.75,-793.38,-794.95,-793.38,-789.75,-786.36
-784.27,-785.78,-789.63,-793.79,-795.61,-793.79,-789.63,-785.78,-1639.6,-1650.7,-1679.2,-1710.3,-1724,-1710.3,-1679.2,-1650.7,-3620.3,-3673.8,-3814.3,-3972.9,-4044.8,-3972.9,-3814.3,-3673.8,-6596.7,-6750.2,-7162.1,-7642.8,-7865.5,-7642.8,-7162.1,-6750.2,-6596.7,-6750.2,-7162.1,-7642.8,-7865.5,-7642.8,-7162.1,-6750.2,-3620.3,-3673.8,-3814.3,-3972.9,-4044.8,-3972.9,-3814.3,-3673.8,-1639.6,-1650.7,-1679.2,-1710.3,-1724,-1710.3,-1679.2,-1650.7,-784.27,-785.78,-789.63,-793.79,-795.61,-793.79,-789.63,-785.78
-783.51,-785.19,-789.5,-794.2,-796.26,-794.2,-789.5,-785.19,-1634.4,-1646.8,-1678.6,-1713.8,-1729.4,-1713.8,-1678.6,-1646.8,-3596,-3655,-3811.6,-3991.3,-4073.6,-3991.3,-3811.6,-3655,-6527.5,-6696.1,-7154.4,-7699.8,-7956.1,-7699.8,-7154.4,-6696.1,-6527.5,-6696.1,-7154.4,-7699.8,-7956.1,-7699.8,-7154.4,-6696.1,-3596,-3655,-3811.6,-3991.3,-4073.6,-3991.3,-3811.6,-3655,-1634.4,-1646.8,-1678.6,-1713.8,-1729.4,-1713.8,-1678.6,-1646.8,-783.51,-785.19,-789.5,-794.2,-796.26,-794.2,-789.5,-785.19
-782.74,-784.58,-789.35,-794.59,-796.91,-794.59,-789.35,-784.58,-1629.3,-1642.8,-1678,-1717.2,-1734.8,-1717.2,-1678,-1642.8,-3571.8,-3636.2,-3808.7,-4009.7,-4102.7,-4009.7,-3808.7,-3636.2,-6459.4,-6642.3,-7145.9,-7756.9,-8048.3,-7756.9,-7145.9,-6642.3,-6459.4,-6642.3,-7145.9,-7756.9,-8048.3,-7756.9,-7145.9,-6642.3,-3571.8,-3636.2,-3808.7,-4009.7,-4102.7,-4009.7,-3808.7,-3636.2,-1629.3,-1642.8,-1678,-1717.2,-1734.8,-1717.2,-1678,-1642.8,-782.74,-784.58,-789.35,-794.59,-796.91,-794.59,-789.35,-784.58
-781.97,-783.97,-789.18,-794.97,-797.55,-794.97,-789.18,-783.97,-1624.1,-1638.8,-1677.3,-1720.6,-1740.2,-1720.6,-1677.3,-1638.8,-3547.9,-3617.4,-3805.5,-4027.9,-4132.2,-4027.9,-3805.5,-3617.4,-6392.3,-6588.7,-7136.5,-7814.1,-8141.9,-7814.1,-7136.5,-6588.7,-6392.3,-6588.7,-7136.5,-7814.1,-8141.9,-7814.1,-7136.5,-6588.7,-3547.9,-3617.4,-3805.5,-4027.9,-4132.2,-4027.9,-3805.5,-3617.4,-1624.1,-1638.8,-1677.3,-1720.6,-1740.2,-1720.6,-1677.3,-1638.8,-781.97,-783.97,-789.18,-794.97,-797.55,-794.97,-789.18,-783.97
-781.19,-783.34,-789,-795.33,-798.18,-795.33,-789,-783.34,-1619,-1634.8,-1676.5,-1724,-1745.6,-1724,-1676.5,-1634.8,-3524.2,-3598.6,-3801.9,-4046.1,-4161.9,-4046.1,-3801.9,-3598.6,-6326.2,-6535.4,-7126.2,-7871.4,-8237.2,-7871.4,-7126.2,-6535.4,-6326.2,-6535.4,-7126.2,-7871.4,-8237.2,-7871.4,-7126.2,-6535.4,-3524.2,-3598.6,-3801.9,-4046.1,-4161.9,-4046.1,-3801.9,-3598.6,-1619,-1634.8,-1676.5,-1724,-1745.6,-1724,-1676.5,-1634.8,-781.19,-783.34,-789,-795.33,-798.18,-795.33,-789,-783.34
-780.4,-782.71,-788.8,-795.69,-798.8,-795.69,-788.8,-782.71,-1613.9,-1630.8,-1675.7,-1727.3,-1751,-1727.3,-1675.7,-1630.8,-3500.8,-3579.8,-3798.1,-4064.2,-4191.9,-4064.2,-3798.1,-3579.8,-6261.2,-6482.4,-7115,-7928.7,-8334,-7928.7,-7115,-6482.4,-6261.2,-6482.4,-7115,-7928.7,-8334,-7928.7,-7115,-6482.4,-3500.8,-3579.8,-3798.1,-4064.2,-4191.9,-4064.2,-3798.1,-3579.8,-1613.9,-1630.8,-1675.7,-1727.3,-1751,-1727.3,-1675.7,-1630.8,-780.4,-782.71,-788.8,-795.69,-798.8,-795.69,-788.8,-782.71
-779.61,-782.07,-788.58,-796.03,-799.42,-796.03,-788.58,-782.07,-1608.8,-1626.7,-1674.8,-1730.6,-1756.5,-1730.6,-1674.8,-1626.7,-3477.5,-3561.1,-3793.9,-4082.3,-4222.2,-4082.3,-3793.9,-3561.1,-6197.1,-6429.6,-7103,-7986,-8432.4,-7986,-7103,-6429.6,-6197.1,-6429.6,-7103,-7986,-8432.4,-7986,-7103,-6429.6,-3477.5,-3561.1,-3793.9,-4082.3,-4222.2,-4082.3,-3793.9,-3561.1,-1608.8,-1626.7,-1674.8,-1730.6,-1756.5,-1730.6,-1674.8,-1626.7,-779.61,-782.07,-788.58,-796.03,-799.42,-796.03,-788.58,-782.07
-778.82,-781.41,-788.35,-796.36,-800.03,-796.36,-788.35,-781.41,-1603.7,-1622.7,-1673.8,-1733.9,-1761.9,-1733.9,-1673.8,-1622.7,-3454.5,-3542.4,-3789.5,-4100.2,-4252.9,-4100.2,-3789.5,-3542.4,-6133.9,-6377.2,-7090,-8043.3,-8532.5,-8043.3,-7090,-6377.2,-6133.9,-6377.2,-7090,-8043.3,-8532.5,-8043.3,-7090,-6377.2,-3454.5,-3542.4,-3789.5,-4100.2,-4252.9,-4100.2,-3789.5,-3542.4,-1603.7,-1622.7,-1673.8,-1733.9,-1761.9,-1733.9,-1673.8,-1622.7,-778.82,-781.41,-788.35,-796.36,-800.03,-796.36,-788.35,-781.41
-778.02,-780.75,-788.11,-796.68,-800.63,-796.68,-788.11,-780.75,-1598.7,-1618.6,-1672.7,-1737.1,-1767.4,-1737.1,-1672.7,-1618.6,-3431.7,-3523.6,-3784.7,-4118.1,-4283.8,-4118.1,-3784.7,-3523.6,-6071.7,-6325,-7076.2,-8100.7,-8634.2,-8100.7,-7076.2,-6325,-6071.7,-6325,-7076.2,-8100.7,-8634.2,-8100.7,-7076.2,-6325,-3431.7,-3523.6,-3784.7,-4118.1,-4283.8,-4118.1,-3784.7,-3523.6,-1598.7,-1618.6,-1672.7,-1737.1,-1767.4,-1737.1,-1672.7,-1618.6,-778.02,-780.75,-788.11,-796.68,-800.63,-796.68,-788.11,-780.75
-777.21,-780.08,-787.84,-796.98,-801.22,-796.98,-787.84,-780.08,-1593.6,-1614.5,-1671.6,-1740.3,-1772.9,-1740.3,-1671.6,-1614.5,-3409.2,-3505,-3779.7,-4135.9,-4315.1,-4135.9,-3779.7,-3505,-6010.4,-6273.1,-7061.6,-8158,-8737.7,-8158,-7061.6,-6273.1,-6010.4,-6273.1,-7061.6,-8158,-8737.7,-8158,-7061.6,-6273.1,-3409.2,-3505,-3779.7,-4135.9,-4315.1,-4135.9,-3779.7,-3505,-1593.6,-1614.5,-1671.6,-1740.3,-1772.9,-1740.3,-1671.6,-1614.5,-777.21,-780.08,-787.84,-796.98,-801.22,-796.98,-787.84,-780.08
-776.4,-779.39,-787.57,-797.27,-801.81,-797.27,-787.57,-779.39,-1588.6,-1610.4,-1670.5,-1743.5,-1778.4,-1743.5,-1670.5,-1610.4,-3386.8,-3486.3,-3774.3,-4153.6,-4346.7,-4153.6,-3774.3,-3486.3,-5950.1,-6221.5,-7046,-8215.3,-8842.9,-8215.3,-7046,-6221.5,-5950.1,-6221.5,-7046,-8215.3,-8842.9,-8215.3,-7046,-6221.5,-3386.8,-3486.3,-3774.3,-4153.6,-4346.7,-4153.6,-3774.3,-3486.3,-1588.6,-1610.4,-1670.5,-1743.5,-1778.4,-1743.5,-1670.5,-1610.4,-776.4,-779.39,-787.57,-797.27,-801.81,-797.27,-787.57,-779.39
-775.59,-778.7,-787.27,-797.55,-802.39,-797.55,-787.27,-778.7,-1583.6,-1606.3,-1669.2,-1746.6,-1783.9,-1746.6,-1669.2,-1606.3,-3364.7,-3467.7,-3768.7,-4171.2,-4378.6,-4171.2,-3768.7,-3467.7,-5890.6,-6170.2,-7029.6,-8272.6,-8949.9,-8272.6,-7029.6,-6170.2,-5890.6,-6170.2,-7029.6,-8272.6,-8949.9,-8272.6,-7029.6,-6170.2,-3364.7,-3467.7,-3768.7,-4171.2,-4378.6,-4171.2,-3768.7,-3467.7,-1583.6,-1606.3,-1669.2,-1746.6,-1783.9,-1746.6,-1669.2,-1606.3,-775.59,-778.7,-787.27,-797.55,-802.39,-797.55,-787.27,-778.7
-774.77,-778,-786.96,-797.82,-802.96,-797.82,-786.96,-778,-1578.6,-1602.1,-1667.9,-1749.7,-1789.4,-1749.7,-1667.9,-1602.1,-3342.7,-3449.1,-3762.8,-4188.6,-4410.8,-4188.6,-3762.8,-3449.1,-5832,-6119.2,-7012.4,-8329.9,-9058.8,-8329.9,-7012.4,-6119.2,-5832,-6119.2,-7012.4,-8329.9,-9058.8,-8329.9,-7012.4,-6119.2,-3342.7,-3449.1,-3762.8,-4188.6,-4410.8,-4188.6,-3762.8,-3449.1,-1578.6,-1602.1,-1667.9,-1749.7,-1789.4,-1749.7,-1667.9,-1602.1,-774.77,-778,-786.96,-797.82,-802.96,-797.82,-786.96,-778
-773.94,-777.29,-786.64,-798.07,-803.52,-798.07,-786.64,-777.29,-1573.6,-1598,-1666.6,-1752.7,-1794.9,-1752.7,-1666.6,-1598,-3321,-3430.5,-3756.5,-4206,-4443.4,-4206,-3756.5,-3430.5,-5774.3,-6068.6,-6994.3,-8387,-9169.4,-8387,-6994.3,-6068.6,-5774.3,-6068.6,-6994.3,-8387,-9169.4,-8387,-6994.3,-6068.6,-3321,-3430.5,-3756.5,-4206,-4443.4,-4206,-3756.5,-3430.5,-1573.6,-1598,-1666.6,-1752.7,-1794.9,-1752.7,-1666.6,-1598,-773.94,-777.29,-786.64,-798.07,-803.52,-798.07,-786.64,-777.29
-773.11,-776.57,-786.3,-798.31,-804.07,-798.31,-786.3,-776.57,-1568.6,-1593.8,-1665.1,-1755.7,-1800.4,-1755.7,-1665.1,-1593.8,-3299.5,-3412,-3750,-4223.2,-4476.3,-4223.2,-3750,-3412,-5717.4,-6018.2,-6975.3,-8444.1,-9282,-8444.1,-6975.3,-6018.2,-5717.4,-6018.2,-6975.3,-8444.1,-9282,-8444.1,-6975.3,-6018.2,-3299.5,-3412,-3750,-4223.2,-4476.3,-4223.2,-3750,-3412,-1568.6,-1593.8,-1665.1,-1755.7,-1800.4,-1755.7,-1665.1,-1593.8,-773.11,-776.57,-786.3,-798.31,-804.07,-798.31,-786.3,-776.57
-772.27,-775.84,-785.94,-798.53,-804.62,-798.53,-785.94,-775.84,-1563.7,-1589.6,-1663.6,-1758.6,-1806,-1758.6,-1663.6,-1589.6,-3278.2,-3393.5,-3743.2,-4240.3,-4509.6,-4240.3,-3743.2,-3393.5,-5661.3,-5968.2,-6955.5,-8501.1,-9396.5,-8501.1,-6955.5,-5968.2,-5661.3,-5968.2,-6955.5,-8501.1,-9396.5,-8501.1,-6955.5,-5968.2,-3278.2,-3393.5,-3743.2,-4240.3,-4509.6,-4240.3,-3743.2,-3393.5,-1563.7,-1589.6,-1663.6,-1758.6,-1806,-1758.6,-1663.6,-1589.6,-772.27,-775.84,-785.94,-798.53,-804.62,-798.53,-785.94,-775.84
-771.43,-775.11,-785.57,-798.75,-805.15,-798.75,-785.57,-775.11,-1558.7,-1585.4,-1662.1,-1761.5,-1811.5,-1761.5,-1662.1,-1585.4,-3257,-3375.1,-3736.1,-4257.3,-4543.2,-4257.3,-3736.1,-3375.1,-5606.1,-5918.5,-6934.9,-8558,-9513,-8558,-6934.9,-5918.5,-5606.1,-5918.5,-6934.9,-8558,-9513,-8558,-6934.9,-5918.5,-3257,-3375.1,-3736.1,-4257.3,-4543.2,-4257.3,-3736.1,-3375.1,-1558.7,-1585.4,-1662.1,-1761.5,-1811.5,-1761.5,-1662.1,-1585.4,-771.43,-775.11,-785.57,-798.75,-805.15,-798.75,-785.57,-775.11
-770.59,-774.36,-785.19,-798.95,-805.68,-798.95,-785.19,-774.36,-1553.8,-1581.2,-1660.4,-1764.4,-1817.1,-1764.4,-1660.4,-1581.2,-3236.1,-3356.7,-3728.8,-4274.2,-4577.1,-4274.2,-3728.8,-3356.7,-5551.6,-5869.1,-6913.4,-8614.7,-9631.5,-8614.7,-6913.4,-5869.1,-5551.6,-5869.1,-6913.4,-8614.7,-9631.5,-8614.7,-6913.4,-5869.1,-3236.1,-3356.7,-3728.8,-4274.2,-4577.1,-4274.2,-3728.8,-3356.7,-1553.8,-1581.2,-1660.4,-1764.4,-1817.1,-1764.4,-1660.4,-1581.2,-770.59,-774.36,-785.19,-798.95,-805.68,-798.95,-785.19,-774.36
-769.74,-773.6,-784.78,-799.13,-806.2,-799.13,-784.78,-773.6,-1548.9,-1576.9,-1658.7,-1767.2,-1822.7,-1767.2,-1658.7,-1576.9,-3215.4,-3338.3,-3721.1,-4290.9,-4611.5,-4290.9,-3721.1,-3338.3,-5498,-5820.1,-6891.1,-8671.3,-9752,-8671.3,-6891.1,-5820.1,-5498,-5820.1,-6891.1,-8671.3,-9752,-8671.3,-6891.1,-5820.1,-3215.4,-3338.3,-3721.1,-4290.9,-4611.5,-4290.9,-3721.1,-3338.3,-1548.9,-1576.9,-1658.7,-1767.2,-1822.7,-1767.2,-1658.7,-1576.9,-769.74,-773.6,-784.78,-799.13,-806.2,-799.13,-784.78,-773.6
-768.88,-772.84,-784.37,-799.3,-806.72,-799.3,-784.37,-772.84,-1544,-1572.7,-1657,-1770,-1828.3,-1770,-1657,-1572.7,-3194.8,-3320,-3713.2,-4307.5,-4646.1,-4307.5,-3713.2,-3320,-5445.1,-5771.3,-6868.1,-8727.7,-9874.6,-8727.7,-6868.1,-5771.3,-5445.1,-5771.3,-6868.1,-8727.7,-9874.6,-8727.7,-6868.1,-5771.3,-3194.8,-3320,-3713.2,-4307.5,-4646.1,-4307.5,-3713.2,-3320,-1544,-1572.7,-1657,-1770,-1828.3,-1770,-1657,-1572.7,-768.88,-772.84,-784.37,-799.3,-806.72,-799.3,-784.37,-772.84
-768.02,-772.07,-783.93,-799.46,-807.22,-799.46,-783.93,-772.07,-1539.1,-1568.4,-1655.2,-1772.7,-1833.9,-1772.7,-1655.2,-1568.4,-3174.5,-3301.7,-3704.9,-4323.9,-4681.1,-4323.9,-3704.9,-3301.7,-5392.9,-5723,-6844.1,-8783.9,-9999.3,-8783.9,-6844.1,-5723,-5392.9,-5723,-6844.1,-8783.9,-9999.3,-8783.9,-6844.1,-5723,-3174.5,-3301.7,-3704.9,-4323.9,-4681.1,-4323.9,-3704.9,-3301.7,-1539.1,-1568.4,-1655.2,-1772.7,-1833.9,-1772.7,-1655.2,-1568.4,-768.02,-772.07,-783.93,-799.46,-807.22,-799.46,-783.93,-772.07
-767.16,-771.29,-783.48,-799.61,-807.72,-799.61,-783.48,-771.29,-1534.2,-1564.2,-1653.3,-1775.4,-1839.5,-1775.4,-1653.3,-1564.2,-3154.3,-3283.5,-3696.5,-4340.1,-4716.5,-4340.1,-3696.5,-3283.5,-5341.5,-5674.9,-6819.4,-8839.9,-10126,-8839.9,-6819.4,-5674.9,-5341.5,-5674.9,-6819.4,-8839.9,-10126,-8839.9,-6819.4,-5674.9,-3154.3,-3283.5,-3696.5,-4340.1,-4716.5,-4340.1,-3696.5,-3283.5,-1534.2,-1564.2,-1653.3,-1775.4,-1839.5,-1775.4,-1653.3,-1564.2,-767.16,-771.29,-783.48,-799.61,-807.72,-799.61,-783.48,-771.29
-766.29,-770.5,-783.02,-799.74,-808.2,-799.74,-783.02,-770.5,-1529.3,-1559.9,-1651.4,-1778,-1845.1,-1778,-1651.4,-1559.9,-3134.3,-3265.4,-3687.7,-4356.2,-4752.3,-4356.2,-3687.7,-3265.4,-5290.8,-5627.2,-6793.9,-8895.7,-10255,-8895.7,-6793.9,-5627.2,-5290.8,-5627.2,-6793.9,-8895.7,-10255,-8895.7,-6793.9,-5627.2,-3134.3,-3265.4,-3687.7,-4356.2,-4752.3,-4356.2,-3687.7,-3265.4,-1529.3,-1559.9,-1651.4,-1778,-1845.1,-1778,-1651.4,-1559.9,-766.29,-770.5,-783.02,-799.74,-808.2,-799.74,-783.02,-770.5
-765.42,-769.7,-782.54,-799.85,-808.68,-799.85,-782.54,-769.7,-1524.5,-1555.6,-1649.4,-1780.6,-1850.7,-1780.6,-1649.4,-1555.6,-3114.5,-3247.3,-3678.7,-4372.1,-4788.4,-4372.1,-3678.7,-3247.3,-5240.9,-5579.9,-6767.7,-8951.3,-10387,-8951.3,-6767.7,-5579.9,-5240.9,-5579.9,-6767.7,-8951.3,-10387,-8951.3,-6767.7,-5579.9,-3114.5,-3247.3,-3678.7,-4372.1,-4788.4,-4372.1,-3678.7,-3247.3,-1524.5,-1555.6,-1649.4,-1780.6,-1850.7,-1780.6,-1649.4,-1555.6,-765.42,-769.7,-782.54,-799.85,-808.68,-799.85,-782.54,-769.7
-764.54,-768.9,-782.05,-799.96,-809.15,-799.96,-782.05,-768.9,-1519.7,-1551.3,-1647.3,-1783.2,-1856.3,-1783.2,-1647.3,-1551.3,-3094.9,-3229.3,-3669.4,-4387.9,-4824.9,-4387.9,-3669.4,-3229.3,-5191.6,-5532.9,-6740.6,-9006.6,-10520,-9006.6,-6740.6,-5532.9,-5191.6,-5532.9,-6740.6,-9006.6,-10520,-9006.6,-6740.6,-5532.9,-3094.9,-3229.3,-3669.4,-4387.9,-4824.9,-4387.9,-3669.4,-3229.3,-1519.7,-1551.3,-1647.3,-1783.2,-1856.3,-1783.2,-1647.3,-1551.3,-764.54,-768.9,-782.05,-799.96,-809.15,-799.96,-782.05,-768.9
-763.66,-768.08,-781.54,-800.04,-809.61,-800.04,-781.54,-768.08,-1514.9,-1547,-1645.2,-1785.6,-1862,-1785.6,-1645.2,-1547,-3075.5,-3211.3,-3659.8,-4403.4,-4861.8,-4403.4,-3659.8,-3211.3,-5143.1,-5486.2,-6712.8,-9061.6,-10656,-9061.6,-6712.8,-5486.2,-5143.1,-5486.2,-6712.8,-9061.6,-10656,-9061.6,-6712.8,-5486.2,-3075.5,-3211.3,-3659.8,-4403.4,-4861.8,-4403.4,-3659.8,-3211.3,-1514.9,-1547,-1645.2,-1785.6,-1862,-1785.6,-1645.2,-1547,-763.66,-768.08,-781.54,-800.04,-809.61,-800.04,-781.54,-768.08
-762.78,-767.26,-781.01,-800.12,-810.06,-800.12,-781.01,-767.26,-1510.1,-1542.7,-1643,-1788.1,-1867.6,-1788.1,-1643,-1542.7,-3056.2,-3193.3,-3650,-4418.8,-4899.1,-4418.8,-3650,-3193.3,-5095.2,-5439.9,-6684.2,-9116.3,-10795,-9116.3,-6684.2,-5439.9,-5095.2,-5439.9,-6684.2,-9116.3,-10795,-9116.3,-6684.2,-5439.9,-3056.2,-3193.3,-3650,-4418.8,-4899.1,-4418.8,-3650,-3193.3,-1510.1,-1542.7,-1643,-1788.1,-1867.6,-1788.1,-1643,-1542.7,-762.78,-767.26,-781.01,-800.12,-810.06,-800.12,-781.01,-767.26
-761.89,-766.43,-780.48,-800.18,-810.5,-800.18,-780.48,-766.43,-1505.3,-1538.3,-1640.7,-1790.5,-1873.3,-1790.5,-1640.7,-1538.3,-3037.2,-3175.5,-3639.9,-4434,-4936.8,-4434,-3639.9,-3175.5,-5047.9,-5394,-6654.8,-9170.7,-10936,-9170.7,-6654.8,-5394,-5047.9,-5394,-6654.8,-9170.7,-10936,-9170.7,-6654.8,-5394,-3037.2,-3175.5,-3639.9,-4434,-4936.8,-4434,-3639.9,-3175.5,-1505.3,-1538.3,-1640.7,-1790.5,-1873.3,-1790.5,-1640.7,-1538.3,-761.89,-766.43,-780.48,-800.18,-810.5,-800.18,-780.48,-766.43
-761,-765.6,-779.92,-800.22,-810.93,-800.22,-779.92,-765.6,-1500.5,-1534,-1638.4,-1792.8,-1878.9,-1792.8,-1638.4,-1534,-3018.3,-3157.7,-3629.5,-4449,-4974.9,-4449,-3629.5,-3157.7,-5001.4,-5348.4,-6624.8,-9224.7,-11079,-9224.7,-6624.8,-5348.4,-5001.4,-5348.4,-6624.8,-9224.7,-11079,-9224.7,-6624.8,-5348.4,-3018.3,-3157.7,-3629.5,-4449,-4974.9,-4449,-3629.5,-3157.7,-1500.5,-1534,-1638.4,-1792.8,-1878.9,-1792.8,-1638.4,-1534,-761,-765.6,-779.92,-800.22,-810.93,-800.22,-779.92,-765.6
-760.1,-764.75,-779.35,-800.25,-811.35,-800.25,-779.35,-764.75,-1495.8,-1529.7,-1636,-1795.1,-1884.6,-1795.1,-1636,-1529.7,-2999.5,-3140,-3618.9,-4463.8,-5013.4,-4463.8,-3618.9,-3140,-4955.5,-5303.1,-6593.9,-9278.4,-11225,-9278.4,-6593.9,-5303.1,-4955.5,-5303.1,-6593.9,-9278.4,-11225,-9278.4,-6593.9,-5303.1,-2999.5,-3140,-3618.9,-4463.8,-5013.4,-4463.8,-3618.9,-3140,-1495.8,-1529.7,-1636,-1795.1,-1884.6,-1795.1,-1636,-1529.7,-760.1,-764.75,-779.35,-800.25,-811.35,-800.25,-779.35,-764.75
-759.2,-763.9,-778.77,-800.27,-811.77,-800.27,-778.77,-763.9,-1491,-1525.3,-1633.6,-1797.3,-1890.3,-1797.3,-1633.6,-1525.3,-2981,-3122.3,-3608.1,-4478.3,-5052.3,-4478.3,-3608.1,-3122.3,-4910.2,-5258.2,-6562.4,-9331.6,-11373,-9331.6,-6562.4,-5258.2,-4910.2,-5258.2,-6562.4,-9331.6,-11373,-9331.6,-6562.4,-5258.2,-2981,-3122.3,-3608.1,-4478.3,-5052.3,-4478.3,-3608.1,-3122.3,-1491,-1525.3,-1633.6,-1797.3,-1890.3,-1797.3,-1633.6,-1525.3,-759.2,-763.9,-778.77,-800.27,-811.77,-800.27,-778.77,-763.9
-758.29,-763.04,-778.17,-800.27,-812.17,-800.27,-778.17,-763.04,-1486.3,-1521,-1631.1,-1799.5,-1896,-1799.5,-1631.1,-1521,-2962.6,-3104.7,-3597,-4492.6,-5091.6,-4492.6,-3597,-3104.7,-4865.5,-5213.7,-6530.2,-9384.4,-11524,-9384.4,-6530.2,-5213.7,-4865.5,-5213.7,-6530.2,-9384.4,-11524,-9384.4,-6530.2,-5213.7,-2962.6,-3104.7,-3597,-4492.6,-5091.6,-4492.6,-3597,-3104.7,-1486.3,-1521,-1631.1,-1799.5,-1896,-1799.5,-1631.1,-1521,-758.29,-763.04,-778.17,-800.27,-812.17,-800.27,-778.17,-763.04
-757.38,-762.17,-777.56,-800.26,-812.56,-800.26,-777.56,-762.17,-1481.6,-1516.6,-1628.6,-1801.6,-1901.7,-1801.6,-1628.6,-1516.6,-2944.3,-3087.1,-3585.6,-4506.8,-5131.3,-4506.8,-3585.6,-3087.1,-4821.4,-5169.5,-6497.2,-9436.8,-11678,-9436.8,-6497.2,-5169.5,-4821.4,-5169.5,-6497.2,-9436.8,-11678,-9436.8,-6497.2,-5169.5,-2944.3,-3087.1,-3585.6,-4506.8,-5131.3,-4506.8,-3585.6,-3087.1,-1481.6,-1516.6,-1628.6,-1801.6,-1901.7,-1801.6,-1628.6,-1516.6,-757.38,-762.17,-777.56,-800.26,-812.56,-800.26,-777.56,-762.17
-756.47,-761.3,-776.93,-800.23,-812.95,-800.23,-776.93,-761.3,-1476.9,-1512.2,-1626,-1803.7,-1907.4,-1803.7,-1626,-1512.2,-2926.3,-3069.7,-3574,-4520.6,-5171.5,-4520.6,-3574,-3069.7,-4778,-5125.7,-6463.6,-9488.7,-11834,-9488.7,-6463.6,-5125.7,-4778,-5125.7,-6463.6,-9488.7,-11834,-9488.7,-6463.6,-5125.7,-2926.3,-3069.7,-3574,-4520.6,-5171.5,-4520.6,-3574,-3069.7,-1476.9,-1512.2,-1626,-1803.7,-1907.4,-1803.7,-1626,-1512.2,-756.47,-761.3,-776.93,-800.23,-812.95,-800.23,-776.93,-761.3
-755.55,-760.42,-776.29,-800.19,-813.32,-800.19,-776.29,-760.42,-1472.2,-1507.8,-1623.3,-1805.7,-1913.1,-1805.7,-1623.3,-1507.8,-2908.4,-3052.3,-3562.2,-4534.3,-5212,-4534.3,-3562.2,-3052.3,-4735.1,-5082.3,-6429.3,-9540.2,-11993,-9540.2,-6429.3,-5082.3,-4735.1,-5082.3,-6429.3,-9540.2,-11993,-9540.2,-6429.3,-5082.3,-2908.4,-3052.3,-3562.2,-4534.3,-5212,-4534.3,-3562.2,-3052.3,-1472.2,-1507.8,-1623.3,-1805.7,-1913.1,-1805.7,-1623.3,-1507.8,-755.55,-760.42,-776.29,-800.19,-813.32,-800.19,-776.29,-760.42
-754.63,-759.53,-775.63,-800.13,-813.69,-800.13,-775.63,-759.53,-1467.6,-1503.5,-1620.6,-1807.6,-1918.8,-1807.6,-1620.6,-1503.5,-2890.6,-3035,-3550.2,-4547.6,-5253,-4547.6,-3550.2,-3035,-4692.8,-5039.2,-6394.3,-9591,-12155,-9591,-6394.3,-5039.2,-4692.8,-5039.2,-6394.3,-9591,-12155,-9591,-6394.3,-5039.2,-2890.6,-3035,-3550.2,-4547.6,-5253,-4547.6,-3550.2,-3035,-1467.6,-1503.5,-1620.6,-1807.6,-1918.8,-1807.6,-1620.6,-1503.5,-754.63,-759.53,-775.63,-800.13,-813.69,-800.13,-775.63,-759.53
-753.71,-758.63,-774.96,-800.05,-814.04,-800.05,-774.96,-758.63,-1462.9,-1499.1,-1617.8,-1809.5,-1924.5,-1809.5,-1617.8,-1499.1,-2873,-3017.7,-3537.9,-4560.8,-5294.5,-4560.8,-3537.9,-3017.7,-4651,-4996.5,-6358.6,-9641.4,-12320,-9641.4,-6358.6,-4996.5,-4651,-4996.5,-6358.6,-9641.4,-12320,-9641.4,-6358.6,-4996.5,-2873,-3017.7,-3537.9,-4560.8,-5294.5,-4560.8,-3537.9,-3017.7,-1462.9,-1499.1,-1617.8,-1809.5,-1924.5,-1809.5,-1617.8,-1499.1,-753.71,-758.63,-774.96,-800.05,-814.04,-800.05,-774.96,-758.63
-752.78,-757.73,-774.27,-799.97,-814.38,-799.97,-774.27,-757.73,-1458.3,-1494.7,-1615,-1811.4,-1930.2,-1811.4,-1615,-1494.7,-2855.6,-3000.5,-3525.4,-4573.6,-5336.4,-4573.6,-3525.4,-3000.5,-4609.9,-4954.1,-6322.4,-9691.1,-12488,-9691.1,-6322.4,-4954.1,-4609.9,-4954.1,-6322.4,-9691.1,-12488,-9691.1,-6322.4,-4954.1,-2855.6,-3000.5,-3525.4,-4573.6,-5336.4,-4573.6,-3525.4,-3000.5,-1458.3,-1494.7,-1615,-1811.4,-1930.2,-1811.4,-1615,-1494.7,-752.78,-757.73,-774.27,-799.97,-814.38,-799.97,-774.27,-757.73
-751.85,-756.82,-773.57,-799.86,-814.72,-799.86,-773.57,-756.82,-1453.7,-1490.3,-1612.1,-1813.2,-1935.9,-1813.2,-1612.1,-1490.3,-2838.3,-2983.4,-3512.6,-4586.2,-5378.7,-4586.2,-3512.6,-2983.4,-4569.3,-4912.1,-6285.5,-9740.2,-12659,-9740.2,-6285.5,-4912.1,-4569.3,-4912.1,-6285.5,-9740.2,-12659,-9740.2,-6285.5,-4912.1,-2838.3,-2983.4,-3512.6,-4586.2,-5378.7,-4586.2,-3512.6,-2983.4,-1453.7,-1490.3,-1612.1,-1813.2,-1935.9,-1813.2,-1612.1,-1490.3,-751.85,-756.82,-773.57,-799.86,-814.72,-799.86,-773.57,-756.82
-750.92,-755.9,-772.86,-799.74,-815.04,-799.74,-772.86,-755.9,-1449.1,-1485.9,-1609.2,-1814.9,-1941.7,-1814.9,-1609.2,-1485.9,-2821.2,-2966.4,-3499.7,-4598.5,-5421.5,-4598.5,-3499.7,-2966.4,-4529.2,-4870.4,-6247.9,-9788.7,-12833,-9788.7,-6247.9,-4870.4,-4529.2,-4870.4,-6247.9,-9788.7,-12833,-9788.7,-6247.9,-4870.4,-2821.2,-2966.4,-3499.7,-4598.5,-5421.5,-4598.5,-3499.7,-2966.4,-1449.1,-1485.9,-1609.2,-1814.9,-1941.7,-1814.9,-1609.2,-1485.9,-750.92,-755.9,-772.86,-799.74,-815.04,-799.74,-772.86,-755.9
-749.98,-754.98,-772.13,-799.61,-815.35,-799.61,-772.13,-754.98,-1444.5,-1481.5,-1606.2,-1816.5,-1947.4,-1816.5,-1606.2,-1481.5,-2804.2,-2949.5,-3486.5,-4610.6,-5464.7,-4610.6,-3486.5,-2949.5,-4489.6,-4829.1,-6209.8,-9836.4,-13010,-9836.4,-6209.8,-4829.1,-4489.6,-4829.1,-6209.8,-9836.4,-13010,-9836.4,-6209.8,-4829.1,-2804.2,-2949.5,-3486.5,-4610.6,-5464.7,-4610.6,-3486.5,-2949.5,-1444.5,-1481.5,-1606.2,-1816.5,-1947.4,-1816.5,-1606.2,-1481.5,-749.98,-754.98,-772.13,-799.61,-815.35,-799.61,-772.13,-754.98
-749.04,-754.05,-771.39,-799.46,-815.66,-799.46,-771.39,-754.05,-1439.9,-1477.1,-1603.1,-1818.1,-1953.2,-1818.1,-1603.1,-1477.1,-2787.4,-2932.6,-3473.1,-4622.3,-5508.5,-4622.3,-3473.1,-2932.6,-4450.6,-4788.2,-6171.1,-9883.5,-13190,-9883.5,-6171.1,-4788.2,-4450.6,-4788.2,-6171.1,-9883.5,-13190,-9883.5,-6171.1,-4788.2,-2787.4,-2932.6,-3473.1,-4622.3,-5508.5,-4622.3,-3473.1,-2932.6,-1439.9,-1477.1,-1603.1,-1818.1,-1953.2,-1818.1,-1603.1,-1477.1,-749.04,-754.05,-771.39,-799.46,-815.66,-799.46,-771.39,-754.05
-748.1,-753.11,-770.63,-799.3,-815.95,-799.3,-770.63,-753.11,-1435.4,-1472.7,-1600,-1819.7,-1958.9,-1819.7,-1600,-1472.7,-2770.7,-2915.8,-3459.5,-4633.7,-5552.6,-4633.7,-3459.5,-2915.8,-4412.1,-4747.7,-6131.8,-9929.8,-13373,-9929.8,-6131.8,-4747.7,-4412.1,-4747.7,-6131.8,-9929.8,-13373,-9929.8,-6131.8,-4747.7,-2770.7,-2915.8,-3459.5,-4633.7,-5552.6,-4633.7,-3459.5,-2915.8,-1435.4,-1472.7,-1600,-1819.7,-1958.9,-1819.7,-1600,-1472.7,-748.1,-753.11,-770.63,-799.3,-815.95,-799.3,-770.63,-753.11
-747.15,-752.17,-769.86,-799.12,-816.23,-799.12,-769.86,-752.17,-1430.8,-1468.3,-1596.9,-1821.1,-1964.7,-1821.1,-1596.9,-1468.3,-2754.2,-2899.1,-3445.7,-4644.9,-5597.3,-4644.9,-3445.7,-2899.1,-4374,-4707.4,-6092,-9975.3,-13560,-9975.3,-6092,-4707.4,-4374,-4707.4,-6092,-9975.3,-13560,-9975.3,-6092,-4707.4,-2754.2,-2899.1,-3445.7,-4644.9,-5597.3,-4644.9,-3445.7,-2899.1,-1430.8,-1468.3,-1596.9,-1821.1,-1964.7,-1821.1,-1596.9,-1468.3,-747.15,-752.17,-769.86,-799.12,-816.23,-799.12,-769.86,-752.17
-746.2,-751.22,-769.07,-798.92,-816.5,-798.92,-769.07,-751.22,-1426.3,-1463.9,-1593.7,-1822.5,-1970.4,-1822.5,-1593.7,-1463.9,-2737.8,-2882.4,-3431.7,-4655.7,-5642.4,-4655.7,-3431.7,-2882.4,-4336.5,-4667.6,-6051.6,-10020,-13750,-10020,-6051.6,-4667.6,-4336.5,-4667.6,-6051.6,-10020,-13750,-10020,-6051.6,-4667.6,-2737.8,-2882.4,-3431.7,-4655.7,-5642.4,-4655.7,-3431.7,-2882.4,-1426.3,-1463.9,-1593.7,-1822.5,-1970.4,-1822.5,-1593.7,-1463.9,-746.2,-751.22,-769.07,-798.92,-816.5,-798.92,-769.07,-751.22
-745.25,-750.27,-768.27,-798.71,-816.76,-798.71,-768.27,-750.27,-1421.8,-1459.5,-1590.4,-1823.9,-1976.2,-1823.9,-1590.4,-1459.5,-2721.6,-2865.9,-3417.5,-4666.2,-5688.1,-4666.2,-3417.5,-2865.9,-4299.5,-4628.1,-6010.6,-10064,-13943,-10064,-6010.6,-4628.1,-4299.5,-4628.1,-6010.6,-10064,-13943,-10064,-6010.6,-4628.1,-2721.6,-2865.9,-3417.5,-4666.2,-5688.1,-4666.2,-3417.5,-2865.9,-1421.8,-1459.5,-1590.4,-1823.9,-1976.2,-1823.9,-1590.4,-1459.5,-745.25,-750.27,-768.27,-798.71,-816.76,-798.71,-768.27,-750.27
-744.29,-749.31,-767.46,-798.48,-817.01,-798.48,-767.46,-749.31,-1417.3,-1455,-1587.1,-1825.2,-1981.9,-1825.2,-1587.1,-1455,-2705.5,-2849.4,-3403.1,-4676.3,-5734.2,-4676.3,-3403.1,-2849.4,-4262.9,-4589,-5969.2,-10107,-14139,-10107,-5969.2,-4589,-4262.9,-4589,-5969.2,-10107,-14139,-10107,-5969.2,-4589,-2705.5,-2849.4,-3403.1,-4676.3,-5734.2,-4676.3,-3403.1,-2849.4,-1417.3,-1455,-1587.1,-1825.2,-1981.9,-1825.2,-1587.1,-1455,-744.29,-749.31,-767.46,-798.48,-817.01,-798.48,-767.46,-749.31
-743.33,-748.34,-766.64,-798.24,-817.24,-798.24,-766.64,-748.34,-1412.8,-1450.6,-1583.7,-1826.4,-1987.7,-1826.4,-1583.7,-1450.6,-2689.5,-2833,-3388.5,-4686.1,-5780.8,-4686.1,-3388.5,-2833,-4226.8,-4550.2,-5927.2,-10149,-14340,-10149,-5927.2,-4550.2,-4226.8,-4550.2,-5927.2,-10149,-14340,-10149,-5927.2,-4550.2,-2689.5,-2833,-3388.5,-4686.1,-5780.8,-4686.1,-3388.5,-2833,-1412.8,-1450.6,-1583.7,-1826.4,-1987.7,-1826.4,-1583.7,-1450.6,-743.33,-748.34,-766.64,-798.24,-817.24,-798.24,-766.64,-748.34
-742.37,-747.37,-765.8,-797.98,-817.47,-797.98,-765.8,-747.37,-1408.3,-1446.2,-1580.3,-1827.5,-1993.5,-1827.5,-1580.3,-1446.2,-2673.7,-2816.7,-3373.7,-4695.6,-5827.9,-4695.6,-3373.7,-2816.7,-4191.2,-4511.8,-5884.8,-10190,-14543,-10190,-5884.8,-4511.8,-4191.2,-4511.8,-5884.8,-10190,-14543,-10190,-5884.8,-4511.8,-2673.7,-2816.7,-3373.7,-4695.6,-5827.9,-4695.6,-3373.7,-2816.7,-1408.3,-1446.2,-1580.3,-1827.5,-1993.5,-1827.5,-1580.3,-1446.2,-742.37,-747.37,-765.8,-797.98,-817.47,-797.98,-765.8,-747.37
-741.4,-746.39,-764.94,-797.7,-817.68,-797.7,-764.94,-746.39,-1403.9,-1441.8,-1576.8,-1828.6,-1999.2,-1828.6,-1576.8,-1441.8,-2658,-2800.5,-3358.8,-4704.7,-5875.5,-4704.7,-3358.8,-2800.5,-4156,-4473.7,-5841.9,-10230,-14751,-10230,-5841.9,-4473.7,-4156,-4473.7,-5841.9,-10230,-14751,-10230,-5841.9,-4473.7,-2658,-2800.5,-3358.8,-4704.7,-5875.5,-4704.7,-3358.8,-2800.5,-1403.9,-1441.8,-1576.8,-1828.6,-1999.2,-1828.6,-1576.8,-1441.8,-741.4,-746.39,-764.94,-797.7,-817.68,-797.7,-764.94,-746.39
-740.44,-745.4,-764.08,-797.41,-817.89,-797.41,-764.08,-745.4,-1399.5,-1437.4,-1573.3,-1829.6,-2005,-1829.6,-1573.3,-1437.4,-2642.5,-2784.3,-3343.6,-4713.5,-5923.7,-4713.5,-3343.6,-2784.3,-4121.3,-4436,-5798.5,-10268,-14962,-10268,-5798.5,-4436,-4121.3,-4436,-5798.5,-10268,-14962,-10268,-5798.5,-4436,-2642.5,-2784.3,-3343.6,-4713.5,-5923.7,-4713.5,-3343.6,-2784.3,-1399.5,-1437.4,-1573.3,-1829.6,-2005,-1829.6,-1573.3,-1437.4,-740.44,-745.4,-764.08,-797.41,-817.89,-797.41,-764.08,-745.4
-739.46,-744.41,-763.2,-797.1,-818.08,-797.1,-763.2,-744.41,-1395,-1433,-1569.8,-1830.6,-2010.8,-1830.6,-1569.8,-1433,-2627.1,-2768.3,-3328.3,-4721.8,-5972.3,-4721.8,-3328.3,-2768.3,-4087,-4398.6,-5754.7,-10306,-15176,-10306,-5754.7,-4398.6,-4087,-4398.6,-5754.7,-10306,-15176,-10306,-5754.7,-4398.6,-2627.1,-2768.3,-3328.3,-4721.8,-5972.3,-4721.8,-3328.3,-2768.3,-1395,-1433,-1569.8,-1830.6,-2010.8,-1830.6,-1569.8,-1433,-739.46,-744.41,-763.2,-797.1,-818.08,-797.1,-763.2,-744.41
-738.49,-743.42,-762.3,-796.78,-818.26,-796.78,-762.3,-743.42,-1390.6,-1428.6,-1566.2,-1831.4,-2016.6,-1831.4,-1566.2,-1428.6,-2611.8,-2752.3,-3312.9,-4729.8,-6021.5,-4729.8,-3312.9,-2752.3,-4053.2,-4361.6,-5710.5,-10343,-15395,-10343,-5710.5,-4361.6,-4053.2,-4361.6,-5710.5,-10343,-15395,-10343,-5710.5,-4361.6,-2611.8,-2752.3,-3312.9,-4729.8,-6021.5,-4729.8,-3312.9,-2752.3,-1390.6,-1428.6,-1566.2,-1831.4,-2016.6,-1831.4,-1566.2,-1428.6,-738.49,-743.42,-762.3,-796.78,-818.26,-796.78,-762.3,-743.42
-737.51,-742.42,-761.4,-796.44,-818.43,-796.44,-761.4,-742.42,-1386.2,-1424.1,-1562.5,-1832.2,-2022.3,-1832.2,-1562.5,-1424.1,-2596.7,-2736.4,-3297.2,-4737.4,-6071.2,-4737.4,-3297.2,-2736.4,-4019.8,-4324.9,-5665.9,-10378,-15617,-10378,-5665.9,-4324.9,-4019.8,-4324.9,-5665.9,-10378,-15617,-10378,-5665.9,-4324.9,-2596.7,-2736.4,-3297.2,-4737.4,-6071.2,-4737.4,-3297.2,-2736.4,-1386.2,-1424.1,-1562.5,-1832.2,-2022.3,-1832.2,-1562.5,-1424.1,-737.51,-742.42,-761.4,-796.44,-818.43,-796.44,-761.4,-742.42
-736.53,-741.41,-760.48,-796.08,-818.59,-796.08,-760.48,-741.41,-1381.9,-1419.7,-1558.8,-1833,-2028.1,-1833,-1558.8,-1419.7,-2581.6,-2720.6,-3281.4,-4744.6,-6121.5,-4744.6,-3281.4,-2720.6,-3986.8,-4288.6,-5620.9,-10412,-15843,-10412,-5620.9,-4288.6,-3986.8,-4288.6,-5620.9,-10412,-15843,-10412,-5620.9,-4288.6,-2581.6,-2720.6,-3281.4,-4744.6,-6121.5,-4744.6,-3281.4,-2720.6,-1381.9,-1419.7,-1558.8,-1833,-2028.1,-1833,-1558.8,-1419.7,-736.53,-741.41,-760.48,-796.08,-818.59,-796.08,-760.48,-741.41
-735.55,-740.4,-759.55,-795.71,-818.73,-795.71,-759.55,-740.4,-1377.5,-1415.3,-1555.1,-1833.6,-2033.9,-1833.6,-1555.1,-1415.3,-2566.8,-2704.9,-3265.5,-4751.4,-6172.3,-4751.4,-3265.5,-2704.9,-3954.2,-4252.6,-5575.5,-10444,-16073,-10444,-5575.5,-4252.6,-3954.2,-4252.6,-5575.5,-10444,-16073,-10444,-5575.5,-4252.6,-2566.8,-2704.9,-3265.5,-4751.4,-6172.3,-4751.4,-3265.5,-2704.9,-1377.5,-1415.3,-1555.1,-1833.6,-2033.9,-1833.6,-1555.1,-1415.3,-735.55,-740.4,-759.55,-795.71,-818.73,-795.71,-759.55,-740.4
