0,0,0,0,0,0,0,0,0,0,0,0,0,0,0,0,0,0,0,0,0,0,0,0,0,0,0,0,0,0,0,0,0,0,0,0,0,0,0,0,0,0,0,0,0,0,0,0,0,0,0,0,0,0,0,0,0,0,0,0,0,0,0,0,0,0,0,0,0,0,0,0,0,0,0,0,0,0,0,0,0,0,0,0,0,0,0,0,0,0,0,0,0,0,0,0,0,0,0,0,0,0,0,0,0,0,0,0,0,0,0,0,0,0,0,0,0,0,0,0,0,0,0,0,0,0,0,0,0,0,0,0,0,0,0,0,0,0,0,0,0,0,0,0,0,0,0,0,0,0,0,0,0,0,0,0,0,0,0,0,0,0,0,0,0,0,0,0,0,0,0,0,0,0,0,0,0,0,0,0,0,0,0,0,0,0,0,0,0,0,0,0,0,0,0,0,0,0,0,0,0,0,0,0,0,0,0,0,0,0,0,0,0,0,0,0,0,0,0,0,0,0,0,0,0,0,0,0,0,0,0,0,0,0,0,0,0,0,0,0,0,0,0,0,0,0,0,0,0,0,0,0,0,0,0,0
0,-2.9477,-5.4571,-7.1503,-7.7656,-7.1988,-5.5256,-2.9962,0,2.9962,5.5256,7.1988,7.7656,7.1503,5.4571,2.9477,0,-4.6346,-8.5845,-11.257,-12.238,-11.355,-8.7233,-4.7328,0,4.7328,8.7233,11.355,12.238,11.257,8.5845,4.6346,0,-7.6497,-14.18,-18.615,-20.262,-18.826,-14.478,-7.8611,0,7.8611,14.478,18.826,20.262,18.615,14.18,7.6497,0,-13.166,-24.429,-32.115,-35.017,-32.591,-25.101,-13.642,0,13.642,25.101,32.591,35.017,32.115,24.429,13.166,0,-23.047,-42.81,-56.376,-61.593,-57.443,-44.319,-24.115,0,24.115,44.319,57.443,61.593,56.376,42.81,23.047,0,-38.831,-72.205,-95.241,-104.26,-97.417,-75.283,-41.007,0,41.007,75.283,97.417,104.26,95.241,72.205,38.831,0,-58.017,-107.95,-142.53,-156.19,-146.1,-113.01,-61.592,0,61.592,113.01,146.1,156.19,142.53,107.95,58.017,0,-71.712,-133.45,-176.22,-193.14,-180.68,-139.76,-76.175,0,76.175,139.76,180.68,193.14,176.22,133.45,71.712,0,-71.712,-133.45,-176.22,-193.14,-180.68,-139.76,-76.175,0,76.175,139.76,180.68,193.14,176.22,133.45,71.712,0,-58.017,-107.95,-142.53,-156.19,-146.1,-113.01,-61.592,0,61.592,113.01,146.1,156.19,142.53,107.95,58.017,0,-38.831,-72.205,-95.241,-104.26,-97.417,-75.283,-41.007,0,41.007,75.283,97.417,104.26,95.241,72.205,38.831,0,-23.047,-42.81,-56.376,-61.593,-57.443,-44.319,-24.115,0,24.115,44.319,57.443,61.593,56.376,42.81,23.047,0,-13.166,-24.429,-32.115,-35.017,-32.591,-25.101,-13.642,0,13.642,25.101,32.591,35.017,32.115,24.429,13.166,0,-7.6497,-14.18,-18.615,-20.262,-18.826,-14.478,-7.8611,0,7.8611,14.478,18.826,20.262,18.615,14.18,7.6497,0,-4.6346,-8.5845,-11.257,-12.238,-11.355,-8.7233,-4.7328,0,4.7328,8.7233,11.355,12.238,11.257,8.5845,4.6346,0,-2.9477,-5.4571,-7.1503,-7.7656,-7.1988,-5.5256,-2.9962,0,2.9962,5.5256,7.1988,7.7656,7.1503,5.4571,2.9477
0,-5.8474,-10.845,-14.251,-15.529,-14.444,-11.119,-6.0412,0,6.0412,11.119,14.444,15.529,14.251,10.845,5.8474,0,-9.1723,-17.03,-22.413,-24.471,-22.806,-17.585,-9.565,0,9.565,17.585,22.806,24.471,22.413,17.03,9.1723,0,-15.092,-28.061,-37.011,-40.513,-37.857,-29.257,-15.938,0,15.938,29.257,37.857,40.513,37.011,28.061,15.092,0,-25.87,-48.191,-63.741,-70.008,-65.643,-50.882,-27.773,0,27.773,50.882,65.643,70.008,63.741,48.191,25.87,0,-45.065,-84.135,-111.66,-123.13,-115.92,-90.17,-49.335,0,49.335,90.17,115.92,123.13,111.66,84.135,45.065,0,-75.575,-141.4,-188.26,-208.4,-196.96,-153.71,-84.283,0,84.283,153.71,196.96,208.4,188.26,141.4,75.575,0,-112.6,-210.96,-281.43,-312.24,-295.73,-231.18,-126.9,0,126.9,231.18,295.73,312.24,281.43,210.96,112.6,0,-139.11,-260.71,-347.94,-386.16,-365.81,-285.96,-156.95,0,156.95,285.96,365.81,386.16,347.94,260.71,139.11,0,-139.11,-260.71,-347.94,-386.16,-365.81,-285.96,-156.95,0,156.95,285.96,365.81,386.16,347.94,260.71,139.11,0,-112.6,-210.96,-281.43,-312.24,-295.73,-231.18,-126.9,0,126.9,231.18,295.73,312.24,281.43,210.96,112.6,0,-75.575,-141.4,-188.26,-208.4,-196.96,-153.71,-84.283,0,84.283,153.71,196.96,208.4,188.26,141.4,75.575,0,-45.065,-84.135,-111.66,-123.13,-115.92,-90.17,-49.335,0,49.335,90.17,115.92,123.13,111.66,84.135,45.065,0,-25.87,-48.191,-63.741,-70.008,-65.643,-50.882,-27.773,0,27.773,50.882,65.643,70.008,63.741,48.191,25.87,0,-15.092,-28.061,-37.011,-40.513,-37.857,-29.257,-15.938,0,15.938,29.257,37.857,40.513,37.011,28.061,15.092,0,-9.1723,-17.03,-22.413,-24.471,-22.806,-17.585,-9.565,0,9.565,17.585,22.806,24.471,22.413,17.03,9.1723,0,-5.8474,-10.845,-14.251,-15.529,-14.444,-11.119,-6.0412,0,6.0412,11.119,14.444,15.529,14.251,10.845,5.8474
0,-8.6995,-16.165,-21.3,-23.288,-21.735,-16.781,-9.1354,0,9.1354,16.781,21.735,23.288,21.3,16.165,8.6995,0,-13.614,-25.337,-33.465,-36.694,-34.348,-26.586,-14.498,0,14.498,26.586,34.348,36.694,33.465,25.337,13.614,0,-22.331,-41.647,-55.184,-60.742,-57.084,-44.336,-24.234,0,24.234,44.336,57.084,60.742,55.184,41.647,22.331,0,-38.124,-71.295,-94.864,-104.95,-99.139,-77.347,-42.406,0,42.406,77.347,99.139,104.95,94.864,71.295,38.124,0,-66.09,-124,-165.82,-184.55,-175.41,-137.58,-75.701,0,75.701,137.58,175.41,184.55,165.82,124,66.09,0,-110.32,-207.65,-279.02,-312.33,-298.58,-235.34,-129.92,0,129.92,235.34,298.58,312.33,279.02,207.65,110.32,0,-163.9,-309.14,-416.67,-468.01,-448.84,-354.64,-196.07,0,196.07,354.64,448.84,468.01,416.67,309.14,163.9,0,-202.34,-381.9,-515.12,-578.94,-555.35,-438.72,-242.47,0,242.47,438.72,555.35,578.94,515.12,381.9,202.34,0,-202.34,-381.9,-515.12,-578.94,-555.35,-438.72,-242.47,0,242.47,438.72,555.35,578.94,515.12,381.9,202.34,0,-163.9,-309.14,-416.67,-468.01,-448.84,-354.64,-196.07,0,196.07,354.64,448.84,468.01,416.67,309.14,163.9,0,-110.32,-207.65,-279.02,-312.33,-298.58,-235.34,-129.92,0,129.92,235.34,298.58,312.33,279.02,207.65,110.32,0,-66.09,-124,-165.82,-184.55,-175.41,-137.58,-75.701,0,75.701,137.58,175.41,184.55,165.82,124,66.09,0,-38.124,-71.295,-94.864,-104.95,-99.139,-77.347,-42.406,0,42.406,77.347,99.139,104.95,94.864,71.295,38.124,0,-22.331,-41.647,-55.184,-60.742,-57.084,-44.336,-24.234,0,24.234,44.336,57.084,60.742,55.184,41.647,22.331,0,-13.614,-25.337,-33.465,-36.694,-34.348,-26.586,-14.498,0,14.498,26.586,34.348,36.694,33.465,25.337,13.614,0,-8.6995,-16.165,-21.3,-23.288,-21.735,-16.781,-9.1354,0,9.1354,16.781,21.735,23.288,21.3,16.165,8.6995
0,-11.504,-21.415,-28.295,-31.04,-29.07,-22.511,-12.279,0,12.279,22.511,29.07,31.04,28.295,21.415,11.504,0,-17.962,-33.506,-44.41,-48.903,-45.978,-35.725,-19.533,0,19.533,35.725,45.978,48.903,44.41,33.506,17.962,0,-29.371,-54.938,-73.126,-80.938,-76.502,-59.717,-32.754,0,32.754,59.717,76.502,80.938,73.126,54.938,29.371,0,-49.939,-93.747,-125.47,-139.81,-133.06,-104.5,-57.555,0,57.555,104.5,133.06,139.81,125.47,93.747,49.939,0,-86.158,-162.43,-218.83,-245.79,-235.86,-186.56,-103.25,0,103.25,186.56,235.86,245.79,218.83,162.43,86.158,0,-143.15,-271.02,-367.47,-415.92,-402.22,-320.25,-178.02,0,178.02,320.25,402.22,415.92,367.47,271.02,143.15,0,-212.04,-402.61,-548.18,-623.35,-605.38,-483.51,-269.25,0,269.25,483.51,605.38,623.35,548.18,402.61,212.04,0,-261.57,-497.14,-677.71,-771.36,-749.3,-598.17,-332.85,0,332.85,598.17,749.3,771.36,677.71,497.14,261.57,0,-261.57,-497.14,-677.71,-771.36,-749.3,-598.17,-332.85,0,332.85,598.17,749.3,771.36,677.71,497.14,261.57,0,-212.04,-402.61,-548.18,-623.35,-605.38,-483.51,-269.25,0,269.25,483.51,605.38,623.35,548.18,402.61,212.04,0,-143.15,-271.02,-367.47,-415.92,-402.22,-320.25,-178.02,0,178.02,320.25,402.22,415.92,367.47,271.02,143.15,0,-86.158,-162.43,-218.83,-245.79,-235.86,-186.56,-103.25,0,103.25,186.56,235.86,245.79,218.83,162.43,86.158,0,-49.939,-93.747,-125.47,-139.81,-133.06,-104.5,-57.555,0,57.555,104.5,133.06,139.81,125.47,93.747,49.939,0,-29.371,-54.938,-73.126,-80.938,-76.502,-59.717,-32.754,0,32.754,59.717,76.502,80.938,73.126,54.938,29.371,0,-17.962,-33.506,-44.41,-48.903,-45.978,-35.725,-19.533,0,19.533,35.725,45.978,48.903,44.41,33.506,17.962,0,-11.504,-21.415,-28.295,-31.04,-29.07,-22.511,-12.279,0,12.279,22.511,29.07,31.04,28.295,21.415,11.504
0,-14.262,-26.596,-35.237,-38.783,-36.446,-28.307,-15.473,0,15.473,28.307,36.446,38.783,35.237,26.596,14.262,0,-22.217,-41.536,-55.244,-61.092,-57.693,-45.002,-24.671,0,24.671,45.002,57.693,61.092,55.244,41.536,22.217,0,-36.215,-67.936,-90.832,-101.09,-96.101,-75.401,-41.502,0,41.502,75.401,96.101,101.09,90.832,67.936,36.215,0,-61.329,-115.56,-155.55,-174.57,-167.4,-132.35,-73.233,0,73.233,132.35,167.4,174.57,155.55,115.56,61.329,0,-105.3,-199.46,-270.68,-306.8,-297.25,-237.15,-132.04,0,132.04,237.15,297.25,306.8,270.68,199.46,105.3,0,-174.14,-331.59,-453.6,-519.08,-507.83,-408.5,-228.68,0,228.68,408.5,507.83,519.08,453.6,331.59,174.14,0,-257.17,-491.47,-675.93,-778.12,-765.3,-617.9,-346.57,0,346.57,617.9,765.3,778.12,675.93,491.47,257.17,0,-316.95,-606.56,-835.65,-963.28,-947.67,-764.45,-428.2,0,428.2,764.45,947.67,963.28,835.65,606.56,316.95,0,-316.95,-606.56,-835.65,-963.28,-947.67,-764.45,-428.2,0,428.2,764.45,947.67,963.28,835.65,606.56,316.95,0,-257.17,-491.47,-675.93,-778.12,-765.3,-617.9,-346.57,0,346.57,617.9,765.3,778.12,675.93,491.47,257.17,0,-174.14,-331.59,-453.6,-519.08,-507.83,-408.5,-228.68,0,228.68,408.5,507.83,519.08,453.6,331.59,174.14,0,-105.3,-199.46,-270.68,-306.8,-297.25,-237.15,-132.04,0,132.04,237.15,297.25,306.8,270.68,199.46,105.3,0,-61.329,-115.56,-155.55,-174.57,-167.4,-132.35,-73.233,0,73.233,132.35,167.4,174.57,155.55,115.56,61.329,0,-36.215,-67.936,-90.832,-101.09,-96.101,-75.401,-41.502,0,41.502,75.401,96.101,101.09,90.832,67.936,36.215,0,-22.217,-41.536,-55.244,-61.092,-57.693,-45.002,-24.671,0,24.671,45.002,57.693,61.092,55.244,41.536,22.217,0,-14.262,-26.596,-35.237,-38.783,-36.446,-28.307,-15.473,0,15.473,28.307,36.446,38.783,35.237,26.596,14.262
0,-16.974,-31.708,-42.123,-46.515,-43.862,-34.171,-18.717,0,18.717,34.171,43.862,46.515,42.123,31.708,16.974,0,-26.38,-49.427,-65.966,-73.257,-69.488,-54.416,-29.913,0,29.913,54.416,69.488,73.257,65.966,49.427,26.38,0,-42.868,-80.644,-108.3,-121.19,-115.87,-91.386,-50.482,0,50.482,91.386,115.87,121.19,108.3,80.644,42.868,0,-72.305,-136.73,-185.1,-209.2,-202.13,-160.9,-89.455,0,89.455,160.9,202.13,209.2,185.1,136.73,72.305,0,-123.56,-235.1,-321.34,-367.51,-359.53,-289.35,-162.09,0,162.09,289.35,359.53,367.51,321.34,235.1,123.56,0,-203.39,-389.41,-537.35,-621.68,-615.34,-500.15,-282.01,0,282.01,500.15,615.34,621.68,537.35,389.41,203.39,0,-299.41,-575.85,-799.87,-932.18,-928.56,-757.93,-428.19,0,428.19,757.93,928.56,932.18,799.87,575.85,299.41,0,-368.64,-710.28,-988.89,-1154.6,-1150.5,-937.7,-528.61,0,528.61,937.7,1150.5,1154.6,988.89,710.28,368.64,0,-368.64,-710.28,-988.89,-1154.6,-1150.5,-937.7,-528.61,0,528.61,937.7,1150.5,1154.6,988.89,710.28,368.64,0,-299.41,-575.85,-799.87,-932.18,-928.56,-757.93,-428.19,0,428.19,757.93,928.56,932.18,799.87,575.85,299.41,0,-203.39,-389.41,-537.35,-621.68,-615.34,-500.15,-282.01,0,282.01,500.15,615.34,621.68,537.35,389.41,203.39,0,-123.56,-235.1,-321.34,-367.51,-359.53,-289.35,-162.09,0,162.09,289.35,359.53,367.51,321.34,235.1,123.56,0,-72.305,-136.73,-185.1,-209.2,-202.13,-160.9,-89.455,0,89.455,160.9,202.13,209.2,185.1,136.73,72.305,0,-42.868,-80.644,-108.3,-121.19,-115.87,-91.386,-50.482,0,50.482,91.386,115.87,121.19,108.3,80.644,42.868,0,-26.38,-49.427,-65.966,-73.257,-69.488,-54.416,-29.913,0,29.913,54.416,69.488,73.257,65.966,49.427,26.38,0,-16.974,-31.708,-42.123,-46.515,-43.862,-34.171,-18.717,0,18.717,34.171,43.862,46.515,42.123,31.708,16.974
0,-19.639,-36.751,-48.952,-54.233,-51.317,-40.101,-22.012,0,22.012,40.101,51.317,54.233,48.952,36.751,19.639,0,-30.452,-57.182,-76.573,-85.394,-81.361,-63.968,-35.261,0,35.261,63.968,81.361,85.394,76.573,57.182,30.452,0,-49.334,-93.063,-125.52,-141.22,-135.81,-107.67,-59.698,0,59.698,107.67,135.81,141.22,125.52,93.063,49.334,0,-82.879,-157.27,-214.09,-243.67,-237.23,-190.15,-106.23,0,106.23,190.15,237.23,243.67,214.09,157.27,82.879,0,-140.96,-269.4,-370.8,-427.88,-422.67,-343.2,-193.46,0,193.46,343.2,422.67,427.88,370.8,269.4,140.96,0,-230.95,-444.56,-618.71,-723.62,-724.68,-595.27,-338.1,0,338.1,595.27,724.68,723.62,618.71,444.56,230.95,0,-338.91,-655.86,-919.96,-1085.4,-1095.1,-903.75,-514.23,0,514.23,903.75,1095.1,1085.4,919.96,655.86,338.91,0,-416.8,-808.44,-1137.4,-1345.1,-1357.7,-1118.1,-634.16,0,634.16,1118.1,1357.7,1345.1,1137.4,808.44,416.8,0,-416.8,-808.44,-1137.4,-1345.1,-1357.7,-1118.1,-634.16,0,634.16,1118.1,1357.7,1345.1,1137.4,808.44,416.8,0,-338.91,-655.86,-919.96,-1085.4,-1095.1,-903.75,-514.23,0,514.23,903.75,1095.1,1085.4,919.96,655.86,338.91,0,-230.95,-444.56,-618.71,-723.62,-724.68,-595.27,-338.1,0,338.1,595.27,724.68,723.62,618.71,444.56,230.95,0,-140.96,-269.4,-370.8,-427.88,-422.67,-343.2,-193.46,0,193.46,343.2,422.67,427.88,370.8,269.4,140.96,0,-82.879,-157.27,-214.09,-243.67,-237.23,-190.15,-106.23,0,106.23,190.15,237.23,243.67,214.09,157.27,82.879,0,-49.334,-93.063,-125.52,-141.22,-135.81,-107.67,-59.698,0,59.698,107.67,135.81,141.22,125.52,93.063,49.334,0,-30.452,-57.182,-76.573,-85.394,-81.361,-63.968,-35.261,0,35.261,63.968,81.361,85.394,76.573,57.182,30.452,0,-19.639,-36.751,-48.952,-54.233,-51.317,-40.101,-22.012,0,22.012,40.101,51.317,54.233,48.952,36.751,19.639
0,-22.259,-41.724,-55.722,-61.936,-58.809,-46.097,-25.357,0,25.357,46.097,58.809,61.936,55.722,41.724,22.259,0,-34.435,-64.799,-87.062,-97.497,-93.308,-73.656,-40.716,0,40.716,73.656,93.308,97.497,87.062,64.799,34.435,0,-55.615,-105.2,-142.48,-161.17,-155.91,-124.26,-69.155,0,69.155,124.26,155.91,161.17,142.48,105.2,55.615,0,-93.062,-177.2,-242.53,-277.97,-272.69,-220.11,-123.59,0,123.59,220.11,272.69,277.97,242.53,177.2,93.062,0,-157.54,-302.37,-419.04,-487.84,-486.62,-398.7,-226.19,0,226.19,398.7,486.62,487.84,419.04,302.37,157.54,0,-256.91,-497.11,-697.64,-824.79,-835.79,-693.91,-397.06,0,397.06,693.91,835.79,824.79,697.64,497.11,256.91,0,-375.79,-731.62,-1036.2,-1237.5,-1264.9,-1055.5,-604.83,0,604.83,1055.5,1264.9,1237.5,1036.2,731.62,375.79,0,-461.59,-901.17,-1281,-1534.6,-1569.4,-1305.8,-744.92,0,744.92,1305.8,1569.4,1534.6,1281,901.17,461.59,0,-461.59,-901.17,-1281,-1534.6,-1569.4,-1305.8,-744.92,0,744.92,1305.8,1569.4,1534.6,1281,901.17,461.59,0,-375.79,-731.62,-1036.2,-1237.5,-1264.9,-1055.5,-604.83,0,604.83,1055.5,1264.9,1237.5,1036.2,731.62,375.79,0,-256.91,-497.11,-697.64,-824.79,-835.79,-693.91,-397.06,0,397.06,693.91,835.79,824.79,697.64,497.11,256.91,0,-157.54,-302.37,-419.04,-487.84,-486.62,-398.7,-226.19,0,226.19,398.7,486.62,487.84,419.04,302.37,157.54,0,-93.062,-177.2,-242.53,-277.97,-272.69,-220.11,-123.59,0,123.59,220.11,272.69,277.97,242.53,177.2,93.062,0,-55.615,-105.2,-142.48,-161.17,-155.91,-124.26,-69.155,0,69.155,124.26,155.91,161.17,142.48,105.2,55.615,0,-34.435,-64.799,-87.062,-97.497,-93.308,-73.656,-40.716,0,40.716,73.656,93.308,97.497,87.062,64.799,34.435,0,-22.259,-41.724,-55.722,-61.936,-58.809,-46.097,-25.357,0,25.357,46.097,58.809,61.936,55.722,41.724,22.259
0,-24.834,-46.628,-62.433,-69.621,-66.335,-52.158,-28.754,0,28.754,52.158,66.335,69.621,62.433,46.628,24.834,0,-38.331,-72.279,-97.431,-109.56,-105.32,-83.479,-46.279,0,46.279,83.479,105.32,109.56,97.431,72.279,38.331,0,-61.717,-117.04,-159.19,-181.04,-176.15,-141.15,-78.857,0,78.857,141.15,176.15,181.04,159.19,117.04,61.717,0,-102.87,-196.52,-270.41,-312.06,-308.48,-250.77,-141.52,0,141.52,250.77,308.48,312.06,270.41,196.52,102.87,0,-173.32,-334.04,-466.05,-547.34,-551.34,-455.87,-260.33,0,260.33,455.87,551.34,547.34,466.05,334.04,173.32,0,-281.34,-547.12,-774.14,-925.08,-948.59,-796.16,-459.01,0,459.01,796.16,948.59,925.08,774.14,547.12,281.34,0,-410.17,-803.23,-1148.4,-1388.5,-1437.9,-1213.3,-700.12,0,700.12,1213.3,1437.9,1388.5,1148.4,803.23,410.17,0,-503.16,-988.6,-1419.8,-1723.1,-1785.6,-1500.9,-860.9,0,860.9,1500.9,1785.6,1723.1,1419.8,988.6,503.16,0,-503.16,-988.6,-1419.8,-1723.1,-1785.6,-1500.9,-860.9,0,860.9,1500.9,1785.6,1723.1,1419.8,988.6,503.16,0,-410.17,-803.23,-1148.4,-1388.5,-1437.9,-1213.3,-700.12,0,700.12,1213.3,1437.9,1388.5,1148.4,803.23,410.17,0,-281.34,-547.12,-774.14,-925.08,-948.59,-796.16,-459.01,0,459.01,796.16,948.59,925.08,774.14,547.12,281.34,0,-173.32,-334.04,-466.05,-547.34,-551.34,-455.87,-260.33,0,260.33,455.87,551.34,547.34,466.05,334.04,173.32,0,-102.87,-196.52,-270.41,-312.06,-308.48,-250.77,-141.52,0,141.52,250.77,308.48,312.06,270.41,196.52,102.87,0,-61.717,-117.04,-159.19,-181.04,-176.15,-141.15,-78.857,0,78.857,141.15,176.15,181.04,159.19,117.04,61.717,0,-38.331,-72.279,-97.431,-109.56,-105.32,-83.479,-46.279,0,46.279,83.479,105.32,109.56,97.431,72.279,38.331,0,-24.834,-46.628,-62.433,-69.621,-66.335,-52.158,-28.754,0,28.754,52.158,66.335,69.621,62.433,46.628,24.834
0,-27.364,-51.462,-69.084,-77.286,-73.894,-58.285,-32.203,0,32.203,58.285,73.894,77.286,69.084,51.462,27.364,0,-42.139,-79.622,-107.68,-121.58,-117.4,-93.438,-51.951,0,51.951,93.438,117.4,121.58,107.68,79.622,42.139,0,-67.643,-128.61,-175.65,-200.81,-196.54,-158.35,-88.807,0,88.807,158.35,196.54,200.81,175.65,128.61,67.643,0,-112.3,-215.24,-297.71,-345.92,-344.58,-282.15,-160.06,0,160.06,282.15,344.58,345.92,297.71,215.24,112.3,0,-188.34,-364.44,-511.81,-606.32,-616.78,-514.74,-295.92,0,295.92,514.74,616.78,606.32,511.81,364.44,188.34,0,-304.31,-594.67,-848.17,-1024.4,-1063,-902.06,-524.05,0,524.05,902.06,1063,1024.4,848.17,594.67,304.31,0,-442.18,-870.83,-1256.7,-1538.1,-1614,-1377.3,-800.22,0,800.22,1377.3,1614,1538.1,1256.7,870.83,442.18,0,-541.68,-1070.9,-1553.6,-1910.3,-2006.4,-1703.8,-982.13,0,982.13,1703.8,2006.4,1910.3,1553.6,1070.9,541.68,0,-541.68,-1070.9,-1553.6,-1910.3,-2006.4,-1703.8,-982.13,0,982.13,1703.8,2006.4,1910.3,1553.6,1070.9,541.68,0,-442.18,-870.83,-1256.7,-1538.1,-1614,-1377.3,-800.22,0,800.22,1377.3,1614,1538.1,1256.7,870.83,442.18,0,-304.31,-594.67,-848.17,-1024.4,-1063,-902.06,-524.05,0,524.05,902.06,1063,1024.4,848.17,594.67,304.31,0,-188.34,-364.44,-511.81,-606.32,-616.78,-514.74,-295.92,0,295.92,514.74,616.78,606.32,511.81,364.44,188.34,0,-112.3,-215.24,-297.71,-345.92,-344.58,-282.15,-160.06,0,160.06,282.15,344.58,345.92,297.71,215.24,112.3,0,-67.643,-128.61,-175.65,-200.81,-196.54,-158.35,-88.807,0,88.807,158.35,196.54,200.81,175.65,128.61,67.643,0,-42.139,-79.622,-107.68,-121.58,-117.4,-93.438,-51.951,0,51.951,93.438,117.4,121.58,107.68,79.622,42.139,0,-27.364,-51.462,-69.084,-77.286,-73.894,-58.285,-32.203,0,32.203,58.285,73.894,77.286,69.084,51.462,27.364
0,-29.85,-56.227,-75.672,-84.929,-81.484,-64.476,-35.703,0,35.703,64.476,81.484,84.929,75.672,56.227,29.85,0,-45.863,-86.831,-117.8,-133.56,-129.55,-103.53,-57.733,0,57.733,103.53,129.55,133.56,117.8,86.831,45.863,0,-73.397,-139.9,-191.83,-220.48,-217.05,-175.84,-99.011,0,99.011,175.84,217.05,220.48,191.83,139.9,73.397,0,-121.38,-233.36,-324.43,-379.53,-380.97,-314.23,-179.22,0,179.22,314.23,380.97,379.53,324.43,233.36,121.38,0,-202.63,-393.61,-556.31,-664.73,-682.88,-575.3,-333.02,0,333.02,575.3,682.88,664.73,556.31,393.61,202.63,0,-325.88,-639.82,-919.73,-1122.6,-1179,-1011.7,-592.3,0,592.3,1011.7,1179,1122.6,919.73,639.82,325.88,0,-471.93,-934.53,-1361,-1686.2,-1793.2,-1547.6,-905.25,0,905.25,1547.6,1793.2,1686.2,1361,934.53,471.93,0,-577.28,-1148.1,-1682.4,-2096,-2231.8,-1914.6,-1108.6,0,1108.6,1914.6,2231.8,2096,1682.4,1148.1,577.28,0,-577.28,-1148.1,-1682.4,-2096,-2231.8,-1914.6,-1108.6,0,1108.6,1914.6,2231.8,2096,1682.4,1148.1,577.28,0,-471.93,-934.53,-1361,-1686.2,-1793.2,-1547.6,-905.25,0,905.25,1547.6,1793.2,1686.2,1361,934.53,471.93,0,-325.88,-639.82,-919.73,-1122.6,-1179,-1011.7,-592.3,0,592.3,1011.7,1179,1122.6,919.73,639.82,325.88,0,-202.63,-393.61,-556.31,-664.73,-682.88,-575.3,-333.02,0,333.02,575.3,682.88,664.73,556.31,393.61,202.63,0,-121.38,-233.36,-324.43,-379.53,-380.97,-314.23,-179.22,0,179.22,314.23,380.97,379.53,324.43,233.36,121.38,0,-73.397,-139.9,-191.83,-220.48,-217.05,-175.84,-99.011,0,99.011,175.84,217.05,220.48,191.83,139.9,73.397,0,-45.863,-86.831,-117.8,-133.56,-129.55,-103.53,-57.733,0,57.733,103.53,129.55,133.56,117.8,86.831,45.863,0,-29.85,-56.227,-75.672,-84.929,-81.484,-64.476,-35.703,0,35.703,64.476,81.484,84.929,75.672,56.227,29.85
0,-32.292,-60.923,-82.197,-92.548,-89.103,-70.73,-39.256,0,39.256,70.73,89.103,92.548,82.197,60.923,32.292,0,-49.502,-93.904,-127.8,-145.48,-141.75,-113.76,-63.627,0,63.627,113.76,141.75,145.48,127.8,93.904,49.502,0,-78.981,-150.91,-207.76,-240.02,-237.68,-193.63,-109.47,0,109.47,193.63,237.68,240.02,207.76,150.91,78.981,0,-130.11,-250.91,-350.57,-412.86,-417.62,-347.03,-199.01,0,199.01,347.03,417.62,412.86,350.57,250.91,130.11,0,-216.2,-421.56,-599.55,-722.51,-749.61,-637.59,-371.67,0,371.67,637.59,749.61,722.51,599.55,421.56,216.2,0,-346.12,-682.65,-988.81,-1219.5,-1296.4,-1125.1,-663.87,0,663.87,1125.1,1296.4,1219.5,988.81,682.65,346.12,0,-499.53,-994.44,-1461.3,-1832.6,-1975.5,-1724.5,-1015.3,0,1015.3,1724.5,1975.5,1832.6,1461.3,994.44,499.53,0,-610.12,-1220.5,-1806.1,-2280,-2461.9,-2133.5,-1240.2,0,1240.2,2133.5,2461.9,2280,1806.1,1220.5,610.12,0,-610.12,-1220.5,-1806.1,-2280,-2461.9,-2133.5,-1240.2,0,1240.2,2133.5,2461.9,2280,1806.1,1220.5,610.12,0,-499.53,-994.44,-1461.3,-1832.6,-1975.5,-1724.5,-1015.3,0,1015.3,1724.5,1975.5,1832.6,1461.3,994.44,499.53,0,-346.12,-682.65,-988.81,-1219.5,-1296.4,-1125.1,-663.87,0,663.87,1125.1,1296.4,1219.5,988.81,682.65,346.12,0,-216.2,-421.56,-599.55,-722.51,-749.61,-637.59,-371.67,0,371.67,637.59,749.61,722.51,599.55,421.56,216.2,0,-130.11,-250.91,-350.57,-412.86,-417.62,-347.03,-199.01,0,199.01,347.03,417.62,412.86,350.57,250.91,130.11,0,-78.981,-150.91,-207.76,-240.02,-237.68,-193.63,-109.47,0,109.47,193.63,237.68,240.02,207.76,150.91,78.981,0,-49.502,-93.904,-127.8,-145.48,-141.75,-113.76,-63.627,0,63.627,113.76,141.75,145.48,127.8,93.904,49.502,0,-32.292,-60.923,-82.197,-92.548,-89.103,-70.73,-39.256,0,39.256,70.73,89.103,92.548,82.197,60.923,32.292
0,-34.691,-65.55,-88.658,-100.14,-96.749,-77.048,-42.861,0,42.861,77.048,96.749,100.14,88.658,65.55,34.691,0,-53.058,-100.84,-137.66,-157.35,-154,-124.11,-69.634,0,69.634,124.11,154,157.35,137.66,100.84,53.058,0,-84.401,-161.65,-223.41,-259.44,-258.42,-211.72,-120.2,0,120.2,211.72,258.42,259.44,223.41,161.65,84.401,0,-138.5,-267.88,-376.12,-445.9,-454.52,-380.53,-219.44,0,219.44,380.53,454.52,445.9,376.12,267.88,138.5,0,-229.1,-448.33,-641.53,-779.61,-816.9,-701.6,-411.92,0,411.92,701.6,816.9,779.61,641.53,448.33,229.1,0,-365.09,-723.21,-1055.4,-1315.2,-1415.1,-1242.3,-738.89,0,738.89,1242.3,1415.1,1315.2,1055.4,723.21,365.09,0,-525.1,-1050.7,-1557.5,-1977.1,-2160.7,-1908.2,-1130.5,0,1130.5,1908.2,2160.7,1977.1,1557.5,1050.7,525.1,0,-640.34,-1288.2,-1924.7,-2462.1,-2696.6,-2361,-1376.8,0,1376.8,2361,2696.6,2462.1,1924.7,1288.2,640.34,0,-640.34,-1288.2,-1924.7,-2462.1,-2696.6,-2361,-1376.8,0,1376.8,2361,2696.6,2462.1,1924.7,1288.2,640.34,0,-525.1,-1050.7,-1557.5,-1977.1,-2160.7,-1908.2,-1130.5,0,1130.5,1908.2,2160.7,1977.1,1557.5,1050.7,525.1,0,-365.09,-723.21,-1055.4,-1315.2,-1415.1,-1242.3,-738.89,0,738.89,1242.3,1415.1,1315.2,1055.4,723.21,365.09,0,-229.1,-448.33,-641.53,-779.61,-816.9,-701.6,-411.92,0,411.92,701.6,816.9,779.61,641.53,448.33,229.1,0,-138.5,-267.88,-376.12,-445.9,-454.52,-380.53,-219.44,0,219.44,380.53,454.52,445.9,376.12,267.88,138.5,0,-84.401,-161.65,-223.41,-259.44,-258.42,-211.72,-120.2,0,120.2,211.72,258.42,259.44,223.41,161.65,84.401,0,-53.058,-100.84,-137.66,-157.35,-154,-124.11,-69.634,0,69.634,124.11,154,157.35,137.66,100.84,53.058,0,-34.691,-65.55,-88.658,-100.14,-96.749,-77.048,-42.861,0,42.861,77.048,96.749,100.14,88.658,65.55,34.691
0,-37.047,-70.108,-95.054,-107.7,-104.42,-83.428,-46.519,0,46.519,83.428,104.42,107.7,95.054,70.108,37.047,0,-56.533,-107.65,-147.4,-169.15,-166.3,-134.6,-75.755,0,75.755,134.6,166.3,169.15,147.4,107.65,56.533,0,-89.659,-172.12,-238.78,-278.72,-279.27,-230.1,-131.18,0,131.18,230.1,279.27,278.72,238.78,172.12,89.659,0,-146.57,-284.29,-401.08,-478.6,-491.64,-414.75,-240.54,0,240.54,414.75,491.64,478.6,401.08,284.29,146.57,0,-241.35,-473.95,-682.23,-835.98,-884.71,-767.35,-453.83,0,453.83,767.35,884.71,835.98,682.23,473.95,241.35,0,-382.84,-761.59,-1119.5,-1409.4,-1535.2,-1363.5,-817.46,0,817.46,1363.5,1535.2,1409.4,1119.5,761.59,382.84,0,-548.74,-1103.4,-1649.7,-2119.6,-2348.9,-2098.8,-1250.9,0,1250.9,2098.8,2348.9,2119.6,1649.7,1103.4,548.74,0,-668.08,-1351.3,-2038.1,-2642,-2936.2,-2597.2,-1518.4,0,1518.4,2597.2,2936.2,2642,2038.1,1351.3,668.08,0,-668.08,-1351.3,-2038.1,-2642,-2936.2,-2597.2,-1518.4,0,1518.4,2597.2,2936.2,2642,2038.1,1351.3,668.08,0,-548.74,-1103.4,-1649.7,-2119.6,-2348.9,-2098.8,-1250.9,0,1250.9,2098.8,2348.9,2119.6,1649.7,1103.4,548.74,0,-382.84,-761.59,-1119.5,-1409.4,-1535.2,-1363.5,-817.46,0,817.46,1363.5,1535.2,1409.4,1119.5,761.59,382.84,0,-241.35,-473.95,-682.23,-835.98,-884.71,-767.35,-453.83,0,453.83,767.35,884.71,835.98,682.23,473.95,241.35,0,-146.57,-284.29,-401.08,-478.6,-491.64,-414.75,-240.54,0,240.54,414.75,491.64,478.6,401.08,284.29,146.57,0,-89.659,-172.12,-238.78,-278.72,-279.27,-230.1,-131.18,0,131.18,230.1,279.27,278.72,238.78,172.12,89.659,0,-56.533,-107.65,-147.4,-169.15,-166.3,-134.6,-75.755,0,75.755,134.6,166.3,169.15,147.4,107.65,56.533,0,-37.047,-70.108,-95.054,-107.7,-104.42,-83.428,-46.519,0,46.519,83.428,104.42,107.7,95.054,70.108,37.047
0,-39.36,-74.597,-101.38,-115.24,-112.11,-89.869,-50.23,0,50.23,89.869,112.11,115.24,101.38,74.597,39.36,0,-59.927,-114.32,-157.01,-180.89,-178.65,-145.22,-81.99,0,81.99,145.22,178.65,180.89,157.01,114.32,59.927,0,-94.759,-182.32,-253.89,-297.85,-300.2,-248.78,-142.44,0,142.44,248.78,300.2,297.85,253.89,182.32,94.759,0,-154.31,-300.15,-425.44,-510.97,-528.95,-449.68,-262.32,0,262.32,449.68,528.95,510.97,425.44,300.15,154.31,0,-252.96,-498.44,-721.66,-891.56,-952.96,-834.84,-497.44,0,497.44,834.84,952.96,891.56,721.66,498.44,252.96,0,-399.45,-797.85,-1181.1,-1502.1,-1656.3,-1488.7,-899.72,0,899.72,1488.7,1656.3,1502.1,1181.1,797.85,399.45,0,-570.55,-1152.7,-1737.8,-2259.7,-2539.9,-2296.6,-1376.7,0,1376.7,2296.6,2539.9,2259.7,1737.8,1152.7,570.55,0,-693.48,-1410,-2146.4,-2819.5,-3180.6,-2842.7,-1664.7,0,1664.7,2842.7,3180.6,2819.5,2146.4,1410,693.48,0,-693.48,-1410,-2146.4,-2819.5,-3180.6,-2842.7,-1664.7,0,1664.7,2842.7,3180.6,2819.5,2146.4,1410,693.48,0,-570.55,-1152.7,-1737.8,-2259.7,-2539.9,-2296.6,-1376.7,0,1376.7,2296.6,2539.9,2259.7,1737.8,1152.7,570.55,0,-399.45,-797.85,-1181.1,-1502.1,-1656.3,-1488.7,-899.72,0,899.72,1488.7,1656.3,1502.1,1181.1,797.85,399.45,0,-252.96,-498.44,-721.66,-891.56,-952.96,-834.84,-497.44,0,497.44,834.84,952.96,891.56,721.66,498.44,252.96,0,-154.31,-300.15,-425.44,-510.97,-528.95,-449.68,-262.32,0,262.32,449.68,528.95,510.97,425.44,300.15,154.31,0,-94.759,-182.32,-253.89,-297.85,-300.2,-248.78,-142.44,0,142.44,248.78,300.2,297.85,253.89,182.32,94.759,0,-59.927,-114.32,-157.01,-180.89,-178.65,-145.22,-81.99,0,81.99,145.22,178.65,180.89,157.01,114.32,59.927,0,-39.36,-74.597,-101.38,-115.24,-112.11,-89.869,-50.23,0,50.23,89.869,112.11,115.24,101.38,74.597,39.36
0,-41.632,-79.018,-107.65,-122.74,-119.83,-96.372,-53.994,0,53.994,96.372,119.83,122.74,107.65,79.018,41.632,0,-63.242,-120.86,-166.48,-192.56,-191.03,-155.96,-88.341,0,88.341,155.96,191.03,192.56,166.48,120.86,63.242,0,-99.704,-192.26,-268.71,-316.82,-321.21,-267.74,-153.98,0,153.98,267.74,321.21,316.82,268.71,192.26,99.704,0,-161.75,-315.47,-449.2,-542.96,-566.42,-485.3,-284.79,0,284.79,485.3,566.42,542.96,449.2,315.47,161.75,0,-263.98,-521.84,-759.81,-946.31,-1021.6,-904.08,-542.82,0,542.82,904.08,1021.6,946.31,759.81,521.84,263.98,0,-414.96,-832.06,-1240.2,-1593.2,-1778.6,-1617.9,-985.78,0,985.78,1617.9,1778.6,1593.2,1240.2,832.06,414.96,0,-590.63,-1198.7,-1821.8,-2397.5,-2733.6,-2501.8,-1507.7,0,1507.7,2501.8,2733.6,2397.5,1821.8,1198.7,590.63,0,-716.66,-1464.4,-2249.4,-2994.4,-3430,-3097.7,-1815.5,0,1815.5,3097.7,3430,2994.4,2249.4,1464.4,716.66,0,-716.66,-1464.4,-2249.4,-2994.4,-3430,-3097.7,-1815.5,0,1815.5,3097.7,3430,2994.4,2249.4,1464.4,716.66,0,-590.63,-1198.7,-1821.8,-2397.5,-2733.6,-2501.8,-1507.7,0,1507.7,2501.8,2733.6,2397.5,1821.8,1198.7,590.63,0,-414.96,-832.06,-1240.2,-1593.2,-1778.6,-1617.9,-985.78,0,985.78,1617.9,1778.6,1593.2,1240.2,832.06,414.96,0,-263.98,-521.84,-759.81,-946.31,-1021.6,-904.08,-542.82,0,542.82,904.08,1021.6,946.31,759.81,521.84,263.98,0,-161.75,-315.47,-449.2,-542.96,-566.42,-485.3,-284.79,0,284.79,485.3,566.42,542.96,449.2,315.47,161.75,0,-99.704,-192.26,-268.71,-316.82,-321.21,-267.74,-153.98,0,153.98,267.74,321.21,316.82,268.71,192.26,99.704,0,-63.242,-120.86,-166.48,-192.56,-191.03,-155.96,-88.341,0,88.341,155.96,191.03,192.56,166.48,120.86,63.242,0,-41.632,-79.018,-107.65,-122.74,-119.83,-96.372,-53.994,0,53.994,96.372,119.83,122.74,107.65,79.018,41.632
0,-43.861,-83.37,-113.84,-130.2,-127.56,-102.93,-57.812,0,57.812,102.93,127.56,130.2,113.84,83.37,43.861,0,-66.48,-127.27,-175.82,-204.15,-203.45,-166.84,-94.809,0,94.809,166.84,203.45,204.15,175.82,127.27,66.48,0,-104.5,-201.94,-283.25,-335.62,-342.28,-287,-165.79,0,165.79,287,342.28,335.62,283.25,201.94,104.5,0,-168.89,-330.25,-472.36,-574.57,-604.04,-521.64,-307.97,0,307.97,521.64,604.04,574.57,472.36,330.25,168.89,0,-274.41,-544.17,-796.68,-1000.2,-1090.6,-975.08,-590.01,0,590.01,975.08,1090.6,1000.2,796.68,544.17,274.41,0,-429.42,-864.28,-1296.8,-1682.4,-1901.7,-1751.2,-1075.8,0,1075.8,1751.2,1901.7,1682.4,1296.8,864.28,429.42,0,-609.07,-1241.5,-1901.8,-2532.5,-2929.9,-2714.8,-1644.2,0,1644.2,2714.8,2929.9,2532.5,1901.8,1241.5,609.07,0,-737.75,-1514.7,-2347.1,-3166.2,-3684.2,-3362.9,-1970.4,0,1970.4,3362.9,3684.2,3166.2,2347.1,1514.7,737.75,0,-737.75,-1514.7,-2347.1,-3166.2,-3684.2,-3362.9,-1970.4,0,1970.4,3362.9,3684.2,3166.2,2347.1,1514.7,737.75,0,-609.07,-1241.5,-1901.8,-2532.5,-2929.9,-2714.8,-1644.2,0,1644.2,2714.8,2929.9,2532.5,1901.8,1241.5,609.07,0,-429.42,-864.28,-1296.8,-1682.4,-1901.7,-1751.2,-1075.8,0,1075.8,1751.2,1901.7,1682.4,1296.8,864.28,429.42,0,-274.41,-544.17,-796.68,-1000.2,-1090.6,-975.08,-590.01,0,590.01,975.08,1090.6,1000.2,796.68,544.17,274.41,0,-168.89,-330.25,-472.36,-574.57,-604.04,-521.64,-307.97,0,307.97,521.64,604.04,574.57,472.36,330.25,168.89,0,-104.5,-201.94,-283.25,-335.62,-342.28,-287,-165.79,0,165.79,287,342.28,335.62,283.25,201.94,104.5,0,-66.48,-127.27,-175.82,-204.15,-203.45,-166.84,-94.809,0,94.809,166.84,203.45,204.15,175.82,127.27,66.48,0,-43.861,-83.37,-113.84,-130.2,-127.56,-102.93,-57.812,0,57.812,102.93,127.56,130.2,113.84,83.37,43.861
0,-46.05,-87.654,-119.97,-137.63,-135.31,-109.56,-61.683,0,61.683,109.56,135.31,137.63,119.97,87.654,46.05,0,-69.641,-133.55,-185.02,-215.67,-215.9,-177.83,-101.4,0,101.4,177.83,215.9,215.67,185.02,133.55,69.641,0,-109.15,-211.36,-297.51,-354.25,-363.42,-306.54,-177.88,0,177.88,306.54,363.42,354.25,297.51,211.36,109.15,0,-175.75,-344.52,-494.91,-605.77,-641.77,-558.66,-331.88,0,331.88,558.66,641.77,605.77,494.91,344.52,175.75,0,-284.28,-565.46,-832.28,-1053.1,-1159.8,-1047.8,-639.08,0,639.08,1047.8,1159.8,1053.1,832.28,565.46,284.28,0,-442.89,-894.58,-1351,-1769.9,-2025.7,-1888.7,-1169.8,0,1169.8,1888.7,2025.7,1769.9,1351,894.58,442.89,0,-625.96,-1281.2,-1977.7,-2664.7,-3128.8,-2935.7,-1786.1,0,1786.1,2935.7,3128.8,2664.7,1977.7,1281.2,625.96,0,-756.87,-1561.1,-2439.6,-3334.7,-3943.5,-3638.7,-2129.2,0,2129.2,3638.7,3943.5,3334.7,2439.6,1561.1,756.87,0,-756.87,-1561.1,-2439.6,-3334.7,-3943.5,-3638.7,-2129.2,0,2129.2,3638.7,3943.5,3334.7,2439.6,1561.1,756.87,0,-625.96,-1281.2,-1977.7,-2664.7,-3128.8,-2935.7,-1786.1,0,1786.1,2935.7,3128.8,2664.7,1977.7,1281.2,625.96,0,-442.89,-894.58,-1351,-1769.9,-2025.7,-1888.7,-1169.8,0,1169.8,1888.7,2025.7,1769.9,1351,894.58,442.89,0,-284.28,-565.46,-832.28,-1053.1,-1159.8,-1047.8,-639.08,0,639.08,1047.8,1159.8,1053.1,832.28,565.46,284.28,0,-175.75,-344.52,-494.91,-605.77,-641.77,-558.66,-331.88,0,331.88,558.66,641.77,605.77,494.91,344.52,175.75,0,-109.15,-211.36,-297.51,-354.25,-363.42,-306.54,-177.88,0,177.88,306.54,363.42,354.25,297.51,211.36,109.15,0,-69.641,-133.55,-185.02,-215.67,-215.9,-177.83,-101.4,0,101.4,177.83,215.9,215.67,185.02,133.55,69.641,0,-46.05,-87.654,-119.97,-137.63,-135.31,-109.56,-61.683,0,61.683,109.56,135.31,137.63,119.97,87.654,46.05
0,-48.198,-91.869,-126.03,-145.02,-143.08,-116.24,-65.609,0,65.609,116.24,143.08,145.02,126.03,91.869,48.198,0,-72.727,-139.7,-194.09,-227.11,-228.37,-188.95,-108.1,0,108.1,188.95,228.37,227.11,194.09,139.7,72.727,0,-113.65,-220.52,-311.49,-372.7,-384.6,-326.36,-190.27,0,190.27,326.36,384.6,372.7,311.49,220.52,113.65,0,-182.32,-358.27,-516.86,-636.53,-679.59,-596.38,-356.54,0,356.54,596.38,679.59,636.53,516.86,358.27,182.32,0,-293.63,-585.74,-866.62,-1105.1,-1229.3,-1122.4,-690.08,0,690.08,1122.4,1229.3,1105.1,866.62,585.74,293.63,0,-455.41,-923.03,-1402.7,-1855.3,-2150.4,-2030.5,-1268,0,1268,2030.5,2150.4,1855.3,1402.7,923.03,455.41,0,-641.4,-1318,-2049.6,-2793.8,-3330.1,-3165,-1933.4,0,1933.4,3165,3330.1,2793.8,2049.6,1318,641.4,0,-774.13,-1603.6,-2526.8,-3499.6,-4207.7,-3925.8,-2291.3,0,2291.3,3925.8,4207.7,3499.6,2526.8,1603.6,774.13,0,-774.13,-1603.6,-2526.8,-3499.6,-4207.7,-3925.8,-2291.3,0,2291.3,3925.8,4207.7,3499.6,2526.8,1603.6,774.13,0,-641.4,-1318,-2049.6,-2793.8,-3330.1,-3165,-1933.4,0,1933.4,3165,3330.1,2793.8,2049.6,1318,641.4,0,-455.41,-923.03,-1402.7,-1855.3,-2150.4,-2030.5,-1268,0,1268,2030.5,2150.4,1855.3,1402.7,923.03,455.41,0,-293.63,-585.74,-866.62,-1105.1,-1229.3,-1122.4,-690.08,0,690.08,1122.4,1229.3,1105.1,866.62,585.74,293.63,0,-182.32,-358.27,-516.86,-636.53,-679.59,-596.38,-356.54,0,356.54,596.38,679.59,636.53,516.86,358.27,182.32,0,-113.65,-220.52,-311.49,-372.7,-384.6,-326.36,-190.27,0,190.27,326.36,384.6,372.7,311.49,220.52,113.65,0,-72.727,-139.7,-194.09,-227.11,-228.37,-188.95,-108.1,0,108.1,188.95,228.37,227.11,194.09,139.7,72.727,0,-48.198,-91.869,-126.03,-145.02,-143.08,-116.24,-65.609,0,65.609,116.24,143.08,145.02,126.03,91.869,48.198
0,-50.306,-96.018,-132.01,-152.37,-150.86,-122.97,-69.588,0,69.588,122.97,150.86,152.37,132.01,96.018,50.306,0,-75.738,-145.73,-203.01,-238.45,-240.87,-200.19,-114.93,0,114.93,200.19,240.87,238.45,203.01,145.73,75.738,0,-118.01,-229.44,-325.18,-390.95,-405.81,-346.46,-202.94,0,202.94,346.46,405.81,390.95,325.18,229.44,118.01,0,-188.61,-371.53,-538.21,-666.85,-717.46,-634.78,-381.95,0,381.95,634.78,717.46,666.85,538.21,371.53,188.61,0,-302.45,-605.05,-899.7,-1156,-1298.8,-1198.6,-743.06,0,743.06,1198.6,1298.8,1156,899.7,605.05,302.45,0,-467.03,-949.69,-1452,-1938.7,-2275.6,-2176.6,-1370.6,0,1370.6,2176.6,2275.6,1938.7,1452,949.69,467.03,0,-655.45,-1352,-2117.4,-2919.7,-3533.6,-3403,-2086.1,0,2086.1,3403,3533.6,2919.7,2117.4,1352,655.45,0,-789.65,-1642.5,-2608.7,-3660.6,-4476.9,-4225,-2456.2,0,2456.2,4225,4476.9,3660.6,2608.7,1642.5,789.65,0,-789.65,-1642.5,-2608.7,-3660.6,-4476.9,-4225,-2456.2,0,2456.2,4225,4476.9,3660.6,2608.7,1642.5,789.65,0,-655.45,-1352,-2117.4,-2919.7,-3533.6,-3403,-2086.1,0,2086.1,3403,3533.6,2919.7,2117.4,1352,655.45,0,-467.03,-949.69,-1452,-1938.7,-2275.6,-2176.6,-1370.6,0,1370.6,2176.6,2275.6,1938.7,1452,949.69,467.03,0,-302.45,-605.05,-899.7,-1156,-1298.8,-1198.6,-743.06,0,743.06,1198.6,1298.8,1156,899.7,605.05,302.45,0,-188.61,-371.53,-538.21,-666.85,-717.46,-634.78,-381.95,0,381.95,634.78,717.46,666.85,538.21,371.53,188.61,0,-118.01,-229.44,-325.18,-390.95,-405.81,-346.46,-202.94,0,202.94,346.46,405.81,390.95,325.18,229.44,118.01,0,-75.738,-145.73,-203.01,-238.45,-240.87,-200.19,-114.93,0,114.93,200.19,240.87,238.45,203.01,145.73,75.738,0,-50.306,-96.018,-132.01,-152.37,-150.86,-122.97,-69.588,0,69.588,122.97,150.86,152.37,132.01,96.018,50.306
0,-52.374,-100.1,-137.93,-159.67,-158.64,-129.77,-73.622,0,73.622,129.77,158.64,159.67,137.93,100.1,52.374,0,-78.677,-151.62,-211.8,-249.71,-253.38,-211.56,-121.87,0,121.87,211.56,253.38,249.71,211.8,151.62,78.677,0,-122.23,-238.1,-338.58,-408.99,-427.05,-366.83,-215.91,0,215.91,366.83,427.05,408.99,338.58,238.1,122.23,0,-194.65,-384.29,-558.95,-696.7,-755.36,-673.86,-408.14,0,408.14,673.86,755.36,696.7,558.95,384.29,194.65,0,-310.79,-623.4,-931.52,-1205.9,-1368.5,-1276.7,-798.09,0,798.09,1276.7,1368.5,1205.9,931.52,623.4,310.79,0,-477.8,-974.63,-1498.8,-2020,-2401.3,-2327.2,-1477.6,0,1477.6,2327.2,2401.3,2020,1498.8,974.63,477.8,0,-668.21,-1383.2,-2181.3,-3042,-3739.2,-3650.2,-2244.1,0,2244.1,3650.2,3739.2,3042,2181.3,1383.2,668.21,0,-803.54,-1677.9,-2685.5,-3817.2,-4750.9,-4537,-2623.4,0,2623.4,4537,4750.9,3817.2,2685.5,1677.9,803.54,0,-803.54,-1677.9,-2685.5,-3817.2,-4750.9,-4537,-2623.4,0,2623.4,4537,4750.9,3817.2,2685.5,1677.9,803.54,0,-668.21,-1383.2,-2181.3,-3042,-3739.2,-3650.2,-2244.1,0,2244.1,3650.2,3739.2,3042,2181.3,1383.2,668.21,0,-477.8,-974.63,-1498.8,-2020,-2401.3,-2327.2,-1477.6,0,1477.6,2327.2,2401.3,2020,1498.8,974.63,477.8,0,-310.79,-623.4,-931.52,-1205.9,-1368.5,-1276.7,-798.09,0,798.09,1276.7,1368.5,1205.9,931.52,623.4,310.79,0,-194.65,-384.29,-558.95,-696.7,-755.36,-673.86,-408.14,0,408.14,673.86,755.36,696.7,558.95,384.29,194.65,0,-122.23,-238.1,-338.58,-408.99,-427.05,-366.83,-215.91,0,215.91,366.83,427.05,408.99,338.58,238.1,122.23,0,-78.677,-151.62,-211.8,-249.71,-253.38,-211.56,-121.87,0,121.87,211.56,253.38,249.71,211.8,151.62,78.677,0,-52.374,-100.1,-137.93,-159.67,-158.64,-129.77,-73.622,0,73.622,129.77,158.64,159.67,137.93,100.1,52.374
0,-54.402,-104.11,-143.77,-166.94,-166.44,-136.62,-77.71,0,77.71,136.62,166.44,166.94,143.77,104.11,54.402,0,-81.543,-157.4,-220.45,-260.87,-265.91,-223.03,-128.94,0,128.94,223.03,265.91,260.87,220.45,157.4,81.543,0,-126.32,-246.53,-351.7,-426.83,-448.3,-387.47,-229.17,0,229.17,387.47,448.3,426.83,351.7,246.53,126.32,0,-200.43,-396.58,-579.09,-726.06,-793.27,-713.61,-435.12,0,435.12,713.61,793.27,726.06,579.09,396.58,200.43,0,-318.65,-640.82,-962.09,-1254.7,-1438.1,-1356.4,-855.23,0,855.23,1356.4,1438.1,1254.7,962.09,640.82,318.65,0,-487.75,-997.91,-1543.3,-2099,-2527.2,-2482.2,-1589.1,0,1589.1,2482.2,2527.2,2099,1543.3,997.91,487.75,0,-679.74,-1411.9,-2241.3,-3160.6,-3946.7,-3906.9,-2407.4,0,2407.4,3906.9,3946.7,3160.6,2241.3,1411.9,679.74,0,-815.88,-1710,-2757,-3969.2,-5029.8,-4862.9,-2791.9,0,2791.9,4862.9,5029.8,3969.2,2757,1710,815.88,0,-815.88,-1710,-2757,-3969.2,-5029.8,-4862.9,-2791.9,0,2791.9,4862.9,5029.8,3969.2,2757,1710,815.88,0,-679.74,-1411.9,-2241.3,-3160.6,-3946.7,-3906.9,-2407.4,0,2407.4,3906.9,3946.7,3160.6,2241.3,1411.9,679.74,0,-487.75,-997.91,-1543.3,-2099,-2527.2,-2482.2,-1589.1,0,1589.1,2482.2,2527.2,2099,1543.3,997.91,487.75,0,-318.65,-640.82,-962.09,-1254.7,-1438.1,-1356.4,-855.23,0,855.23,1356.4,1438.1,1254.7,962.09,640.82,318.65,0,-200.43,-396.58,-579.09,-726.06,-793.27,-713.61,-435.12,0,435.12,713.61,793.27,726.06,579.09,396.58,200.43,0,-126.32,-246.53,-351.7,-426.83,-448.3,-387.47,-229.17,0,229.17,387.47,448.3,426.83,351.7,246.53,126.32,0,-81.543,-157.4,-220.45,-260.87,-265.91,-223.03,-128.94,0,128.94,223.03,265.91,260.87,220.45,157.4,81.543,0,-54.402,-104.11,-143.77,-166.94,-166.44,-136.62,-77.71,0,77.71,136.62,166.44,166.94,143.77,104.11,54.402
0,-56.392,-108.06,-149.54,-174.15,-174.24,-143.52,-81.853,0,81.853,143.52,174.24,174.15,149.54,108.06,56.392,0,-84.34,-163.04,-228.95,-271.94,-278.44,-234.62,-136.13,0,136.13,234.62,278.44,271.94,228.95,163.04,84.34,0,-130.28,-254.71,-364.53,-444.45,-469.55,-408.38,-242.74,0,242.74,408.38,469.55,444.45,364.53,254.71,130.28,0,-205.96,-408.39,-598.63,-754.92,-831.14,-754.01,-462.9,0,462.9,754.01,831.14,754.92,598.63,408.39,205.96,0,-326.06,-657.35,-991.44,-1302.3,-1507.6,-1438,-914.54,0,914.54,1438,1507.6,1302.3,991.44,657.35,326.06,0,-496.93,-1019.6,-1585.4,-2175.6,-2653.1,-2641.8,-1705.4,0,1705.4,2641.8,2653.1,2175.6,1585.4,1019.6,496.93,0,-690.11,-1438.1,-2297.3,-3275.3,-4155.8,-4173.8,-2575.9,0,2575.9,4173.8,4155.8,3275.3,2297.3,1438.1,690.11,0,-826.78,-1738.9,-2823.4,-4116.2,-5313.2,-5203.6,-2961.1,0,2961.1,5203.6,5313.2,4116.2,2823.4,1738.9,826.78,0,-826.78,-1738.9,-2823.4,-4116.2,-5313.2,-5203.6,-2961.1,0,2961.1,5203.6,5313.2,4116.2,2823.4,1738.9,826.78,0,-690.11,-1438.1,-2297.3,-3275.3,-4155.8,-4173.8,-2575.9,0,2575.9,4173.8,4155.8,3275.3,2297.3,1438.1,690.11,0,-496.93,-1019.6,-1585.4,-2175.6,-2653.1,-2641.8,-1705.4,0,1705.4,2641.8,2653.1,2175.6,1585.4,1019.6,496.93,0,-326.06,-657.35,-991.44,-1302.3,-1507.6,-1438,-914.54,0,914.54,1438,1507.6,1302.3,991.44,657.35,326.06,0,-205.96,-408.39,-598.63,-754.92,-831.14,-754.01,-462.9,0,462.9,754.01,831.14,754.92,598.63,408.39,205.96,0,-130.28,-254.71,-364.53,-444.45,-469.55,-408.38,-242.74,0,242.74,408.38,469.55,444.45,364.53,254.71,130.28,0,-84.34,-163.04,-228.95,-271.94,-278.44,-234.62,-136.13,0,136.13,234.62,278.44,271.94,228.95,163.04,84.34,0,-56.392,-108.06,-149.54,-174.15,-174.24,-143.52,-81.853,0,81.853,143.52,174.24,174.15,149.54,108.06,56.392
0,-58.344,-111.94,-155.24,-181.32,-182.05,-150.47,-86.05,0,86.05,150.47,182.05,181.32,155.24,111.94,58.344,0,-87.067,-168.57,-237.32,-282.9,-290.97,-246.33,-143.44,0,143.44,246.33,290.97,282.9,237.32,168.57,87.067,0,-134.11,-262.66,-377.07,-461.84,-490.79,-429.54,-256.62,0,256.62,429.54,490.79,461.84,377.07,262.66,134.11,0,-211.25,-419.75,-617.58,-783.26,-868.95,-795.07,-491.52,0,491.52,795.07,868.95,783.26,617.58,419.75,211.25,0,-333.03,-673,-1019.6,-1348.7,-1577,-1521.2,-976.08,0,976.08,1521.2,1577,1348.7,1019.6,673,333.03,0,-505.38,-1039.7,-1625.2,-2249.9,-2779,-2806,-1826.5,0,1826.5,2806,2779,2249.9,1625.2,1039.7,505.38,0,-699.4,-1461.9,-2349.5,-3385.9,-4366.2,-4451.4,-2749.4,0,2749.4,4451.4,4366.2,3385.9,2349.5,1461.9,699.4,0,-836.33,-1764.8,-2884.8,-4257.8,-5601.1,-5560.4,-3129.9,0,3129.9,5560.4,5601.1,4257.8,2884.8,1764.8,836.33,0,-836.33,-1764.8,-2884.8,-4257.8,-5601.1,-5560.4,-3129.9,0,3129.9,5560.4,5601.1,4257.8,2884.8,1764.8,836.33,0,-699.4,-1461.9,-2349.5,-3385.9,-4366.2,-4451.4,-2749.4,0,2749.4,4451.4,4366.2,3385.9,2349.5,1461.9,699.4,0,-505.38,-1039.7,-1625.2,-2249.9,-2779,-2806,-1826.5,0,1826.5,2806,2779,2249.9,1625.2,1039.7,505.38,0,-333.03,-673,-1019.6,-1348.7,-1577,-1521.2,-976.08,0,976.08,1521.2,1577,1348.7,1019.6,673,333.03,0,-211.25,-419.75,-617.58,-783.26,-868.95,-795.07,-491.52,0,491.52,795.07,868.95,783.26,617.58,419.75,211.25,0,-134.11,-262.66,-377.07,-461.84,-490.79,-429.54,-256.62,0,256.62,429.54,490.79,461.84,377.07,262.66,134.11,0,-87.067,-168.57,-237.32,-282.9,-290.97,-246.33,-143.44,0,143.44,246.33,290.97,282.9,237.32,168.57,87.067,0,-58.344,-111.94,-155.24,-181.32,-182.05,-150.47,-86.05,0,86.05,150.47,182.05,181.32,155.24,111.94,58.344
0,-60.258,-115.75,-160.87,-188.43,-189.85,-157.48,-90.302,0,90.302,157.48,189.85,188.43,160.87,115.75,60.258,0,-89.726,-173.97,-245.54,-293.76,-303.49,-258.14,-150.88,0,150.88,258.14,303.49,293.76,245.54,173.97,89.726,0,-137.81,-270.38,-389.32,-479,-512,-450.96,-270.8,0,270.8,450.96,512,479,389.32,270.38,137.81,0,-216.31,-430.66,-635.93,-811.06,-906.68,-836.76,-520.98,0,520.98,836.76,906.68,811.06,635.93,430.66,216.31,0,-339.59,-687.82,-1046.5,-1394,-1646.1,-1606.1,-1039.9,0,1039.9,1606.1,1646.1,1394,1046.5,687.82,339.59,0,-513.14,-1058.4,-1662.7,-2321.6,-2904.7,-2975,-1952.6,0,1952.6,2975,2904.7,2321.6,1662.7,1058.4,513.14,0,-707.66,-1483.4,-2398,-3492.1,-4577.7,-4740.3,-2927.7,0,2927.7,4740.3,4577.7,3492.1,2398,1483.4,707.66,0,-844.61,-1787.8,-2941.1,-4393.7,-5893.1,-5934.9,-3297.2,0,3297.2,5934.9,5893.1,4393.7,2941.1,1787.8,844.61,0,-844.61,-1787.8,-2941.1,-4393.7,-5893.1,-5934.9,-3297.2,0,3297.2,5934.9,5893.1,4393.7,2941.1,1787.8,844.61,0,-707.66,-1483.4,-2398,-3492.1,-4577.7,-4740.3,-2927.7,0,2927.7,4740.3,4577.7,3492.1,2398,1483.4,707.66,0,-513.14,-1058.4,-1662.7,-2321.6,-2904.7,-2975,-1952.6,0,1952.6,2975,2904.7,2321.6,1662.7,1058.4,513.14,0,-339.59,-687.82,-1046.5,-1394,-1646.1,-1606.1,-1039.9,0,1039.9,1606.1,1646.1,1394,1046.5,687.82,339.59,0,-216.31,-430.66,-635.93,-811.06,-906.68,-836.76,-520.98,0,520.98,836.76,906.68,811.06,635.93,430.66,216.31,0,-137.81,-270.38,-389.32,-479,-512,-450.96,-270.8,0,270.8,450.96,512,479,389.32,270.38,137.81,0,-89.726,-173.97,-245.54,-293.76,-303.49,-258.14,-150.88,0,150.88,258.14,303.49,293.76,245.54,173.97,89.726,0,-60.258,-115.75,-160.87,-188.43,-189.85,-157.48,-90.302,0,90.302,157.48,189.85,188.43,160.87,115.75,60.258
0,-62.134,-119.5,-166.42,-195.5,-197.66,-164.54,-94.61,0,94.61,164.54,197.66,195.5,166.42,119.5,62.134,0,-92.318,-179.25,-253.62,-304.51,-316.01,-270.07,-158.44,0,158.44,270.07,316.01,304.51,253.62,179.25,92.318,0,-141.39,-277.86,-401.29,-495.92,-533.18,-472.63,-285.3,0,285.3,472.63,533.18,495.92,401.29,277.86,141.39,0,-221.14,-441.13,-653.68,-838.31,-944.28,-879.07,-551.29,0,551.29,879.07,944.28,838.31,653.68,441.13,221.14,0,-345.75,-701.82,-1072.2,-1438,-1714.9,-1692.8,-1106.1,0,1106.1,1692.8,1714.9,1438,1072.2,701.82,345.75,0,-520.23,-1075.7,-1698,-2390.7,-3029.8,-3148.8,-2083.8,0,2083.8,3148.8,3029.8,2390.7,1698,1075.7,520.23,0,-714.97,-1502.7,-2442.7,-3593.8,-4789.9,-5041.2,-3110.6,0,3110.6,5041.2,4789.9,3593.8,2442.7,1502.7,714.97,0,-851.72,-1808,-2992.5,-4523.5,-6188.8,-6328.5,-3461.6,0,3461.6,6328.5,6188.8,4523.5,2992.5,1808,851.72,0,-851.72,-1808,-2992.5,-4523.5,-6188.8,-6328.5,-3461.6,0,3461.6,6328.5,6188.8,4523.5,2992.5,1808,851.72,0,-714.97,-1502.7,-2442.7,-3593.8,-4789.9,-5041.2,-3110.6,0,3110.6,5041.2,4789.9,3593.8,2442.7,1502.7,714.97,0,-520.23,-1075.7,-1698,-2390.7,-3029.8,-3148.8,-2083.8,0,2083.8,3148.8,3029.8,2390.7,1698,1075.7,520.23,0,-345.75,-701.82,-1072.2,-1438,-1714.9,-1692.8,-1106.1,0,1106.1,1692.8,1714.9,1438,1072.2,701.82,345.75,0,-221.14,-441.13,-653.68,-838.31,-944.28,-879.07,-551.29,0,551.29,879.07,944.28,838.31,653.68,441.13,221.14,0,-141.39,-277.86,-401.29,-495.92,-533.18,-472.63,-285.3,0,285.3,472.63,533.18,495.92,401.29,277.86,141.39,0,-92.318,-179.25,-253.62,-304.51,-316.01,-270.07,-158.44,0,158.44,270.07,316.01,304.51,253.62,179.25,92.318,0,-62.134,-119.5,-166.42,-195.5,-197.66,-164.54,-94.61,0,94.61,164.54,197.66,195.5,166.42,119.5,62.134
0,-63.973,-123.19,-171.9,-202.51,-205.46,-171.65,-98.972,0,98.972,171.65,205.46,202.51,171.9,123.19,63.973,0,-94.844,-184.41,-261.55,-315.15,-328.52,-282.1,-166.13,0,166.13,282.1,328.52,315.15,261.55,184.41,94.844,0,-144.85,-285.12,-412.97,-512.58,-554.3,-494.54,-300.12,0,300.12,494.54,554.3,512.58,412.97,285.12,144.85,0,-225.76,-451.17,-670.86,-864.99,-981.73,-921.99,-582.48,0,582.48,921.99,981.73,864.99,670.86,451.17,225.76,0,-351.52,-715.02,-1096.7,-1480.7,-1783.3,-1781.1,-1174.7,0,1174.7,1781.1,1783.3,1480.7,1096.7,715.02,351.52,0,-526.7,-1091.6,-1731,-2457.2,-3154.4,-3327.5,-2220.3,0,2220.3,3327.5,3154.4,2457.2,1731,1091.6,526.7,0,-721.37,-1520,-2483.8,-3690.9,-5002.4,-5354.9,-3297.7,0,3297.7,5354.9,5002.4,3690.9,2483.8,1520,721.37,0,-857.72,-1825.7,-3039.1,-4646.9,-6487.8,-6743.1,-3621.8,0,3621.8,6743.1,6487.8,4646.9,3039.1,1825.7,857.72,0,-857.72,-1825.7,-3039.1,-4646.9,-6487.8,-6743.1,-3621.8,0,3621.8,6743.1,6487.8,4646.9,3039.1,1825.7,857.72,0,-721.37,-1520,-2483.8,-3690.9,-5002.4,-5354.9,-3297.7,0,3297.7,5354.9,5002.4,3690.9,2483.8,1520,721.37,0,-526.7,-1091.6,-1731,-2457.2,-3154.4,-3327.5,-2220.3,0,2220.3,3327.5,3154.4,2457.2,1731,1091.6,526.7,0,-351.52,-715.02,-1096.7,-1480.7,-1783.3,-1781.1,-1174.7,0,1174.7,1781.1,1783.3,1480.7,1096.7,715.02,351.52,0,-225.76,-451.17,-670.86,-864.99,-981.73,-921.99,-582.48,0,582.48,921.99,981.73,864.99,670.86,451.17,225.76,0,-144.85,-285.12,-412.97,-512.58,-554.3,-494.54,-300.12,0,300.12,494.54,554.3,512.58,412.97,285.12,144.85,0,-94.844,-184.41,-261.55,-315.15,-328.52,-282.1,-166.13,0,166.13,282.1,328.52,315.15,261.55,184.41,94.844,0,-63.973,-123.19,-171.9,-202.51,-205.46,-171.65,-98.972,0,98.972,171.65,205.46,202.51,171.9,123.19,63.973
0,-65.776,-126.81,-177.3,-209.47,-213.26,-178.81,-103.39,0,103.39,178.81,213.26,209.47,177.3,126.81,65.776,0,-97.306,-189.45,-269.35,-325.67,-341,-294.23,-173.95,0,173.95,294.23,341,325.67,269.35,189.45,97.306,0,-148.19,-292.16,-424.36,-529,-575.37,-516.68,-315.26,0,315.26,516.68,575.37,529,424.36,292.16,148.19,0,-230.17,-460.8,-687.44,-891.09,-1019,-965.51,-614.57,0,614.57,965.51,1019,891.09,687.44,460.8,230.17,0,-356.93,-727.46,-1120.1,-1522.1,-1851.3,-1871.1,-1245.9,0,1245.9,1871.1,1851.3,1522.1,1120.1,727.46,356.93,0,-532.58,-1106.2,-1761.8,-2520.9,-3278,-3511.2,-2362.3,0,2362.3,3511.2,3278,2520.9,1761.8,1106.2,532.58,0,-726.92,-1535.4,-2521.4,-3783,-5214.7,-5682.2,-3488.8,0,3488.8,5682.2,5214.7,3783,2521.4,1535.4,726.92,0,-862.68,-1840.8,-3081,-4763.5,-6789.3,-7181,-3775.9,0,3775.9,7181,6789.3,4763.5,3081,1840.8,862.68,0,-862.68,-1840.8,-3081,-4763.5,-6789.3,-7181,-3775.9,0,3775.9,7181,6789.3,4763.5,3081,1840.8,862.68,0,-726.92,-1535.4,-2521.4,-3783,-5214.7,-5682.2,-3488.8,0,3488.8,5682.2,5214.7,3783,2521.4,1535.4,726.92,0,-532.58,-1106.2,-1761.8,-2520.9,-3278,-3511.2,-2362.3,0,2362.3,3511.2,3278,2520.9,1761.8,1106.2,532.58,0,-356.93,-727.46,-1120.1,-1522.1,-1851.3,-1871.1,-1245.9,0,1245.9,1871.1,1851.3,1522.1,1120.1,727.46,356.93,0,-230.17,-460.8,-687.44,-891.09,-1019,-965.51,-614.57,0,614.57,965.51,1019,891.09,687.44,460.8,230.17,0,-148.19,-292.16,-424.36,-529,-575.37,-516.68,-315.26,0,315.26,516.68,575.37,529,424.36,292.16,148.19,0,-97.306,-189.45,-269.35,-325.67,-341,-294.23,-173.95,0,173.95,294.23,341,325.67,269.35,189.45,97.306,0,-65.776,-126.81,-177.3,-209.47,-213.26,-178.81,-103.39,0,103.39,178.81,213.26,209.47,177.3,126.81,65.776
0,-67.542,-130.36,-182.63,-216.36,-221.05,-186.01,-107.86,0,107.86,186.01,221.05,216.36,182.63,130.36,67.542,0,-99.704,-194.38,-276.99,-336.07,-353.46,-306.45,-181.89,0,181.89,306.45,353.46,336.07,276.99,194.38,99.704,0,-151.42,-298.98,-435.47,-545.15,-596.37,-539.05,-330.72,0,330.72,539.05,596.37,545.15,435.47,298.98,151.42,0,-234.37,-470.02,-703.46,-916.6,-1056,-1009.6,-647.56,0,647.56,1009.6,1056,916.6,703.46,470.02,234.37,0,-361.98,-739.16,-1142.3,-1562.2,-1918.6,-1962.7,-1319.5,0,1319.5,1962.7,1918.6,1562.2,1142.3,739.16,361.98,0,-537.9,-1119.5,-1790.6,-2581.8,-3400.6,-3699.9,-2509.8,0,2509.8,3699.9,3400.6,2581.8,1790.6,1119.5,537.9,0,-731.68,-1548.8,-2555.5,-3870.1,-5426.4,-6024.2,-3683.4,0,3683.4,6024.2,5426.4,3870.1,2555.5,1548.8,731.68,0,-866.69,-1853.7,-3118.3,-4873.1,-7092.7,-7644.7,-3922,0,3922,7644.7,7092.7,4873.1,3118.3,1853.7,866.69,0,-866.69,-1853.7,-3118.3,-4873.1,-7092.7,-7644.7,-3922,0,3922,7644.7,7092.7,4873.1,3118.3,1853.7,866.69,0,-731.68,-1548.8,-2555.5,-3870.1,-5426.4,-6024.2,-3683.4,0,3683.4,6024.2,5426.4,3870.1,2555.5,1548.8,731.68,0,-537.9,-1119.5,-1790.6,-2581.8,-3400.6,-3699.9,-2509.8,0,2509.8,3699.9,3400.6,2581.8,1790.6,1119.5,537.9,0,-361.98,-739.16,-1142.3,-1562.2,-1918.6,-1962.7,-1319.5,0,1319.5,1962.7,1918.6,1562.2,1142.3,739.16,361.98,0,-234.37,-470.02,-703.46,-916.6,-1056,-1009.6,-647.56,0,647.56,1009.6,1056,916.6,703.46,470.02,234.37,0,-151.42,-298.98,-435.47,-545.15,-596.37,-539.05,-330.72,0,330.72,539.05,596.37,545.15,435.47,298.98,151.42,0,-99.704,-194.38,-276.99,-336.07,-353.46,-306.45,-181.89,0,181.89,306.45,353.46,336.07,276.99,194.38,99.704,0,-67.542,-130.36,-182.63,-216.36,-221.05,-186.01,-107.86,0,107.86,186.01,221.05,216.36,182.63,130.36,67.542
0,-69.274,-133.85,-187.88,-223.21,-228.83,-193.26,-112.39,0,112.39,193.26,228.83,223.21,187.88,133.85,69.274,0,-102.04,-199.19,-284.5,-346.35,-365.9,-318.78,-189.96,0,189.96,318.78,365.9,346.35,284.5,199.19,102.04,0,-154.54,-305.59,-446.29,-561.04,-617.27,-561.65,-346.51,0,346.51,561.65,617.27,561.04,446.29,305.59,154.54,0,-238.37,-478.84,-718.9,-941.51,-1092.8,-1054.2,-681.48,0,681.48,1054.2,1092.8,941.51,718.9,478.84,238.37,0,-366.7,-750.15,-1163.4,-1600.9,-1985.3,-2055.8,-1395.8,0,1395.8,2055.8,1985.3,1600.9,1163.4,750.15,366.7,0,-542.68,-1131.7,-1817.3,-2639.9,-3521.8,-3893.9,-2663,0,2663,3893.9,3521.8,2639.9,1817.3,1131.7,542.68,0,-735.69,-1560.5,-2586.2,-3952,-5636.8,-6381.9,-3880.9,0,3880.9,6381.9,5636.8,3952,2586.2,1560.5,735.69,0,-869.8,-1864.3,-3151.1,-4975.3,-7397,-8136.9,-4057.9,0,4057.9,8136.9,7397,4975.3,3151.1,1864.3,869.8,0,-869.8,-1864.3,-3151.1,-4975.3,-7397,-8136.9,-4057.9,0,4057.9,8136.9,7397,4975.3,3151.1,1864.3,869.8,0,-735.69,-1560.5,-2586.2,-3952,-5636.8,-6381.9,-3880.9,0,3880.9,6381.9,5636.8,3952,2586.2,1560.5,735.69,0,-542.68,-1131.7,-1817.3,-2639.9,-3521.8,-3893.9,-2663,0,2663,3893.9,3521.8,2639.9,1817.3,1131.7,542.68,0,-366.7,-750.15,-1163.4,-1600.9,-1985.3,-2055.8,-1395.8,0,1395.8,2055.8,1985.3,1600.9,1163.4,750.15,366.7,0,-238.37,-478.84,-718.9,-941.51,-1092.8,-1054.2,-681.48,0,681.48,1054.2,1092.8,941.51,718.9,478.84,238.37,0,-154.54,-305.59,-446.29,-561.04,-617.27,-561.65,-346.51,0,346.51,561.65,617.27,561.04,446.29,305.59,154.54,0,-102.04,-199.19,-284.5,-346.35,-365.9,-318.78,-189.96,0,189.96,318.78,365.9,346.35,284.5,199.19,102.04,0,-69.274,-133.85,-187.88,-223.21,-228.83,-193.26,-112.39,0,112.39,193.26,228.83,223.21,187.88,133.85,69.274
0,-70.969,-137.28,-193.06,-229.99,-236.6,-200.55,-116.97,0,116.97,200.55,236.6,229.99,193.06,137.28,70.969,0,-104.31,-203.88,-291.86,-356.51,-378.3,-331.2,-198.15,0,198.15,331.2,378.3,356.51,291.86,203.88,104.31,0,-157.55,-311.99,-456.83,-576.65,-638.09,-584.45,-362.64,0,362.64,584.45,638.09,576.65,456.83,311.99,157.55,0,-242.19,-487.27,-733.77,-965.81,-1129.4,-1099.4,-716.34,0,716.34,1099.4,1129.4,965.81,733.77,487.27,242.19,0,-371.09,-760.45,-1183.4,-1638.2,-2051.3,-2150.6,-1474.9,0,1474.9,2150.6,2051.3,1638.2,1183.4,760.45,371.09,0,-546.97,-1142.7,-1841.9,-2695.1,-3641.5,-4093,-2822,0,2822,4093,3641.5,2695.1,1841.9,1142.7,546.97,0,-739.01,-1570.6,-2613.6,-4028.6,-5845.4,-6756.4,-4080.7,0,4080.7,6756.4,5845.4,4028.6,2613.6,1570.6,739.01,0,-872.08,-1872.9,-3179.6,-5069.9,-7701.2,-8661.2,-4181.1,0,4181.1,8661.2,7701.2,5069.9,3179.6,1872.9,872.08,0,-872.08,-1872.9,-3179.6,-5069.9,-7701.2,-8661.2,-4181.1,0,4181.1,8661.2,7701.2,5069.9,3179.6,1872.9,872.08,0,-739.01,-1570.6,-2613.6,-4028.6,-5845.4,-6756.4,-4080.7,0,4080.7,6756.4,5845.4,4028.6,2613.6,1570.6,739.01,0,-546.97,-1142.7,-1841.9,-2695.1,-3641.5,-4093,-2822,0,2822,4093,3641.5,2695.1,1841.9,1142.7,546.97,0,-371.09,-760.45,-1183.4,-1638.2,-2051.3,-2150.6,-1474.9,0,1474.9,2150.6,2051.3,1638.2,1183.4,760.45,371.09,0,-242.19,-487.27,-733.77,-965.81,-1129.4,-1099.4,-716.34,0,716.34,1099.4,1129.4,965.81,733.77,487.27,242.19,0,-157.55,-311.99,-456.83,-576.65,-638.09,-584.45,-362.64,0,362.64,584.45,638.09,576.65,456.83,311.99,157.55,0,-104.31,-203.88,-291.86,-356.51,-378.3,-331.2,-198.15,0,198.15,331.2,378.3,356.51,291.86,203.88,104.31,0,-70.969,-137.28,-193.06,-229.99,-236.6,-200.55,-116.97,0,116.97,200.55,236.6,229.99,193.06,137.28,70.969
